Province,City,Price,Bedrooms,Bathrooms,Square Feet,Property Type
Ontario,toronto-on,2649000.0,5.0,4.0,3000.0,House
Ontario,toronto-on,2365000.0,6.0,5.0,5000.0,House
Ontario,toronto-on,799000.0,2.0,2.0,1399.0,Apt/Condo
Ontario,toronto-on,368000.0,1.0,1.0,699.0,Apt/Condo
Ontario,toronto-on,463800.0,1.0,1.0,499.0,Apt/Condo
Ontario,toronto-on,788000.0,3.0,2.0,899.0,Apt/Condo
Ontario,toronto-on,1749000.0,4.0,3.0,1500.0,House
Ontario,toronto-on,979000.0,3.0,3.0,1500.0,House
Ontario,toronto-on,529900.0,2.0,1.0,599.0,Apt/Condo
Ontario,toronto-on,649900.0,2.0,1.0,799.0,Townhouse
Ontario,toronto-on,1428000.0,6.0,4.0,2500.0,House
Ontario,toronto-on,400000.0,2.0,1.0,699.0,Apt/Condo
Ontario,toronto-on,590000.0,1.0,1.0,599.0,Apt/Condo
Ontario,toronto-on,699000.0,1.0,1.0,500.0,Apt/Condo
Ontario,toronto-on,1198000.0,5.0,4.0,2000.0,House
Ontario,toronto-on,5650000.0,5.0,6.0,5000.0,House
Ontario,toronto-on,999900.0,6.0,3.0,2500.0,House
Ontario,toronto-on,1099999.0,5.0,2.0,1100.0,House
Ontario,toronto-on,699000.0,2.0,1.0,699.0,Apt/Condo
Ontario,toronto-on,5498000.0,5.0,4.0,3000.0,House
Ontario,toronto-on,3950000.0,6.0,5.0,3000.0,House
Ontario,toronto-on,1428000.0,4.0,4.0,2000.0,
Ontario,toronto-on,1099999.0,3.0,2.0,700.0,
Ontario,toronto-on,988000.0,2.0,4.0,1200.0,
Ontario,toronto-on,988000.0,2.0,4.0,1399.0,Townhouse
Ontario,toronto-on,999900.0,6.0,3.0,2500.0,House
Ontario,toronto-on,3199000.0,5.0,5.0,3000.0,House
Ontario,toronto-on,3950000.0,6.0,5.0,3500.0,House
Ontario,toronto-on,469900.0,1.0,1.0,599.0,Apt/Condo
Ontario,toronto-on,2365000.0,6.0,5.0,5000.0,House
Ontario,toronto-on,499000.0,2.0,2.0,999.0,Apt/Condo
Ontario,toronto-on,6950000.0,10.0,8.0,,House
Ontario,toronto-on,999900.0,4.0,3.0,1199.0,Townhouse
Ontario,toronto-on,2949900.0,6.0,6.0,5000.0,House
Ontario,toronto-on,599900.0,3.0,2.0,1199.0,Apt/Condo
Ontario,toronto-on,1498888.0,5.0,2.0,2000.0,House
Ontario,toronto-on,649999.0,2.0,2.0,899.0,Apt/Condo
Ontario,toronto-on,1499900.0,6.0,4.0,2000.0,House
Ontario,toronto-on,1269900.0,5.0,2.0,1500.0,House
Ontario,toronto-on,519900.0,2.0,2.0,700.0,Apt/Condo
Ontario,toronto-on,439900.0,1.0,1.0,599.0,Apt/Condo
Ontario,toronto-on,675000.0,2.0,2.0,1000.0,Apt/Condo
Ontario,toronto-on,549000.0,1.0,1.0,699.0,Apt/Condo
Ontario,toronto-on,1038000.0,3.0,2.0,1400.0,Apt/Condo
Ontario,toronto-on,625000.0,2.0,2.0,799.0,Apt/Condo
Ontario,toronto-on,1428000.0,4.0,4.0,2000.0,
Ontario,toronto-on,1099999.0,3.0,2.0,700.0,
Ontario,toronto-on,988000.0,2.0,4.0,1200.0,
Ontario,toronto-on,1725000.0,5.0,5.0,2500.0,House
Ontario,toronto-on,999900.0,6.0,3.0,2500.0,House
Ontario,toronto-on,559000.0,2.0,1.0,600.0,Apt/Condo
Ontario,toronto-on,624900.0,3.0,2.0,1399.0,Apt/Condo
Ontario,toronto-on,615000.0,3.0,2.0,1200.0,Apt/Condo
Ontario,toronto-on,1699900.0,4.0,3.0,3000.0,House
Ontario,toronto-on,824900.0,4.0,1.0,1500.0,House
Ontario,toronto-on,1649000.0,8.0,5.0,2500.0,House
Ontario,toronto-on,449900.0,3.0,1.0,1199.0,Apt/Condo
Ontario,toronto-on,564900.0,2.0,2.0,799.0,Apt/Condo
Ontario,toronto-on,565000.0,2.0,1.0,999.0,Apt/Condo
Ontario,toronto-on,399000.0,1.0,1.0,499.0,Apt/Condo
Ontario,toronto-on,629000.0,2.0,2.0,799.0,Apt/Condo
Ontario,toronto-on,374000.0,0.0,1.0,499.0,Apt/Condo
Ontario,toronto-on,649900.0,3.0,2.0,1399.0,Apt/Condo
Ontario,toronto-on,399900.0,1.0,1.0,599.0,Apt/Condo
Ontario,toronto-on,499000.0,1.0,1.0,599.0,Apt/Condo
Ontario,toronto-on,1498000.0,4.0,2.0,1100.0,House
Ontario,toronto-on,665000.0,2.0,2.0,899.0,Townhouse
Ontario,toronto-on,1838000.0,3.0,3.0,1399.0,Apt/Condo
Ontario,toronto-on,479000.0,1.0,1.0,599.0,Apt/Condo
Ontario,toronto-on,1428000.0,4.0,4.0,2000.0,
Ontario,toronto-on,1099999.0,3.0,2.0,700.0,
Ontario,toronto-on,988000.0,2.0,4.0,1200.0,
Ontario,toronto-on,1799900.0,5.0,5.0,5000.0,House
Ontario,toronto-on,999900.0,6.0,3.0,2500.0,House
Ontario,toronto-on,1499900.0,4.0,1.0,2000.0,House
Ontario,toronto-on,2295000.0,4.0,3.0,1500.0,House
Ontario,toronto-on,379900.0,2.0,1.0,1199.0,Apt/Condo
Ontario,toronto-on,849900.0,3.0,2.0,999.0,Apt/Condo
Ontario,toronto-on,990000.0,3.0,2.0,1399.0,Apt/Condo
Ontario,toronto-on,449000.0,1.0,1.0,499.0,Apt/Condo
Ontario,toronto-on,548800.0,1.0,1.0,499.0,Apt/Condo
Ontario,toronto-on,2995000.0,6.0,4.0,2000.0,House
Ontario,toronto-on,850000.0,4.0,4.0,2000.0,House
Ontario,toronto-on,749900.0,3.0,2.0,1199.0,Apt/Condo
Ontario,toronto-on,1249990.0,3.0,3.0,1399.0,Townhouse
Ontario,toronto-on,999000.0,2.0,2.0,1199.0,Townhouse
Ontario,toronto-on,1249990.0,3.0,3.0,1399.0,Townhouse
Ontario,toronto-on,1249990.0,3.0,2.0,1399.0,Townhouse
Ontario,toronto-on,1245990.0,3.0,3.0,1399.0,Townhouse
Ontario,toronto-on,1245990.0,2.0,3.0,1399.0,Townhouse
Ontario,toronto-on,1249990.0,3.0,3.0,1399.0,Townhouse
Ontario,toronto-on,1249990.0,3.0,3.0,1399.0,Townhouse
Ontario,toronto-on,429999.0,2.0,1.0,699.0,Apt/Condo
Ontario,toronto-on,1428000.0,4.0,4.0,2000.0,
Ontario,toronto-on,1099999.0,3.0,2.0,700.0,
Ontario,toronto-on,988000.0,2.0,4.0,1200.0,
Ontario,toronto-on,360000.0,2.0,1.0,800.0,Apt/Condo
Ontario,toronto-on,2365000.0,6.0,5.0,5000.0,House
Ontario,toronto-on,447500.0,1.0,1.0,599.0,Apt/Condo
Ontario,toronto-on,950000.0,3.0,4.0,2000.0,Townhouse
Ontario,toronto-on,1390000.0,2.0,3.0,1400.0,Apt/Condo
Ontario,toronto-on,3000000.0,5.0,5.0,5000.0,House
Ontario,toronto-on,885000.0,2.0,0.0,820.0,Apt/Condo
Ontario,toronto-on,748000.0,2.0,1.0,799.0,Apt/Condo
Ontario,toronto-on,748000.0,2.0,1.0,799.0,Apt/Condo
Ontario,toronto-on,748000.0,1.0,1.0,720.0,Apt/Condo
Ontario,toronto-on,920000.0,7.0,3.0,700.0,House
Ontario,toronto-on,679000.0,2.0,2.0,600.0,Apt/Condo
Ontario,toronto-on,515000.0,1.0,1.0,500.0,Apt/Condo
Ontario,toronto-on,513800.0,2.0,1.0,500.0,Apt/Condo
Ontario,toronto-on,699999.0,2.0,1.0,900.0,Townhouse
Ontario,toronto-on,1349000.0,3.0,2.0,1100.0,House
Ontario,toronto-on,599000.0,2.0,1.0,600.0,Apt/Condo
Ontario,toronto-on,1199000.0,3.0,2.0,1500.0,House
Ontario,toronto-on,799000.0,5.0,2.0,1500.0,House
Ontario,toronto-on,899000.0,4.0,2.0,1500.0,Duplex
Ontario,toronto-on,3599000.0,5.0,4.0,3000.0,House
Ontario,toronto-on,1428000.0,4.0,4.0,2000.0,
Ontario,toronto-on,1099999.0,3.0,2.0,700.0,
Ontario,toronto-on,988000.0,2.0,4.0,1200.0,
Ontario,toronto-on,1049000.0,4.0,2.0,2000.0,House
Ontario,toronto-on,2949900.0,6.0,6.0,5000.0,House
Ontario,toronto-on,649900.0,3.0,2.0,1799.0,Apt/Condo
Ontario,toronto-on,1499000.0,5.0,3.0,2000.0,Duplex
Ontario,toronto-on,535000.0,2.0,1.0,600.0,Apt/Condo
Ontario,toronto-on,410000.0,1.0,1.0,600.0,Apt/Condo
Ontario,toronto-on,1349900.0,4.0,3.0,2000.0,House
Ontario,toronto-on,610000.0,2.0,2.0,600.0,Apt/Condo
Ontario,toronto-on,999000.0,2.0,3.0,900.0,Apt/Condo
Ontario,toronto-on,399900.0,1.0,1.0,599.0,Apt/Condo
Ontario,toronto-on,1829000.0,3.0,3.0,1500.0,House
Ontario,toronto-on,499500.0,1.0,1.0,599.0,Apt/Condo
Ontario,toronto-on,1749000.0,3.0,3.0,2999.0,Apt/Condo
Ontario,toronto-on,1050000.0,5.0,3.0,1100.0,House
Ontario,toronto-on,899000.0,4.0,2.0,1500.0,House
Ontario,toronto-on,599000.0,2.0,2.0,1000.0,Townhouse
Ontario,toronto-on,599000.0,2.0,2.0,1199.0,Apt/Condo
Ontario,toronto-on,899000.0,4.0,2.0,1500.0,House
Ontario,toronto-on,769000.0,4.0,3.0,1399.0,Townhouse
Ontario,toronto-on,469000.0,2.0,1.0,599.0,Apt/Condo
Ontario,toronto-on,769000.0,3.0,2.0,1399.0,Townhouse
Ontario,toronto-on,1428000.0,4.0,4.0,2000.0,
Ontario,toronto-on,1099999.0,3.0,2.0,700.0,
Ontario,toronto-on,988000.0,2.0,4.0,1200.0,
Ontario,toronto-on,449000.0,3.0,2.0,1199.0,Apt/Condo
Ontario,toronto-on,2365000.0,6.0,5.0,5000.0,House
Ontario,toronto-on,1099000.0,3.0,2.0,1100.0,House
Ontario,toronto-on,988000.0,5.0,2.0,1100.0,House
Ontario,toronto-on,580000.0,2.0,1.0,699.0,Apt/Condo
Ontario,toronto-on,1399999.0,4.0,2.0,1500.0,House
Ontario,toronto-on,969000.0,4.0,2.0,1500.0,House
Ontario,toronto-on,599000.0,1.0,1.0,699.0,Apt/Condo
Ontario,toronto-on,3688000.0,5.0,5.0,3000.0,House
Ontario,toronto-on,599999.0,2.0,2.0,799.0,Apt/Condo
Ontario,toronto-on,888000.0,5.0,2.0,1100.0,House
Ontario,toronto-on,1499900.0,4.0,2.0,1500.0,House
Ontario,toronto-on,1499000.0,4.0,2.0,1500.0,House
Ontario,toronto-on,699888.0,4.0,2.0,1100.0,Townhouse
Ontario,toronto-on,945000.0,2.0,2.0,999.0,Apt/Condo
Ontario,toronto-on,749000.0,2.0,2.0,1399.0,Apt/Condo
Ontario,toronto-on,509900.0,2.0,1.0,699.0,Apt/Condo
Ontario,toronto-on,850000.0,5.0,2.0,1100.0,House
Ontario,toronto-on,1699900.0,5.0,2.0,1500.0,House
Ontario,toronto-on,480000.0,2.0,1.0,699.0,Apt/Condo
Ontario,toronto-on,409900.0,2.0,2.0,599.0,Apt/Condo
Ontario,toronto-on,1428000.0,4.0,4.0,2000.0,
Ontario,toronto-on,1099999.0,3.0,2.0,700.0,
Ontario,toronto-on,988000.0,2.0,4.0,1200.0,
Ontario,toronto-on,2980000.0,6.0,6.0,3500.0,House
Ontario,toronto-on,999900.0,6.0,3.0,2500.0,House
Ontario,toronto-on,798800.0,3.0,3.0,1399.0,Townhouse
Ontario,toronto-on,585000.0,2.0,1.0,699.0,Townhouse
Ontario,toronto-on,633000.0,1.0,1.0,599.0,Apt/Condo
Ontario,toronto-on,1699000.0,5.0,4.0,2500.0,House
Ontario,toronto-on,399900.0,0.0,1.0,499.0,Apt/Condo
Ontario,toronto-on,899000.0,2.0,2.0,700.0,Apt/Condo
Ontario,toronto-on,1550000.0,4.0,3.0,1200.0,Apt/Condo
Ontario,toronto-on,1300000.0,3.0,2.0,1500.0,House
Ontario,toronto-on,1099999.0,3.0,2.0,900.0,Apt/Condo
Ontario,toronto-on,1820000.0,2.0,3.0,1200.0,Apt/Condo
Ontario,toronto-on,2199000.0,8.0,6.0,2000.0,House
Ontario,toronto-on,889000.0,4.0,2.0,1500.0,House
Ontario,toronto-on,999999.0,4.0,2.0,1100.0,House
Ontario,toronto-on,299999.0,0.0,1.0,499.0,Apt/Condo
Ontario,toronto-on,2125000.0,6.0,4.0,2500.0,House
Ontario,toronto-on,599900.0,2.0,2.0,1199.0,Apt/Condo
Ontario,toronto-on,608000.0,3.0,2.0,800.0,Apt/Condo
Ontario,toronto-on,1089000.0,4.0,2.0,1500.0,House
Ontario,toronto-on,929000.0,4.0,2.0,1100.0,House
Ontario,toronto-on,1428000.0,4.0,4.0,2000.0,
Ontario,toronto-on,1099999.0,3.0,2.0,700.0,
Ontario,toronto-on,988000.0,2.0,4.0,1200.0,
Ontario,toronto-on,975000.0,3.0,2.0,700.0,House
Ontario,toronto-on,2949900.0,6.0,6.0,5000.0,House
Ontario,toronto-on,749980.0,3.0,3.0,1599.0,Townhouse
Ontario,toronto-on,4295000.0,4.0,4.0,3500.0,House
Ontario,toronto-on,608000.0,3.0,2.0,800.0,Apt/Condo
Ontario,toronto-on,1089000.0,4.0,2.0,1500.0,House
Ontario,toronto-on,929000.0,4.0,2.0,1100.0,House
Ontario,toronto-on,1179000.0,5.0,2.0,1500.0,Townhouse
Ontario,toronto-on,989990.0,5.0,2.0,700.0,House
Ontario,toronto-on,2299000.0,4.0,3.0,2000.0,House
Ontario,toronto-on,1099000.0,4.0,2.0,2000.0,Townhouse
Ontario,toronto-on,999000.0,3.0,2.0,1100.0,Townhouse
Ontario,toronto-on,679000.0,2.0,2.0,700.0,Apt/Condo
Ontario,toronto-on,410000.0,1.0,1.0,699.0,Apt/Condo
Ontario,toronto-on,1259900.0,5.0,4.0,1500.0,House
Ontario,toronto-on,699000.0,2.0,2.0,899.0,Apt/Condo
Ontario,toronto-on,1248000.0,5.0,4.0,2500.0,House
Ontario,toronto-on,749900.0,4.0,2.0,1399.0,Townhouse
Ontario,toronto-on,499000.0,2.0,1.0,599.0,Apt/Condo
Ontario,toronto-on,1295000.0,3.0,2.0,1199.0,Apt/Condo
Ontario,toronto-on,2388000.0,4.0,3.0,1799.0,Apt/Condo
Ontario,toronto-on,1428000.0,4.0,4.0,2000.0,
Ontario,toronto-on,1099999.0,3.0,2.0,700.0,
Ontario,toronto-on,988000.0,2.0,4.0,1200.0,
Ontario,toronto-on,457500.0,1.0,1.0,699.0,Apt/Condo
Ontario,toronto-on,2949900.0,6.0,6.0,5000.0,House
Ontario,toronto-on,929000.0,2.0,1.0,,House
Ontario,toronto-on,649000.0,2.0,2.0,1199.0,Apt/Condo
Ontario,toronto-on,2698000.0,3.0,3.0,1999.0,Apt/Condo
Ontario,toronto-on,2699000.0,5.0,5.0,3500.0,House
Ontario,toronto-on,728000.0,2.0,2.0,900.0,Apt/Condo
Ontario,toronto-on,999000.0,2.0,2.0,700.0,Apt/Condo
Ontario,toronto-on,1249000.0,3.0,2.0,1100.0,House
Ontario,toronto-on,499000.0,4.0,2.0,1100.0,House
Ontario,toronto-on,1479000.0,4.0,3.0,2000.0,House
Ontario,toronto-on,1088000.0,6.0,4.0,2000.0,House
Ontario,toronto-on,699900.0,2.0,2.0,700.0,Apt/Condo
Ontario,toronto-on,829000.0,2.0,2.0,900.0,Apt/Condo
Ontario,toronto-on,639900.0,2.0,1.0,699.0,Apt/Condo
Ontario,toronto-on,699000.0,2.0,2.0,700.0,Apt/Condo
Ontario,toronto-on,1749990.0,5.0,5.0,2000.0,House
Ontario,toronto-on,610000.0,3.0,2.0,899.0,Apt/Condo
Ontario,toronto-on,579900.0,2.0,2.0,799.0,Apt/Condo
Ontario,toronto-on,999000.0,3.0,1.0,1100.0,House
Ontario,toronto-on,638000.0,2.0,1.0,600.0,Apt/Condo
Ontario,toronto-on,1428000.0,4.0,4.0,2000.0,
Ontario,toronto-on,1099999.0,3.0,2.0,700.0,
Ontario,toronto-on,988000.0,2.0,4.0,1200.0,
Ontario,toronto-on,459900.0,1.0,1.0,499.0,Apt/Condo
Ontario,toronto-on,2365000.0,6.0,5.0,5000.0,House
Ontario,toronto-on,548000.0,2.0,2.0,1199.0,Apt/Condo
Ontario,toronto-on,1269000.0,3.0,2.0,1500.0,House
Ontario,toronto-on,459000.0,1.0,1.0,499.0,Apt/Condo
Ontario,toronto-on,1369000.0,5.0,2.0,1500.0,House
Ontario,toronto-on,3399000.0,5.0,4.0,2500.0,House
Ontario,toronto-on,5880000.0,4.0,5.0,3500.0,House
Ontario,toronto-on,1650000.0,3.0,3.0,1999.0,Townhouse
Ontario,toronto-on,699900.0,4.0,3.0,1100.0,House
Ontario,toronto-on,999900.0,4.0,2.0,1500.0,House
Ontario,toronto-on,399000.0,2.0,2.0,999.0,Apt/Condo
Ontario,toronto-on,578888.0,2.0,2.0,1399.0,Apt/Condo
Ontario,toronto-on,568888.0,2.0,2.0,699.0,Apt/Condo
Ontario,toronto-on,1200000.0,4.0,2.0,1100.0,House
Ontario,toronto-on,2400000.0,5.0,2.0,2000.0,House
Ontario,toronto-on,998000.0,6.0,3.0,1500.0,House
Ontario,toronto-on,1158000.0,3.0,2.0,1199.0,Apt/Condo
Ontario,toronto-on,519900.0,2.0,1.0,799.0,Apt/Condo
Ontario,toronto-on,799000.0,3.0,2.0,1100.0,House
Ontario,toronto-on,515888.0,1.0,1.0,599.0,Apt/Condo
Ontario,toronto-on,1428000.0,4.0,4.0,2000.0,
Ontario,toronto-on,1099999.0,3.0,2.0,700.0,
Ontario,toronto-on,988000.0,2.0,4.0,1200.0,
Ontario,toronto-on,969900.0,4.0,2.0,1100.0,House
Ontario,toronto-on,2365000.0,6.0,5.0,5000.0,House
Ontario,toronto-on,4988000.0,2.0,3.0,2500.0,Apt/Condo
Ontario,toronto-on,1098600.0,2.0,2.0,1399.0,Townhouse
Ontario,toronto-on,1049000.0,4.0,1.0,1500.0,House
Ontario,toronto-on,1599900.0,6.0,4.0,2500.0,House
Ontario,toronto-on,1499000.0,4.0,2.0,1500.0,House
Ontario,toronto-on,669000.0,2.0,1.0,799.0,Apt/Condo
Ontario,toronto-on,849000.0,2.0,2.0,799.0,Apt/Condo
Ontario,toronto-on,3100.0,2.0,2.0,799.0,Apt/Condo
Ontario,toronto-on,735000.0,2.0,2.0,799.0,Apt/Condo
Ontario,toronto-on,774500.0,3.0,1.0,1100.0,House
Ontario,toronto-on,2089000.0,9.0,7.0,3500.0,House
Ontario,toronto-on,1879000.0,5.0,2.0,2000.0,House
Ontario,toronto-on,749000.0,1.0,1.0,599.0,Apt/Condo
Ontario,toronto-on,349000.0,2.0,2.0,899.0,Apt/Condo
Ontario,toronto-on,819000.0,3.0,2.0,1199.0,Apt/Condo
Ontario,toronto-on,135000.0,7.0,3.0,1500.0,House
Ontario,toronto-on,499999.0,2.0,1.0,600.0,Apt/Condo
Ontario,toronto-on,499900.0,2.0,1.0,600.0,Apt/Condo
Ontario,toronto-on,2750000.0,5.0,4.0,3000.0,House
Ontario,toronto-on,1428000.0,4.0,4.0,2000.0,
Ontario,toronto-on,1099999.0,3.0,2.0,700.0,
Ontario,toronto-on,988000.0,2.0,4.0,1200.0,
Ontario,toronto-on,608900.0,2.0,1.0,600.0,Apt/Condo
Ontario,toronto-on,2949900.0,6.0,6.0,5000.0,House
Ontario,toronto-on,899900.0,2.0,2.0,1199.0,Townhouse
Ontario,toronto-on,399800.0,1.0,1.0,499.0,Apt/Condo
Ontario,toronto-on,975000.0,3.0,2.0,899.0,Apt/Condo
Ontario,toronto-on,3295000.0,5.0,4.0,3500.0,House
Ontario,toronto-on,589000.0,3.0,1.0,699.0,Apt/Condo
Ontario,toronto-on,1149000.0,3.0,1.0,1500.0,House
Ontario,toronto-on,559000.0,3.0,2.0,1399.0,Apt/Condo
Ontario,toronto-on,1199000.0,4.0,3.0,700.0,Townhouse
Ontario,toronto-on,675000.0,2.0,2.0,700.0,House
Ontario,toronto-on,499900.0,1.0,1.0,,Apt/Condo
Ontario,toronto-on,723800.0,2.0,2.0,700.0,Apt/Condo
Ontario,toronto-on,699000.0,2.0,1.0,699.0,Apt/Condo
Ontario,toronto-on,599999.0,4.0,3.0,2000.0,Townhouse
Ontario,toronto-on,999900.0,4.0,3.0,1500.0,House
Ontario,toronto-on,999000.0,3.0,1.0,1500.0,House
Ontario,toronto-on,2799000.0,6.0,5.0,2000.0,House
Ontario,toronto-on,1498000.0,5.0,3.0,1500.0,House
Ontario,toronto-on,898898.0,4.0,2.0,2000.0,House
Ontario,toronto-on,469000.0,2.0,1.0,699.0,Apt/Condo
Ontario,toronto-on,1428000.0,4.0,4.0,2000.0,
Ontario,toronto-on,1099999.0,3.0,2.0,700.0,
Ontario,toronto-on,988000.0,2.0,4.0,1200.0,
Ontario,toronto-on,619900.0,3.0,2.0,900.0,Apt/Condo
Ontario,toronto-on,2949900.0,6.0,6.0,5000.0,House
Ontario,toronto-on,1225000.0,5.0,5.0,2500.0,House
Ontario,toronto-on,549900.0,3.0,2.0,1399.0,Apt/Condo
Ontario,toronto-on,1088000.0,7.0,5.0,2000.0,House
Ontario,toronto-on,669000.0,2.0,2.0,799.0,Apt/Condo
Ontario,toronto-on,598000.0,2.0,2.0,899.0,Apt/Condo
Ontario,toronto-on,1549800.0,3.0,3.0,2000.0,Townhouse
Ontario,toronto-on,758888.0,2.0,2.0,800.0,Apt/Condo
Ontario,toronto-on,819888.0,2.0,2.0,799.0,Apt/Condo
Ontario,toronto-on,819800.0,2.0,2.0,1199.0,Townhouse
Ontario,toronto-on,4680000.0,5.0,5.0,5000.0,House
Ontario,toronto-on,679800.0,2.0,2.0,1399.0,Townhouse
Ontario,toronto-on,995000.0,3.0,2.0,1100.0,House
Ontario,toronto-on,668000.0,2.0,1.0,600.0,Apt/Condo
Ontario,toronto-on,678000.0,2.0,2.0,899.0,Apt/Condo
Ontario,toronto-on,779000.0,3.0,2.0,899.0,Apt/Condo
Ontario,toronto-on,608800.0,2.0,2.0,699.0,Apt/Condo
Ontario,toronto-on,499900.0,2.0,1.0,600.0,Apt/Condo
Ontario,toronto-on,499000.0,2.0,1.0,500.0,Apt/Condo
Ontario,toronto-on,600000.0,2.0,1.0,800.0,Townhouse
Ontario,toronto-on,1428000.0,4.0,4.0,2000.0,
Ontario,toronto-on,1099999.0,3.0,2.0,700.0,
Ontario,toronto-on,988000.0,2.0,4.0,1200.0,
Ontario,toronto-on,1398000.0,8.0,8.0,2000.0,House
Ontario,toronto-on,2949900.0,6.0,6.0,5000.0,House
Ontario,toronto-on,2499000.0,5.0,4.0,3000.0,House
Ontario,toronto-on,389000.0,1.0,1.0,499.0,Apt/Condo
Ontario,toronto-on,813000.0,2.0,2.0,600.0,Apt/Condo
Ontario,toronto-on,699900.0,4.0,2.0,1100.0,House
Ontario,toronto-on,1599000.0,6.0,5.0,2000.0,House
Ontario,toronto-on,2998000.0,7.0,7.0,3500.0,House
Ontario,toronto-on,2695000.0,4.0,3.0,2000.0,House
Ontario,toronto-on,988000.0,3.0,3.0,1500.0,Townhouse
Ontario,toronto-on,658000.0,2.0,3.0,999.0,Townhouse
Ontario,toronto-on,1199900.0,6.0,4.0,2000.0,House
Ontario,toronto-on,900000.0,5.0,2.0,1100.0,House
Ontario,toronto-on,599900.0,2.0,2.0,600.0,Apt/Condo
Ontario,toronto-on,505000.0,2.0,1.0,799.0,Apt/Condo
Ontario,toronto-on,749800.0,3.0,2.0,899.0,Townhouse
Ontario,toronto-on,848888.0,3.0,3.0,2000.0,Townhouse
Ontario,toronto-on,650000.0,5.0,2.0,1100.0,House
Ontario,toronto-on,1049999.0,4.0,2.0,1500.0,House
Ontario,toronto-on,1699000.0,3.0,2.0,1100.0,House
Ontario,toronto-on,1300000.0,6.0,3.0,1500.0,Triplex
Ontario,toronto-on,1428000.0,4.0,4.0,2000.0,
Ontario,toronto-on,1099999.0,3.0,2.0,700.0,
Ontario,toronto-on,988000.0,2.0,4.0,1200.0,
Ontario,toronto-on,515000.0,2.0,4.0,599.0,Apt/Condo
Ontario,toronto-on,2365000.0,6.0,5.0,5000.0,House
Ontario,toronto-on,539000.0,1.0,1.0,,Apt/Condo
Ontario,toronto-on,1099000.0,3.0,2.0,1100.0,Townhouse
Ontario,toronto-on,2650000.0,3.0,4.0,2749.0,Apt/Condo
Ontario,toronto-on,850000.0,3.0,2.0,1100.0,House
Ontario,toronto-on,899900.0,4.0,2.0,1500.0,House
Ontario,toronto-on,758000.0,4.0,2.0,1100.0,Townhouse
Ontario,toronto-on,2349000.0,7.0,5.0,2500.0,House
Ontario,toronto-on,848888.0,3.0,3.0,2000.0,Townhouse
Ontario,toronto-on,650000.0,5.0,2.0,1100.0,House
Ontario,toronto-on,988800.0,2.0,2.0,999.0,Apt/Condo
Ontario,toronto-on,1279000.0,7.0,3.0,2000.0,Multifamily
Ontario,toronto-on,519900.0,2.0,2.0,700.0,Apt/Condo
Ontario,toronto-on,859900.0,3.0,2.0,999.0,Apt/Condo
Ontario,toronto-on,749800.0,3.0,2.0,899.0,Townhouse
Ontario,toronto-on,2799000.0,5.0,6.0,3000.0,House
Ontario,toronto-on,599900.0,2.0,2.0,600.0,Apt/Condo
Ontario,toronto-on,505000.0,2.0,1.0,799.0,Apt/Condo
Ontario,toronto-on,1049999.0,4.0,2.0,1500.0,House
Ontario,toronto-on,1700000.0,4.0,4.0,2000.0,House
Ontario,toronto-on,1428000.0,4.0,4.0,2000.0,
Ontario,toronto-on,1099999.0,3.0,2.0,700.0,
Ontario,toronto-on,988000.0,2.0,4.0,1200.0,
Ontario,toronto-on,4488000.0,6.0,6.0,3500.0,House
Ontario,toronto-on,2949900.0,6.0,6.0,5000.0,House
Ontario,toronto-on,2349000.0,7.0,5.0,2500.0,House
Ontario,toronto-on,988800.0,2.0,2.0,999.0,Apt/Condo
Ontario,toronto-on,3488000.0,5.0,7.0,5000.0,House
Ontario,toronto-on,2799000.0,5.0,6.0,3000.0,House
Ontario,toronto-on,1270000.0,2.0,2.0,1200.0,Apt/Condo
Ontario,toronto-on,875000.0,2.0,2.0,799.0,Apt/Condo
Ontario,toronto-on,1200000.0,5.0,2.0,1500.0,House
Ontario,toronto-on,1200000.0,5.0,2.0,2000.0,House
Ontario,toronto-on,879000.0,2.0,3.0,1000.0,Townhouse
Ontario,toronto-on,589000.0,2.0,1.0,500.0,Apt/Condo
Ontario,toronto-on,649000.0,3.0,2.0,1000.0,Townhouse
Ontario,toronto-on,470000.0,1.0,1.0,500.0,Apt/Condo
Ontario,toronto-on,538888.0,1.0,1.0,699.0,Apt/Condo
Ontario,toronto-on,349000.0,1.0,1.0,699.0,Apt/Condo
Ontario,toronto-on,1298888.0,6.0,4.0,2500.0,House
Ontario,toronto-on,648888.0,2.0,2.0,899.0,Apt/Condo
Ontario,toronto-on,2090000.0,5.0,5.0,3000.0,House
Ontario,toronto-on,1999888.0,4.0,4.0,2500.0,House
Ontario,toronto-on,479999.0,1.0,1.0,599.0,Apt/Condo
Ontario,toronto-on,1428000.0,4.0,4.0,2000.0,
Ontario,toronto-on,1099999.0,3.0,2.0,700.0,
Ontario,toronto-on,988000.0,2.0,4.0,1200.0,
Ontario,toronto-on,479999.0,1.0,1.0,599.0,Apt/Condo
Ontario,toronto-on,2365000.0,6.0,5.0,5000.0,House
Ontario,toronto-on,1498000.0,3.0,2.0,1100.0,House
Ontario,toronto-on,3990000.0,6.0,6.0,3000.0,House
Ontario,toronto-on,785000.0,2.0,2.0,999.0,Apt/Condo
Ontario,toronto-on,1695000.0,3.0,2.0,1199.0,Apt/Condo
Ontario,toronto-on,1599000.0,4.0,5.0,2500.0,House
Ontario,toronto-on,699999.0,5.0,3.0,2000.0,House
Ontario,toronto-on,817000.0,2.0,1.0,899.0,Apt/Condo
Ontario,toronto-on,898000.0,4.0,3.0,1500.0,House
Ontario,toronto-on,538888.0,1.0,1.0,699.0,Apt/Condo
Ontario,toronto-on,349000.0,1.0,1.0,699.0,Apt/Condo
Ontario,toronto-on,975000.0,5.0,3.0,700.0,House
Ontario,toronto-on,750000.0,2.0,2.0,799.0,Apt/Condo
Ontario,toronto-on,440000.0,2.0,1.0,999.0,Apt/Condo
Ontario,toronto-on,849000.0,2.0,2.0,800.0,Apt/Condo
Ontario,toronto-on,398800.0,2.0,2.0,999.0,Apt/Condo
Ontario,toronto-on,2499000.0,6.0,5.0,3500.0,House
Ontario,toronto-on,559000.0,2.0,1.0,699.0,Apt/Condo
Ontario,toronto-on,1700000.0,4.0,3.0,2500.0,House
Ontario,toronto-on,1789000.0,3.0,4.0,1999.0,Apt/Condo
Ontario,toronto-on,1428000.0,4.0,4.0,2000.0,
Ontario,toronto-on,1099999.0,3.0,2.0,700.0,
Ontario,toronto-on,988000.0,2.0,4.0,1200.0,
Ontario,toronto-on,579880.0,2.0,1.0,600.0,Apt/Condo
Ontario,toronto-on,2949900.0,6.0,6.0,5000.0,House
Ontario,toronto-on,798500.0,3.0,2.0,1199.0,Townhouse
Ontario,toronto-on,574900.0,3.0,2.0,999.0,Townhouse
Ontario,toronto-on,2399000.0,5.0,6.0,2500.0,House
Ontario,toronto-on,1095000.0,3.0,3.0,1600.0,Townhouse
Ontario,toronto-on,875000.0,4.0,2.0,1500.0,House
Ontario,toronto-on,599000.0,4.0,3.0,1599.0,Townhouse
Ontario,toronto-on,799000.0,2.0,2.0,999.0,Apt/Condo
Ontario,toronto-on,599000.0,2.0,1.0,700.0,Townhouse
Ontario,toronto-on,899000.0,3.0,2.0,1500.0,House
Ontario,toronto-on,699000.0,3.0,2.0,1100.0,House
Ontario,toronto-on,369000.0,0.0,1.0,499.0,Apt/Condo
Ontario,toronto-on,1899000.0,6.0,5.0,2500.0,House
Ontario,toronto-on,699000.0,3.0,2.0,1100.0,House
Ontario,toronto-on,493500.0,1.0,1.0,599.0,Apt/Condo
Ontario,toronto-on,1199000.0,4.0,2.0,1500.0,House
Ontario,toronto-on,949000.0,4.0,3.0,1500.0,House
Ontario,toronto-on,399900.0,2.0,1.0,999.0,Apt/Condo
Ontario,toronto-on,999900.0,4.0,2.0,1500.0,House
Ontario,toronto-on,2899000.0,0.0,1.0,,Land/Lot
Ontario,toronto-on,1428000.0,4.0,4.0,2000.0,
Ontario,toronto-on,1099999.0,3.0,2.0,700.0,
Ontario,toronto-on,988000.0,2.0,4.0,1200.0,
Ontario,toronto-on,1100000.0,4.0,3.0,2000.0,House
Ontario,toronto-on,2949900.0,6.0,6.0,5000.0,House
Ontario,toronto-on,429000.0,1.0,1.0,599.0,Apt/Condo
Ontario,toronto-on,1329000.0,5.0,4.0,1500.0,House
Ontario,toronto-on,799888.0,3.0,2.0,899.0,Apt/Condo
Ontario,toronto-on,379000.0,2.0,1.0,899.0,Apt/Condo
Ontario,toronto-on,3600000.0,7.0,7.0,5000.0,House
Ontario,toronto-on,1329000.0,3.0,3.0,1199.0,Apt/Condo
Ontario,toronto-on,579000.0,2.0,2.0,600.0,Apt/Condo
Ontario,toronto-on,675000.0,2.0,2.0,999.0,Apt/Condo
Ontario,toronto-on,488800.0,2.0,1.0,699.0,Apt/Condo
Ontario,toronto-on,725000.0,2.0,2.0,1340.0,Apt/Condo
Ontario,toronto-on,709000.0,3.0,2.0,999.0,Apt/Condo
Ontario,toronto-on,598000.0,2.0,1.0,1100.0,House
Ontario,toronto-on,699000.0,5.0,2.0,1100.0,House
Ontario,toronto-on,849900.0,3.0,2.0,900.0,Apt/Condo
Ontario,toronto-on,638000.0,2.0,1.0,500.0,Apt/Condo
Ontario,toronto-on,949000.0,3.0,3.0,1100.0,House
Ontario,toronto-on,999000.0,3.0,2.0,1500.0,House
Ontario,toronto-on,479000.0,1.0,1.0,500.0,Apt/Condo
Ontario,toronto-on,578000.0,2.0,1.0,600.0,Apt/Condo
Ontario,toronto-on,1428000.0,4.0,4.0,2000.0,
Ontario,toronto-on,1099999.0,3.0,2.0,700.0,
Ontario,toronto-on,988000.0,2.0,4.0,1200.0,
Ontario,toronto-on,899000.0,3.0,2.0,1100.0,House
Ontario,toronto-on,999900.0,6.0,3.0,2500.0,House
Ontario,toronto-on,1030000.0,3.0,2.0,,House
Ontario,toronto-on,998800.0,4.0,2.0,1500.0,House
Ontario,toronto-on,1349900.0,3.0,3.0,1500.0,House
Ontario,toronto-on,755000.0,3.0,3.0,1799.0,Apt/Condo
Ontario,toronto-on,1100000.0,3.0,2.0,999.0,Apt/Condo
Ontario,toronto-on,579000.0,2.0,2.0,799.0,Apt/Condo
Ontario,toronto-on,969995.0,3.0,3.0,1399.0,Townhouse
Ontario,toronto-on,1949900.0,5.0,2.0,2000.0,House
Ontario,toronto-on,1349000.0,3.0,2.0,1100.0,House
Ontario,toronto-on,769000.0,4.0,3.0,1199.0,Townhouse
Ontario,toronto-on,619000.0,2.0,2.0,700.0,Apt/Condo
Ontario,toronto-on,1279000.0,2.0,2.0,1000.0,Apt/Condo
Ontario,toronto-on,549000.0,1.0,1.0,500.0,Apt/Condo
Ontario,toronto-on,668999.0,1.0,1.0,500.0,Apt/Condo
Ontario,toronto-on,1749999.0,2.0,2.0,1200.0,Apt/Condo
Ontario,toronto-on,599000.0,2.0,2.0,999.0,Apt/Condo
Ontario,toronto-on,685000.0,4.0,3.0,1199.0,Apt/Condo
Ontario,toronto-on,624800.0,4.0,2.0,1599.0,Apt/Condo
Ontario,toronto-on,1299000.0,6.0,5.0,2000.0,House
Ontario,toronto-on,1428000.0,4.0,4.0,2000.0,
Ontario,toronto-on,1099999.0,3.0,2.0,700.0,
Ontario,toronto-on,988000.0,2.0,4.0,1200.0,
Ontario,toronto-on,840000.0,2.0,2.0,999.0,Apt/Condo
Ontario,toronto-on,2365000.0,6.0,5.0,5000.0,House
Ontario,toronto-on,585000.0,2.0,2.0,800.0,Apt/Condo
Ontario,toronto-on,950000.0,3.0,2.0,,House
Ontario,toronto-on,1499999.0,4.0,3.0,1500.0,House
Ontario,toronto-on,2799000.0,5.0,5.0,3500.0,House
Ontario,toronto-on,899000.0,4.0,2.0,1500.0,House
Ontario,toronto-on,749900.0,3.0,2.0,1100.0,House
Ontario,toronto-on,689000.0,2.0,1.0,1100.0,House
Ontario,toronto-on,789000.0,4.0,2.0,1100.0,House
Ontario,toronto-on,629000.0,1.0,1.0,999.0,Apt/Condo
Ontario,toronto-on,849900.0,2.0,2.0,799.0,Apt/Condo
Ontario,toronto-on,1255000.0,2.0,2.0,999.0,Apt/Condo
Ontario,toronto-on,1425000.0,4.0,3.0,1500.0,Townhouse
Ontario,toronto-on,999900.0,3.0,1.0,1040.0,House
Ontario,toronto-on,618888.0,2.0,2.0,699.0,Apt/Condo
Ontario,toronto-on,1099000.0,3.0,3.0,2000.0,House
Ontario,toronto-on,1689000.0,4.0,3.0,2000.0,House
Ontario,toronto-on,799900.0,4.0,2.0,1500.0,House
Ontario,toronto-on,499888.0,2.0,1.0,699.0,Apt/Condo
Ontario,toronto-on,2999000.0,3.0,3.0,2500.0,Apt/Condo
Ontario,toronto-on,1428000.0,4.0,4.0,2000.0,
Ontario,toronto-on,1099999.0,3.0,2.0,700.0,
Ontario,toronto-on,988000.0,2.0,4.0,1200.0,
Ontario,toronto-on,449900.0,0.0,1.0,499.0,Apt/Condo
Ontario,toronto-on,2949900.0,6.0,6.0,5000.0,House
Ontario,toronto-on,699000.0,2.0,2.0,899.0,Apt/Condo
Ontario,toronto-on,529000.0,2.0,1.0,600.0,Apt/Condo
Ontario,toronto-on,424000.0,1.0,1.0,,Apt/Condo
Ontario,toronto-on,1399000.0,3.0,2.0,1100.0,Townhouse
Ontario,toronto-on,798000.0,2.0,2.0,800.0,Apt/Condo
Ontario,toronto-on,899000.0,2.0,2.0,999.0,Apt/Condo
Ontario,toronto-on,558000.0,2.0,1.0,699.0,Apt/Condo
Ontario,toronto-on,649000.0,2.0,1.0,699.0,Apt/Condo
Ontario,toronto-on,799000.0,2.0,2.0,1100.0,House
Ontario,toronto-on,1099000.0,3.0,3.0,1500.0,House
Ontario,toronto-on,599999.0,2.0,2.0,499.0,Apt/Condo
Ontario,toronto-on,658000.0,2.0,2.0,800.0,Apt/Condo
Ontario,toronto-on,1388000.0,4.0,3.0,2500.0,House
Ontario,toronto-on,500000.0,2.0,1.0,,House
Ontario,toronto-on,499800.0,2.0,1.0,600.0,Apt/Condo
Ontario,toronto-on,529900.0,1.0,1.0,599.0,Apt/Condo
Ontario,toronto-on,599000.0,2.0,1.0,699.0,Apt/Condo
Ontario,toronto-on,399000.0,1.0,1.0,499.0,Apt/Condo
Ontario,toronto-on,1650000.0,5.0,4.0,1500.0,House
Ontario,toronto-on,1428000.0,4.0,4.0,2000.0,
Ontario,toronto-on,1099999.0,3.0,2.0,700.0,
Ontario,toronto-on,988000.0,2.0,4.0,1200.0,
Ontario,toronto-on,480000.0,2.0,1.0,600.0,Apt/Condo
Ontario,toronto-on,999900.0,6.0,3.0,2500.0,House
Ontario,toronto-on,679990.0,2.0,1.0,500.0,Apt/Condo
Ontario,toronto-on,3750000.0,3.0,3.0,2389.0,Apt/Condo
Ontario,toronto-on,499900.0,1.0,1.0,599.0,Apt/Condo
Ontario,toronto-on,1099900.0,6.0,4.0,1100.0,House
Ontario,toronto-on,480000.0,2.0,1.0,799.0,Apt/Condo
Ontario,toronto-on,749900.0,2.0,1.0,700.0,Apt/Condo
Ontario,toronto-on,1350000.0,5.0,3.0,1500.0,House
Ontario,toronto-on,615000.0,2.0,2.0,899.0,Townhouse
Ontario,toronto-on,1100000.0,4.0,2.0,1500.0,House
Ontario,toronto-on,579900.0,2.0,1.0,600.0,Apt/Condo
Ontario,toronto-on,2380000.0,6.0,6.0,3500.0,House
Ontario,toronto-on,1199888.0,5.0,3.0,1100.0,House
Ontario,toronto-on,900000.0,4.0,3.0,2000.0,House
Ontario,toronto-on,599000.0,2.0,1.0,600.0,Apt/Condo
Ontario,toronto-on,1150000.0,6.0,2.0,1500.0,House
Ontario,toronto-on,5150000.0,4.0,7.0,,House
Ontario,toronto-on,929800.0,3.0,3.0,1750.0,Townhouse
Ontario,toronto-on,428000.0,1.0,1.0,499.0,Apt/Condo
Ontario,toronto-on,2199000.0,4.0,5.0,3500.0,House
Ontario,toronto-on,1428000.0,4.0,4.0,2000.0,
Ontario,toronto-on,1099999.0,3.0,2.0,700.0,
Ontario,toronto-on,988000.0,2.0,4.0,1200.0,
Ontario,toronto-on,1050000.0,2.0,2.0,1199.0,Apt/Condo
Ontario,toronto-on,2949900.0,6.0,6.0,5000.0,House
Ontario,toronto-on,398000.0,0.0,1.0,499.0,Apt/Condo
Ontario,toronto-on,565000.0,1.0,1.0,500.0,Apt/Condo
Ontario,toronto-on,619900.0,2.0,2.0,699.0,Apt/Condo
Ontario,toronto-on,928888.0,3.0,3.0,1100.0,House
Ontario,toronto-on,379900.0,2.0,1.0,799.0,Apt/Condo
Ontario,toronto-on,449000.0,1.0,1.0,499.0,Apt/Condo
Ontario,toronto-on,1249000.0,3.0,2.0,2000.0,House
Ontario,toronto-on,429900.0,2.0,1.0,899.0,Apt/Condo
Ontario,toronto-on,1300000.0,3.0,2.0,899.0,Apt/Condo
Ontario,toronto-on,3298000.0,5.0,4.0,3000.0,House
Ontario,toronto-on,499999.0,2.0,2.0,899.0,Apt/Condo
Ontario,toronto-on,2399000.0,5.0,5.0,3000.0,House
Ontario,toronto-on,720000.0,2.0,1.0,700.0,Apt/Condo
Ontario,toronto-on,1450000.0,4.0,3.0,1500.0,Duplex
Ontario,toronto-on,5495000.0,5.0,5.0,5000.0,House
Ontario,toronto-on,1140000.0,2.0,2.0,1199.0,Apt/Condo
Ontario,toronto-on,599000.0,2.0,1.0,500.0,Apt/Condo
Ontario,toronto-on,888000.0,3.0,4.0,2000.0,House
Ontario,toronto-on,749000.0,3.0,2.0,1399.0,Townhouse
Ontario,toronto-on,1428000.0,4.0,4.0,2000.0,
Ontario,toronto-on,1099999.0,3.0,2.0,700.0,
Ontario,toronto-on,988000.0,2.0,4.0,1200.0,
Ontario,kitchener-on,899900.0,4.0,4.0,2500.0,House
Ontario,kitchener-on,749888.0,4.0,3.0,1676.0,House
Ontario,kitchener-on,769900.0,3.0,2.0,2372.0,House
Ontario,kitchener-on,589000.0,4.0,2.0,1701.0,House
Ontario,kitchener-on,384900.0,1.0,2.0,589.0,Apt/Condo
Ontario,kitchener-on,595900.0,2.0,3.0,1100.0,Townhouse
Ontario,kitchener-on,639900.0,4.0,2.0,2058.0,House
Ontario,kitchener-on,325000.0,1.0,1.0,792.0,Apt/Condo
Ontario,kitchener-on,699900.0,3.0,2.0,1630.0,House
Ontario,kitchener-on,599900.0,3.0,1.0,1230.0,House
Ontario,kitchener-on,650000.0,3.0,3.0,1284.0,Townhouse
Ontario,kitchener-on,369000.0,2.0,2.0,599.0,Apt/Condo
Ontario,kitchener-on,650000.0,3.0,3.0,1399.0,Townhouse
Ontario,kitchener-on,299000.0,3.0,2.0,1056.0,Apt/Condo
Ontario,kitchener-on,304900.0,1.0,1.0,509.0,Apt/Condo
Ontario,kitchener-on,647900.0,3.0,3.0,1174.0,House
Ontario,kitchener-on,999999.0,4.0,4.0,2500.0,House
Ontario,kitchener-on,349900.0,2.0,1.0,712.0,Apt/Condo
Ontario,kitchener-on,1185000.0,5.0,4.0,3838.0,House
Ontario,kitchener-on,599900.0,3.0,2.0,988.0,House
Ontario,kitchener-on,389000.0,1.0,1.0,515.0,Apt/Condo
Ontario,kitchener-on,858000.0,3.0,3.0,1814.0,House
Ontario,kitchener-on,599900.0,3.0,2.0,1312.0,House
Ontario,kitchener-on,399900.0,2.0,2.0,1084.0,Townhouse
Ontario,kitchener-on,784800.0,4.0,3.0,1528.0,House
Ontario,kitchener-on,699900.0,3.0,3.0,1798.0,House
Ontario,kitchener-on,779000.0,4.0,4.0,2500.0,Townhouse
Ontario,kitchener-on,769900.0,3.0,3.0,700.0,House
Ontario,kitchener-on,599000.0,4.0,2.0,1032.0,House
Ontario,kitchener-on,399900.0,3.0,2.0,1048.0,Apt/Condo
Ontario,kitchener-on,525000.0,3.0,3.0,1332.0,Townhouse
Ontario,kitchener-on,699000.0,3.0,2.0,1100.0,House
Ontario,kitchener-on,360000.0,1.0,1.0,704.0,Apt/Condo
Ontario,kitchener-on,799999.0,4.0,2.0,,House
Ontario,kitchener-on,699900.0,5.0,2.0,929.0,House
Ontario,kitchener-on,499900.0,3.0,2.0,700.0,House
Ontario,kitchener-on,479900.0,3.0,2.0,1178.0,Townhouse
Ontario,kitchener-on,699900.0,3.0,2.0,1102.0,House
Ontario,kitchener-on,1100000.0,4.0,3.0,1484.0,House
Ontario,kitchener-on,1199900.0,5.0,5.0,2769.0,House
Ontario,kitchener-on,699900.0,3.0,2.0,1102.0,House
Ontario,kitchener-on,1100000.0,4.0,3.0,1484.0,House
Ontario,kitchener-on,1199900.0,5.0,5.0,2769.0,House
Ontario,kitchener-on,699000.0,3.0,3.0,1100.0,Townhouse
Ontario,kitchener-on,999999.0,5.0,4.0,3000.0,House
Ontario,kitchener-on,625000.0,3.0,2.0,1100.0,House
Ontario,kitchener-on,1195000.0,5.0,4.0,2500.0,House
Ontario,kitchener-on,399800.0,3.0,2.0,1199.0,Townhouse
Ontario,kitchener-on,875000.0,4.0,3.0,1706.0,House
Ontario,kitchener-on,749900.0,3.0,3.0,1790.0,House
Ontario,kitchener-on,499900.0,2.0,1.0,814.0,House
Ontario,kitchener-on,599900.0,2.0,2.0,1265.0,Townhouse
Ontario,kitchener-on,928900.0,3.0,3.0,1617.0,House
Ontario,kitchener-on,999000.0,3.0,3.0,1940.0,House
Ontario,kitchener-on,574900.0,3.0,2.0,760.0,House
Ontario,kitchener-on,525000.0,2.0,3.0,1200.0,Townhouse
Ontario,kitchener-on,599900.0,2.0,3.0,1200.0,Townhouse
Ontario,kitchener-on,749900.0,3.0,1.0,1100.0,House
Ontario,kitchener-on,485000.0,3.0,2.0,926.0,Townhouse
Ontario,kitchener-on,699999.0,5.0,2.0,1500.0,House
Ontario,kitchener-on,850000.0,4.0,3.0,1765.0,House
Ontario,kitchener-on,284999.0,2.0,1.0,630.0,Apt/Condo
Ontario,kitchener-on,2195000.0,3.0,2.0,2531.0,House
Ontario,kitchener-on,669900.0,4.0,2.0,1025.0,House
Ontario,kitchener-on,679000.0,3.0,3.0,1417.0,Townhouse
Ontario,kitchener-on,399900.0,2.0,2.0,1058.0,Apt/Condo
Ontario,kitchener-on,999900.0,4.0,3.0,2841.0,House
Ontario,kitchener-on,299900.0,1.0,1.0,647.0,Apt/Condo
Ontario,kitchener-on,585000.0,3.0,2.0,1924.0,House
Ontario,kitchener-on,599999.0,3.0,2.0,1100.0,House
Ontario,kitchener-on,369000.0,1.0,1.0,563.0,Apt/Condo
Ontario,kitchener-on,659000.0,3.0,3.0,1544.0,Townhouse
Ontario,kitchener-on,699900.0,5.0,2.0,1194.0,House
Ontario,kitchener-on,729900.0,3.0,1.0,1422.0,House
Ontario,kitchener-on,949900.0,5.0,3.0,1763.0,House
Ontario,kitchener-on,399900.0,3.0,2.0,1350.0,Townhouse
Ontario,kitchener-on,579000.0,3.0,2.0,700.0,House
Ontario,kitchener-on,1099000.0,4.0,3.0,2500.0,House
Ontario,kitchener-on,538888.0,2.0,1.0,733.0,Apt/Condo
Ontario,kitchener-on,496990.0,2.0,3.0,1303.0,Townhouse
Ontario,kitchener-on,449900.0,3.0,2.0,1165.0,Townhouse
Ontario,kitchener-on,1116900.0,4.0,4.0,2280.0,House
Ontario,kitchener-on,1140900.0,4.0,4.0,2280.0,House
Ontario,kitchener-on,499900.0,3.0,2.0,1192.0,Apt/Condo
Ontario,kitchener-on,1136900.0,4.0,3.0,2395.0,House
Ontario,kitchener-on,649900.0,4.0,4.0,1664.0,Townhouse
Ontario,kitchener-on,484999.0,2.0,2.0,930.0,Apt/Condo
Ontario,kitchener-on,559900.0,3.0,2.0,1041.0,House
Ontario,kitchener-on,550000.0,3.0,2.0,1732.0,House
Ontario,kitchener-on,669000.0,3.0,3.0,2000.0,Townhouse
Ontario,kitchener-on,695000.0,3.0,1.0,700.0,House
Ontario,kitchener-on,435000.0,2.0,2.0,600.0,Apt/Condo
Ontario,kitchener-on,899000.0,3.0,4.0,2395.0,House
Ontario,kitchener-on,595000.0,3.0,3.0,1599.0,Townhouse
Ontario,kitchener-on,499900.0,3.0,2.0,1100.0,Townhouse
Ontario,kitchener-on,659900.0,4.0,4.0,1706.0,House
Ontario,kitchener-on,674900.0,2.0,2.0,1238.0,House
Ontario,kitchener-on,799900.0,3.0,3.0,1890.0,House
Ontario,kitchener-on,629900.0,2.0,2.0,1290.0,Apt/Condo
Ontario,kitchener-on,645000.0,3.0,2.0,1662.0,House
Ontario,kitchener-on,699900.0,5.0,2.0,1049.0,House
Ontario,kitchener-on,500000.0,3.0,2.0,1009.0,House
Ontario,kitchener-on,424000.0,2.0,2.0,700.0,Apt/Condo
Ontario,kitchener-on,639900.0,1.0,1.0,550.0,Apt/Condo
Ontario,kitchener-on,659900.0,1.0,1.0,572.0,Apt/Condo
Ontario,kitchener-on,709900.0,1.0,1.0,668.0,Apt/Condo
Ontario,kitchener-on,609900.0,1.0,1.0,500.0,Apt/Condo
Ontario,kitchener-on,599900.0,4.0,3.0,1618.0,Duplex
Ontario,kitchener-on,519900.0,3.0,2.0,1137.0,Townhouse
Ontario,kitchener-on,1098000.0,3.0,4.0,2817.0,House
Ontario,kitchener-on,405000.0,1.0,1.0,635.0,Apt/Condo
Ontario,kitchener-on,825000.0,6.0,3.0,1910.0,Multifamily
Ontario,kitchener-on,1136900.0,4.0,3.0,2335.0,House
Ontario,kitchener-on,998900.0,3.0,3.0,2000.0,House
Ontario,kitchener-on,595000.0,2.0,2.0,1047.0,Apt/Condo
Ontario,kitchener-on,1180000.0,4.0,4.0,2280.0,House
Ontario,kitchener-on,589500.0,3.0,1.0,700.0,House
Ontario,kitchener-on,975000.0,4.0,9.0,2000.0,Duplex
Ontario,kitchener-on,420000.0,2.0,2.0,900.0,Apt/Condo
Ontario,kitchener-on,995000.0,4.0,3.0,2311.0,House
Ontario,kitchener-on,500000.0,2.0,2.0,1068.0,Townhouse
Ontario,kitchener-on,899000.0,4.0,3.0,2075.0,House
Ontario,kitchener-on,899000.0,4.0,0.0,,Multifamily
Ontario,kitchener-on,649900.0,0.0,,,Land/Lot
Ontario,kitchener-on,725000.0,4.0,2.0,1856.0,House
Ontario,kitchener-on,309900.0,2.0,2.0,1000.0,Apt/Condo
Ontario,kitchener-on,835000.0,4.0,4.0,2000.0,House
Ontario,kitchener-on,549900.0,3.0,2.0,1140.0,House
Ontario,kitchener-on,600000.0,3.0,2.0,903.0,House
Ontario,kitchener-on,775000.0,3.0,3.0,1565.0,House
Ontario,kitchener-on,374990.0,2.0,1.0,1000.0,Apt/Condo
Ontario,kitchener-on,1099900.0,6.0,4.0,2400.0,House
Ontario,kitchener-on,788888.0,3.0,3.0,1500.0,House
Ontario,kitchener-on,547000.0,3.0,1.0,1030.0,House
Ontario,kitchener-on,499900.0,2.0,2.0,1147.0,Apt/Condo
Ontario,kitchener-on,1199000.0,4.0,4.0,2708.0,House
Ontario,kitchener-on,699900.0,5.0,3.0,700.0,House
Ontario,kitchener-on,499000.0,3.0,1.0,1144.0,House
Ontario,kitchener-on,445000.0,2.0,2.0,900.0,Apt/Condo
Ontario,kitchener-on,449900.0,3.0,1.0,1000.0,Townhouse
Ontario,kitchener-on,845000.0,4.0,3.0,1928.0,House
Ontario,kitchener-on,525900.0,3.0,2.0,1204.0,Townhouse
Ontario,kitchener-on,399900.0,1.0,1.0,764.0,Apt/Condo
Ontario,kitchener-on,749000.0,3.0,3.0,1665.0,Townhouse
Ontario,kitchener-on,599900.0,3.0,1.0,988.0,House
Ontario,kitchener-on,899999.0,6.0,4.0,1500.0,House
Ontario,kitchener-on,699900.0,4.0,3.0,1500.0,Townhouse
Ontario,kitchener-on,300000.0,2.0,2.0,850.0,Apt/Condo
Ontario,kitchener-on,859999.0,7.0,3.0,2695.0,House
Ontario,kitchener-on,518900.0,3.0,2.0,1060.0,Townhouse
Ontario,kitchener-on,959000.0,3.0,3.0,2427.0,House
Ontario,kitchener-on,565000.0,4.0,3.0,1400.0,Townhouse
Ontario,kitchener-on,1049000.0,3.0,4.0,1971.0,House
Ontario,kitchener-on,580000.0,2.0,2.0,750.0,Apt/Condo
Ontario,kitchener-on,599900.0,2.0,3.0,1800.0,Townhouse
Ontario,kitchener-on,855000.0,5.0,3.0,1932.0,House
Ontario,kitchener-on,1399000.0,10.0,6.0,5000.0,House
Ontario,kitchener-on,600000.0,3.0,1.0,1317.0,House
Ontario,kitchener-on,139900.0,1.0,1.0,683.0,Apt/Condo
Ontario,kitchener-on,299900.0,1.0,1.0,454.0,Apt/Condo
Ontario,kitchener-on,299900.0,2.0,2.0,1106.0,Apt/Condo
Ontario,kitchener-on,299000.0,1.0,1.0,699.0,Apt/Condo
Ontario,kitchener-on,499000.0,2.0,2.0,1055.0,Townhouse
Ontario,kitchener-on,725000.0,3.0,3.0,1623.0,House
Ontario,kitchener-on,465000.0,3.0,2.0,1404.0,Townhouse
Ontario,kitchener-on,289000.0,0.0,1.0,457.0,Apt/Condo
Ontario,kitchener-on,699000.0,3.0,2.0,1612.0,House
Ontario,kitchener-on,650000.0,3.0,3.0,1621.0,House
Ontario,kitchener-on,294900.0,1.0,1.0,820.0,Apt/Condo
Ontario,kitchener-on,949900.0,3.0,3.0,1846.0,Multifamily
Ontario,kitchener-on,749000.0,0.0,,,Land/Lot
Ontario,kitchener-on,325000.0,2.0,2.0,920.0,Apt/Condo
Ontario,kitchener-on,649000.0,2.0,2.0,1293.0,House
Ontario,kitchener-on,599900.0,3.0,2.0,1445.0,House
Ontario,kitchener-on,1379000.0,6.0,4.0,2568.0,House
Ontario,kitchener-on,399900.0,1.0,2.0,581.0,Apt/Condo
Ontario,kitchener-on,699999.0,4.0,2.0,1500.0,House
Ontario,kitchener-on,675000.0,0.0,,,Land/Lot
Ontario,kitchener-on,2490000.0,5.0,3.0,4115.0,House
Ontario,kitchener-on,1125000.0,4.0,3.0,2514.0,House
Ontario,kitchener-on,2490000.0,5.0,3.0,4115.0,House
Ontario,kitchener-on,1125000.0,4.0,3.0,2514.0,House
Ontario,kitchener-on,889000.0,3.0,3.0,2044.0,House
Ontario,kitchener-on,329000.0,2.0,1.0,946.0,Apt/Condo
Ontario,kitchener-on,749900.0,3.0,3.0,1476.0,Townhouse
Ontario,kitchener-on,449900.0,2.0,2.0,944.0,Apt/Condo
Ontario,kitchener-on,589000.0,3.0,2.0,1199.0,Townhouse
Ontario,kitchener-on,749000.0,4.0,2.0,1790.0,Multifamily
Ontario,kitchener-on,370000.0,1.0,1.0,899.0,Apt/Condo
Ontario,kitchener-on,499990.0,4.0,2.0,940.0,House
Ontario,kitchener-on,399900.0,3.0,2.0,1347.0,Townhouse
Ontario,kitchener-on,499900.0,3.0,2.0,1415.0,House
Ontario,kitchener-on,339900.0,2.0,1.0,1000.0,Apt/Condo
Ontario,kitchener-on,674900.0,5.0,4.0,1130.0,House
Ontario,kitchener-on,335000.0,1.0,1.0,518.0,Apt/Condo
Ontario,kitchener-on,729900.0,3.0,2.0,1211.0,House
Ontario,kitchener-on,699999.0,4.0,3.0,1339.0,Townhouse
Ontario,kitchener-on,449900.0,2.0,1.0,879.0,Townhouse
Ontario,kitchener-on,710000.0,3.0,2.0,1015.0,House
Ontario,kitchener-on,729900.0,3.0,2.0,1277.0,House
Ontario,kitchener-on,1423912.0,5.0,4.0,2412.0,House
Ontario,kitchener-on,1415263.0,5.0,4.0,2444.0,House
Ontario,kitchener-on,1429785.0,5.0,4.0,2444.0,House
Ontario,kitchener-on,484900.0,2.0,2.0,1400.0,Townhouse
Ontario,kitchener-on,1190000.0,0.0,,,Land/Lot
Ontario,kitchener-on,749900.0,4.0,2.0,1167.0,House
Ontario,kitchener-on,489900.0,3.0,1.0,964.0,Townhouse
Ontario,kitchener-on,885000.0,5.0,2.0,1468.0,Duplex
Ontario,kitchener-on,300000.0,2.0,2.0,912.0,Apt/Condo
Ontario,kitchener-on,699900.0,4.0,2.0,1320.0,House
Ontario,kitchener-on,899000.0,4.0,3.0,2000.0,House
Ontario,kitchener-on,675000.0,2.0,2.0,1105.0,House
Ontario,kitchener-on,489000.0,2.0,2.0,800.0,Townhouse
Ontario,kitchener-on,699900.0,3.0,2.0,1304.0,House
Ontario,kitchener-on,769900.0,5.0,2.0,1219.0,Duplex
Ontario,kitchener-on,399000.0,3.0,2.0,969.0,Townhouse
Ontario,kitchener-on,699000.0,6.0,3.0,1100.0,House
Ontario,kitchener-on,2990000.0,0.0,,,Land/Lot
Ontario,kitchener-on,340000.0,1.0,1.0,785.0,Townhouse
Ontario,kitchener-on,399900.0,1.0,1.0,599.0,Apt/Condo
Ontario,kitchener-on,2990000.0,0.0,,,Land/Lot
Ontario,kitchener-on,385000.0,1.0,1.0,765.0,Townhouse
Ontario,kitchener-on,385000.0,1.0,1.0,700.0,Townhouse
Ontario,kitchener-on,662400.0,2.0,3.0,1161.0,Townhouse
Ontario,kitchener-on,662400.0,2.0,3.0,1161.0,Townhouse
Ontario,kitchener-on,662400.0,2.0,3.0,1161.0,Townhouse
Ontario,kitchener-on,799900.0,4.0,3.0,1778.0,House
Ontario,kitchener-on,1349000.0,3.0,3.0,2500.0,House
Ontario,kitchener-on,439000.0,1.0,2.0,800.0,Apt/Condo
Ontario,kitchener-on,625000.0,3.0,3.0,1349.0,Townhouse
Ontario,kitchener-on,305000.0,1.0,1.0,757.0,Apt/Condo
Ontario,kitchener-on,489000.0,1.0,1.0,811.0,Apt/Condo
Ontario,kitchener-on,1150000.0,4.0,3.0,2382.0,House
Ontario,kitchener-on,839900.0,3.0,2.0,1395.0,House
Ontario,kitchener-on,1088000.0,4.0,3.0,2500.0,House
Ontario,kitchener-on,309900.0,2.0,2.0,987.0,Apt/Condo
Ontario,kitchener-on,299000.0,2.0,2.0,899.0,Townhouse
Ontario,kitchener-on,1349990.0,4.0,4.0,3143.0,House
Ontario,kitchener-on,2350000.0,4.0,6.0,3398.0,House
Ontario,kitchener-on,650000.0,3.0,3.0,1411.0,Townhouse
Ontario,kitchener-on,629900.0,3.0,3.0,1575.0,Townhouse
Ontario,kitchener-on,674888.0,4.0,2.0,1629.0,House
Ontario,kitchener-on,1350000.0,4.0,3.0,2500.0,House
Ontario,kitchener-on,799000.0,4.0,3.0,2020.0,House
Ontario,kitchener-on,779900.0,4.0,2.0,1027.0,House
Ontario,kitchener-on,469000.0,2.0,2.0,975.0,Townhouse
Ontario,kitchener-on,1200000.0,5.0,5.0,2578.0,House
Ontario,kitchener-on,1099000.0,7.0,3.0,2000.0,Multifamily
Ontario,kitchener-on,599900.0,3.0,3.0,1372.0,Townhouse
Ontario,kitchener-on,879900.0,4.0,3.0,1518.0,Multifamily
Ontario,kitchener-on,599900.0,3.0,2.0,1100.0,House
Ontario,kitchener-on,1199999.0,4.0,3.0,1897.0,House
Ontario,kitchener-on,1395000.0,4.0,4.0,2514.0,House
Ontario,kitchener-on,599000.0,3.0,1.0,960.0,House
Ontario,kitchener-on,529900.0,2.0,2.0,900.0,Apt/Condo
Ontario,kitchener-on,1299900.0,9.0,4.0,4000.0,Multifamily
Ontario,kitchener-on,949500.0,4.0,3.0,2140.0,House
Ontario,kitchener-on,662400.0,2.0,3.0,1161.0,Townhouse
Ontario,kitchener-on,829900.0,3.0,3.0,2293.0,Townhouse
Ontario,kitchener-on,729995.0,4.0,2.0,1102.0,House
Ontario,kitchener-on,750000.0,3.0,2.0,1100.0,House
Ontario,kitchener-on,1499000.0,5.0,4.0,3886.0,House
Ontario,kitchener-on,899000.0,4.0,4.0,2000.0,House
Ontario,kitchener-on,699000.0,3.0,3.0,1924.0,Townhouse
Ontario,kitchener-on,735000.0,4.0,2.0,1704.0,House
Ontario,kitchener-on,399000.0,2.0,1.0,799.0,Apt/Condo
Ontario,kitchener-on,650000.0,3.0,2.0,1264.0,House
Ontario,kitchener-on,459900.0,2.0,1.0,689.0,Townhouse
Ontario,kitchener-on,797777.0,3.0,4.0,1100.0,House
Ontario,kitchener-on,499000.0,3.0,2.0,1097.0,Townhouse
Ontario,kitchener-on,324900.0,1.0,1.0,599.0,Apt/Condo
Ontario,kitchener-on,1275000.0,4.0,4.0,2574.0,House
Ontario,kitchener-on,399900.0,1.0,1.0,606.0,Townhouse
Ontario,kitchener-on,415000.0,2.0,2.0,699.0,Apt/Condo
Ontario,kitchener-on,674900.0,3.0,3.0,1600.0,Townhouse
Ontario,kitchener-on,1125000.0,3.0,3.0,1465.0,House
Ontario,kitchener-on,1199000.0,5.0,4.0,2716.0,House
Ontario,kitchener-on,399900.0,3.0,2.0,1242.0,Apt/Condo
Ontario,kitchener-on,879000.0,6.0,4.0,2954.0,House
Ontario,kitchener-on,799000.0,4.0,2.0,1144.0,House
Ontario,kitchener-on,879000.0,6.0,4.0,2954.0,House
Ontario,kitchener-on,674888.0,5.0,2.0,1296.0,House
Ontario,kitchener-on,449700.0,3.0,2.0,1234.0,Townhouse
Ontario,kitchener-on,399900.0,3.0,2.0,1392.0,Townhouse
Ontario,kitchener-on,1149900.0,4.0,4.0,2220.0,House
Ontario,kitchener-on,665000.0,3.0,3.0,1472.0,Townhouse
Ontario,kitchener-on,499000.0,3.0,2.0,1667.0,Townhouse
Ontario,kitchener-on,499900.0,2.0,2.0,832.0,Apt/Condo
Ontario,kitchener-on,699900.0,3.0,3.0,1269.0,House
Ontario,kitchener-on,689900.0,3.0,2.0,1203.0,House
Ontario,kitchener-on,539900.0,2.0,2.0,810.0,Apt/Condo
Ontario,kitchener-on,648000.0,3.0,2.0,1117.0,House
Ontario,kitchener-on,685000.0,3.0,3.0,1600.0,Townhouse
Ontario,kitchener-on,324900.0,1.0,1.0,561.0,Apt/Condo
Ontario,kitchener-on,1045000.0,3.0,4.0,2038.0,House
Ontario,kitchener-on,525000.0,3.0,2.0,1199.0,Townhouse
Ontario,kitchener-on,629000.0,4.0,2.0,880.0,House
Ontario,kitchener-on,329000.0,1.0,1.0,540.0,Apt/Condo
Ontario,kitchener-on,749000.0,3.0,3.0,2000.0,Townhouse
Ontario,kitchener-on,399900.0,3.0,2.0,1484.0,Townhouse
Ontario,kitchener-on,511900.0,2.0,2.0,645.0,Townhouse
Ontario,kitchener-on,1159000.0,4.0,3.0,2516.0,House
Ontario,kitchener-on,350000.0,2.0,1.0,810.0,Apt/Condo
Ontario,kitchener-on,800000.0,3.0,2.0,1100.0,House
Ontario,kitchener-on,771100.0,3.0,3.0,1402.0,Townhouse
Ontario,kitchener-on,711700.0,3.0,3.0,1294.0,Townhouse
Ontario,kitchener-on,658950.0,2.0,2.0,1146.0,Townhouse
Ontario,kitchener-on,706675.0,2.0,2.0,1229.0,Townhouse
Ontario,kitchener-on,549900.0,2.0,3.0,1599.0,Townhouse
Ontario,kitchener-on,649900.0,3.0,2.0,1259.0,House
Ontario,kitchener-on,369900.0,1.0,1.0,699.0,Apt/Condo
Ontario,kitchener-on,699900.0,2.0,3.0,1154.0,Townhouse
Ontario,kitchener-on,699900.0,2.0,3.0,1154.0,Townhouse
Ontario,kitchener-on,699900.0,2.0,3.0,1154.0,Townhouse
Ontario,kitchener-on,699900.0,2.0,3.0,1154.0,Townhouse
Ontario,kitchener-on,699900.0,2.0,3.0,1154.0,Townhouse
Ontario,kitchener-on,699900.0,2.0,3.0,1154.0,Townhouse
Ontario,kitchener-on,549900.0,2.0,3.0,1429.0,Townhouse
Ontario,kitchener-on,699999.0,3.0,3.0,1196.0,House
Ontario,kitchener-on,699900.0,2.0,3.0,1154.0,Townhouse
Ontario,kitchener-on,699900.0,2.0,3.0,1154.0,Townhouse
Ontario,kitchener-on,1334900.0,4.0,4.0,3300.0,House
Ontario,kitchener-on,640000.0,2.0,2.0,1290.0,Apt/Condo
Ontario,kitchener-on,699900.0,2.0,3.0,1154.0,Townhouse
Ontario,kitchener-on,726750.0,2.0,3.0,1385.0,Townhouse
Ontario,kitchener-on,699900.0,2.0,3.0,1154.0,Townhouse
Ontario,kitchener-on,699900.0,2.0,3.0,1154.0,Townhouse
Ontario,kitchener-on,699900.0,2.0,3.0,1154.0,Townhouse
Ontario,kitchener-on,1269900.0,4.0,4.0,3050.0,House
Ontario,kitchener-on,699900.0,2.0,3.0,1154.0,Townhouse
Ontario,kitchener-on,699900.0,2.0,3.0,1154.0,Townhouse
Ontario,kitchener-on,699900.0,2.0,3.0,1154.0,Townhouse
Ontario,kitchener-on,615000.0,3.0,2.0,1132.0,House
Ontario,kitchener-on,480000.0,2.0,3.0,1100.0,Townhouse
Ontario,kitchener-on,759900.0,3.0,2.0,1006.0,House
Ontario,kitchener-on,749000.0,4.0,3.0,1226.0,House
Ontario,kitchener-on,389000.0,1.0,1.0,599.0,Apt/Condo
Ontario,kitchener-on,1249000.0,6.0,6.0,2774.0,Multifamily
Ontario,kitchener-on,780000.0,3.0,2.0,1348.0,House
Ontario,kitchener-on,649900.0,3.0,3.0,1547.0,Townhouse
Ontario,kitchener-on,788888.0,3.0,2.0,1562.0,House
Ontario,kitchener-on,775000.0,4.0,3.0,1663.0,House
Ontario,kitchener-on,399900.0,2.0,2.0,1060.0,Apt/Condo
Ontario,kitchener-on,1379000.0,3.0,4.0,2605.0,House
Ontario,kitchener-on,850000.0,3.0,3.0,1637.0,House
Ontario,kitchener-on,574999.0,3.0,1.0,1074.0,House
Ontario,kitchener-on,869900.0,3.0,4.0,1815.0,Townhouse
Ontario,kitchener-on,385000.0,2.0,1.0,799.0,Apt/Condo
Ontario,kitchener-on,349900.0,2.0,1.0,600.0,Apt/Condo
Ontario,kitchener-on,349900.0,2.0,2.0,822.0,Townhouse
Ontario,kitchener-on,469900.0,2.0,2.0,1022.0,Apt/Condo
Ontario,kitchener-on,699900.0,2.0,3.0,1154.0,Townhouse
Ontario,kitchener-on,726750.0,2.0,3.0,1237.0,Townhouse
Ontario,kitchener-on,435000.0,2.0,1.0,999.0,Townhouse
Ontario,kitchener-on,649000.0,3.0,2.0,1138.0,House
Ontario,kitchener-on,929000.0,6.0,4.0,2000.0,Townhouse
Ontario,kitchener-on,875000.0,3.0,2.0,1500.0,House
Ontario,kitchener-on,819900.0,3.0,3.0,2285.0,House
Ontario,kitchener-on,389000.0,1.0,1.0,599.0,Apt/Condo
Ontario,kitchener-on,649999.0,3.0,3.0,1779.0,House
Ontario,kitchener-on,949000.0,4.0,4.0,1500.0,House
Ontario,kitchener-on,659900.0,3.0,1.0,1172.0,House
Ontario,kitchener-on,699000.0,2.0,3.0,1373.0,Apt/Condo
Ontario,kitchener-on,599990.0,3.0,3.0,1729.0,Townhouse
Ontario,kitchener-on,575000.0,2.0,2.0,1087.0,Apt/Condo
Ontario,kitchener-on,649000.0,3.0,1.0,1100.0,House
Ontario,kitchener-on,3298000.0,4.0,3.0,2794.0,House
Ontario,kitchener-on,449999.0,2.0,2.0,1040.0,Townhouse
Ontario,kitchener-on,499900.0,3.0,2.0,1199.0,Townhouse
Ontario,kitchener-on,1299000.0,4.0,4.0,2796.0,House
Ontario,kitchener-on,998800.0,3.0,4.0,1963.0,House
Ontario,kitchener-on,399900.0,2.0,2.0,975.0,Apt/Condo
Ontario,kitchener-on,819900.0,3.0,4.0,1573.0,House
Ontario,kitchener-on,699900.0,2.0,3.0,1450.0,Townhouse
Ontario,kitchener-on,575000.0,3.0,2.0,1439.0,House
Ontario,kitchener-on,679000.0,3.0,2.0,1193.0,House
Ontario,kitchener-on,725000.0,3.0,2.0,1100.0,House
Ontario,kitchener-on,1400000.0,4.0,3.0,2636.0,House
Ontario,kitchener-on,1025000.0,3.0,3.0,1808.0,House
Ontario,kitchener-on,850000.0,4.0,3.0,1796.0,House
Ontario,kitchener-on,799000.0,2.0,2.0,1723.0,House
Ontario,kitchener-on,329900.0,1.0,1.0,800.0,Apt/Condo
Ontario,kitchener-on,409000.0,2.0,2.0,1213.0,Apt/Condo
Ontario,kitchener-on,999000.0,4.0,4.0,2118.0,House
Ontario,kitchener-on,579900.0,2.0,2.0,999.0,Apt/Condo
Ontario,kitchener-on,400000.0,2.0,2.0,693.0,Apt/Condo
Ontario,kitchener-on,499999.0,2.0,2.0,800.0,Apt/Condo
Ontario,kitchener-on,9999000.0,43.0,35.0,26000.0,Apt/Condo
Ontario,kitchener-on,1250000.0,6.0,3.0,1890.0,Multifamily
Ontario,kitchener-on,1329000.0,5.0,5.0,2415.0,House
Ontario,kitchener-on,1169000.0,4.0,5.0,2538.0,House
Ontario,kitchener-on,499900.0,4.0,2.0,1497.0,Townhouse
Ontario,kitchener-on,399990.0,1.0,1.0,782.0,Townhouse
Ontario,kitchener-on,839900.0,3.0,2.0,1420.0,House
Ontario,kitchener-on,370000.0,2.0,1.0,699.0,Apt/Condo
Ontario,kitchener-on,750000.0,4.0,2.0,1454.0,House
Ontario,kitchener-on,459000.0,3.0,2.0,1150.0,Townhouse
Ontario,kitchener-on,579000.0,3.0,1.0,1703.0,House
Ontario,kitchener-on,949900.0,6.0,5.0,2204.0,House
Ontario,kitchener-on,599900.0,4.0,3.0,2499.0,Townhouse
Ontario,kitchener-on,1050000.0,4.0,3.0,2800.0,House
Ontario,kitchener-on,294900.0,1.0,1.0,700.0,Apt/Condo
Ontario,kitchener-on,599900.0,1.0,1.0,572.0,Apt/Condo
Ontario,kitchener-on,799900.0,2.0,2.0,769.0,Apt/Condo
Ontario,kitchener-on,669900.0,1.0,1.0,572.0,Apt/Condo
Ontario,kitchener-on,659900.0,1.0,1.0,572.0,Apt/Condo
Ontario,kitchener-on,775000.0,4.0,4.0,2000.0,Townhouse
Ontario,kitchener-on,579900.0,2.0,2.0,1000.0,Apt/Condo
Ontario,kitchener-on,429000.0,2.0,1.0,800.0,Townhouse
Ontario,kitchener-on,649990.0,2.0,3.0,1827.0,Townhouse
Ontario,kitchener-on,675000.0,4.0,2.0,2000.0,House
Ontario,kitchener-on,399999.0,2.0,1.0,963.0,Townhouse
Ontario,kitchener-on,337500.0,2.0,1.0,844.0,Apt/Condo
Ontario,kitchener-on,1129900.0,4.0,3.0,2124.0,House
Ontario,kitchener-on,599000.0,4.0,2.0,1130.0,House
Ontario,kitchener-on,294900.0,1.0,1.0,757.0,Apt/Condo
Ontario,kitchener-on,499000.0,1.0,1.0,700.0,Apt/Condo
Ontario,kitchener-on,915000.0,4.0,3.0,2000.0,House
Ontario,kitchener-on,449900.0,2.0,2.0,1000.0,Apt/Condo
Ontario,kitchener-on,599900.0,3.0,2.0,1074.0,House
Ontario,kitchener-on,989900.0,5.0,4.0,2346.0,House
Ontario,kitchener-on,359900.0,1.0,1.0,500.0,Apt/Condo
Ontario,kitchener-on,645000.0,2.0,3.0,1399.0,Townhouse
Ontario,kitchener-on,949000.0,4.0,2.0,1100.0,House
Ontario,kitchener-on,399900.0,2.0,1.0,950.0,Apt/Condo
Ontario,kitchener-on,450000.0,3.0,2.0,1368.0,House
Ontario,kitchener-on,749900.0,3.0,3.0,2000.0,Townhouse
Ontario,kitchener-on,479000.0,4.0,3.0,1000.0,Townhouse
Ontario,kitchener-on,474500.0,3.0,3.0,1186.0,Townhouse
Ontario,kitchener-on,599900.0,3.0,2.0,742.0,House
Ontario,kitchener-on,459900.0,2.0,2.0,780.0,Townhouse
Ontario,kitchener-on,529999.0,4.0,2.0,1399.0,Townhouse
Ontario,kitchener-on,328000.0,1.0,1.0,699.0,Apt/Condo
Ontario,kitchener-on,724999.0,3.0,3.0,1100.0,Townhouse
Ontario,kitchener-on,1349999.0,6.0,5.0,3850.0,House
Ontario,kitchener-on,515000.0,3.0,2.0,1348.0,Townhouse
Ontario,kitchener-on,1295000.0,3.0,2.0,2081.0,House
Ontario,kitchener-on,890000.0,3.0,4.0,2000.0,House
Ontario,kitchener-on,825000.0,3.0,3.0,1507.0,Townhouse
Ontario,kitchener-on,780000.0,3.0,3.0,2810.0,House
Ontario,kitchener-on,553990.0,2.0,3.0,1439.0,Townhouse
Ontario,kitchener-on,696990.0,3.0,3.0,1894.0,Townhouse
Ontario,kitchener-on,1191000.0,4.0,4.0,2500.0,House
Ontario,kitchener-on,379900.0,1.0,1.0,625.0,Apt/Condo
Ontario,kitchener-on,635000.0,2.0,3.0,1851.0,Townhouse
Ontario,kitchener-on,690000.0,3.0,2.0,1365.0,House
Ontario,kitchener-on,958000.0,4.0,3.0,1530.0,House
Ontario,kitchener-on,1290000.0,7.0,6.0,2845.0,House
Ontario,kitchener-on,524900.0,3.0,2.0,1214.0,Townhouse
Ontario,kitchener-on,424900.0,2.0,2.0,1234.0,Townhouse
Ontario,kitchener-on,659900.0,3.0,3.0,1400.0,Townhouse
Ontario,kitchener-on,679900.0,4.0,2.0,918.0,House
Ontario,kitchener-on,680000.0,5.0,2.0,840.0,House
Ontario,kitchener-on,695000.0,5.0,3.0,1283.0,Townhouse
Ontario,kitchener-on,850000.0,4.0,3.0,1642.0,House
Ontario,kitchener-on,649900.0,3.0,3.0,1360.0,Townhouse
Ontario,kitchener-on,469900.0,1.0,1.0,878.0,Townhouse
Ontario,kitchener-on,699900.0,3.0,2.0,1500.0,House
Ontario,kitchener-on,649900.0,1.0,3.0,2166.0,Townhouse
Ontario,kitchener-on,780000.0,3.0,2.0,1661.0,House
Ontario,kitchener-on,1279900.0,3.0,4.0,2621.0,House
Ontario,kitchener-on,339900.0,2.0,2.0,803.0,Apt/Condo
Ontario,kitchener-on,780000.0,3.0,2.0,1661.0,House
Ontario,kitchener-on,405000.0,2.0,2.0,880.0,Apt/Condo
Ontario,kitchener-on,519900.0,2.0,2.0,1230.0,Townhouse
Ontario,kitchener-on,349900.0,1.0,1.0,699.0,Apt/Condo
Ontario,kitchener-on,389900.0,1.0,1.0,699.0,Apt/Condo
Ontario,kitchener-on,378000.0,2.0,1.0,599.0,Apt/Condo
Ontario,kitchener-on,949000.0,4.0,4.0,2000.0,House
Ontario,kitchener-on,494000.0,3.0,2.0,1444.0,Apt/Condo
Ontario,kitchener-on,799900.0,5.0,2.0,1695.0,Duplex
Ontario,kitchener-on,459000.0,2.0,2.0,1080.0,Townhouse
Ontario,kitchener-on,574900.0,3.0,2.0,1224.0,Townhouse
Ontario,kitchener-on,525000.0,2.0,2.0,881.0,Apt/Condo
Ontario,kitchener-on,1299000.0,5.0,5.0,3172.0,House
Ontario,kitchener-on,639000.0,4.0,2.0,1212.0,House
Ontario,kitchener-on,997000.0,4.0,3.0,2176.0,House
Ontario,kitchener-on,1003500.0,4.0,3.0,2152.0,House
Ontario,kitchener-on,1050000.0,3.0,3.0,2106.0,House
Ontario,kitchener-on,1049900.0,3.0,3.0,1653.0,House
Ontario,kitchener-on,649900.0,3.0,3.0,1525.0,Townhouse
Ontario,kitchener-on,449900.0,3.0,2.0,1469.0,Apt/Condo
Ontario,kitchener-on,595900.0,3.0,3.0,2074.0,Townhouse
Ontario,kitchener-on,1325000.0,4.0,3.0,2476.0,House
Ontario,kitchener-on,389000.0,2.0,2.0,780.0,Townhouse
Ontario,kitchener-on,899000.0,4.0,3.0,2500.0,House
Ontario,kitchener-on,385000.0,2.0,1.0,700.0,Apt/Condo
Ontario,kitchener-on,749000.0,4.0,2.0,700.0,House
Ontario,kitchener-on,788000.0,5.0,2.0,1100.0,Duplex
Ontario,kitchener-on,899900.0,3.0,3.0,1680.0,House
Ontario,kitchener-on,484999.0,2.0,2.0,1014.0,Apt/Condo
Ontario,kitchener-on,424900.0,2.0,1.0,800.0,Apt/Condo
Ontario,kitchener-on,499999.0,2.0,2.0,700.0,Multifamily
Ontario,kitchener-on,349900.0,2.0,1.0,799.0,Apt/Condo
Ontario,kitchener-on,349000.0,1.0,1.0,599.0,Apt/Condo
Ontario,kitchener-on,695000.0,4.0,1.0,1694.0,House
Ontario,kitchener-on,1199900.0,5.0,5.0,3000.0,House
Ontario,kitchener-on,574900.0,3.0,2.0,700.0,House
Ontario,kitchener-on,609999.0,2.0,1.0,700.0,House
Ontario,kitchener-on,799900.0,3.0,2.0,1085.0,House
Ontario,waterloo-on,725000.0,3.0,2.0,1153.0,House
Ontario,waterloo-on,649900.0,3.0,3.0,2437.0,Apt/Condo
Ontario,waterloo-on,1699900.0,4.0,4.0,3582.0,House
Ontario,waterloo-on,330000.0,1.0,1.0,498.0,Apt/Condo
Ontario,waterloo-on,699000.0,4.0,3.0,1380.0,House
Ontario,waterloo-on,1995900.0,5.0,5.0,3706.0,House
Ontario,waterloo-on,899000.0,3.0,4.0,1715.0,House
Ontario,waterloo-on,950000.0,3.0,3.0,1223.0,House
Ontario,waterloo-on,699900.0,3.0,3.0,1476.0,House
Ontario,waterloo-on,699900.0,2.0,2.0,1469.0,Apt/Condo
Ontario,waterloo-on,775000.0,5.0,2.0,1066.0,House
Ontario,waterloo-on,599000.0,3.0,2.0,1485.0,Townhouse
Ontario,waterloo-on,485000.0,4.0,2.0,1316.0,Townhouse
Ontario,waterloo-on,1199000.0,3.0,4.0,2176.0,House
Ontario,waterloo-on,387900.0,1.0,1.0,574.0,Apt/Condo
Ontario,waterloo-on,449999.0,2.0,2.0,799.0,Apt/Condo
Ontario,waterloo-on,759000.0,4.0,2.0,1500.0,House
Ontario,waterloo-on,2950000.0,7.0,6.0,4522.0,House
Ontario,waterloo-on,764900.0,4.0,2.0,1739.0,House
Ontario,waterloo-on,1688888.0,5.0,4.0,3192.0,House
Ontario,waterloo-on,719000.0,3.0,3.0,1444.0,Townhouse
Ontario,waterloo-on,764900.0,4.0,2.0,1739.0,House
Ontario,waterloo-on,775000.0,4.0,2.0,1890.0,House
Ontario,waterloo-on,850000.0,3.0,3.0,1812.0,House
Ontario,waterloo-on,424990.0,2.0,2.0,700.0,Apt/Condo
Ontario,waterloo-on,849000.0,3.0,3.0,2072.0,House
Ontario,waterloo-on,480000.0,2.0,1.0,710.0,Apt/Condo
Ontario,waterloo-on,899900.0,3.0,3.0,2065.0,House
Ontario,waterloo-on,275000.0,2.0,1.0,600.0,Apt/Condo
Ontario,waterloo-on,499900.0,2.0,2.0,1095.0,Apt/Condo
Ontario,waterloo-on,574900.0,2.0,2.0,800.0,Apt/Condo
Ontario,waterloo-on,1599900.0,3.0,3.0,1621.0,House
Ontario,waterloo-on,749999.0,3.0,2.0,1171.0,House
Ontario,waterloo-on,899900.0,5.0,4.0,2632.0,House
Ontario,waterloo-on,749900.0,4.0,3.0,1456.0,House
Ontario,waterloo-on,1059000.0,5.0,3.0,2500.0,House
Ontario,waterloo-on,1249888.0,6.0,4.0,2556.0,House
Ontario,waterloo-on,799000.0,3.0,2.0,1129.0,House
Ontario,waterloo-on,969900.0,3.0,4.0,1940.0,House
Ontario,waterloo-on,675000.0,3.0,2.0,1468.0,House
Ontario,waterloo-on,1049900.0,4.0,3.0,2138.0,House
Ontario,waterloo-on,1159900.0,5.0,3.0,1786.0,House
Ontario,waterloo-on,1325000.0,4.0,3.0,2771.0,House
Ontario,waterloo-on,449800.0,2.0,2.0,834.0,Apt/Condo
Ontario,waterloo-on,549900.0,2.0,2.0,1081.0,Apt/Condo
Ontario,waterloo-on,479900.0,4.0,3.0,1250.0,Townhouse
Ontario,waterloo-on,590000.0,2.0,2.0,1048.0,Apt/Condo
Ontario,waterloo-on,1785000.0,6.0,4.0,2883.0,House
Ontario,waterloo-on,999900.0,5.0,3.0,3708.0,House
Ontario,waterloo-on,999900.0,5.0,3.0,3000.0,House
Ontario,waterloo-on,799000.0,8.0,4.0,2060.0,Multifamily
Ontario,waterloo-on,1150000.0,4.0,3.0,1931.0,House
Ontario,waterloo-on,2268888.0,2.0,3.0,2269.0,Apt/Condo
Ontario,waterloo-on,629999.0,3.0,4.0,1510.0,Townhouse
Ontario,waterloo-on,495000.0,2.0,2.0,1200.0,Apt/Condo
Ontario,waterloo-on,695000.0,3.0,3.0,1280.0,House
Ontario,waterloo-on,850000.0,8.0,3.0,2500.0,House
Ontario,waterloo-on,779999.0,3.0,3.0,1553.0,House
Ontario,waterloo-on,815000.0,4.0,2.0,1062.0,Duplex
Ontario,waterloo-on,800000.0,3.0,3.0,1487.0,House
Ontario,waterloo-on,549000.0,5.0,2.0,1278.0,Duplex
Ontario,waterloo-on,569000.0,2.0,2.0,1199.0,Townhouse
Ontario,waterloo-on,739900.0,3.0,3.0,1503.0,House
Ontario,waterloo-on,474900.0,4.0,2.0,1280.0,Townhouse
Ontario,waterloo-on,99999.0,2.0,1.0,553.0,Mfd/Mobile Home
Ontario,waterloo-on,845000.0,3.0,3.0,1500.0,House
Ontario,waterloo-on,475000.0,2.0,2.0,900.0,Apt/Condo
Ontario,waterloo-on,849000.0,3.0,4.0,1947.0,House
Ontario,waterloo-on,995000.0,4.0,3.0,2203.0,House
Ontario,waterloo-on,529000.0,5.0,2.0,1399.0,Apt/Condo
Ontario,waterloo-on,624999.0,3.0,2.0,1573.0,House
Ontario,waterloo-on,799900.0,3.0,2.0,1572.0,House
Ontario,waterloo-on,599000.0,3.0,2.0,1119.0,House
Ontario,waterloo-on,279900.0,1.0,1.0,601.0,Apt/Condo
Ontario,waterloo-on,649900.0,4.0,3.0,1422.0,Townhouse
Ontario,waterloo-on,399999.0,3.0,2.0,1350.0,Townhouse
Ontario,waterloo-on,999000.0,4.0,4.0,2296.0,House
Ontario,waterloo-on,958000.0,3.0,4.0,2249.0,Townhouse
Ontario,waterloo-on,274900.0,1.0,1.0,500.0,Apt/Condo
Ontario,waterloo-on,399000.0,1.0,1.0,792.0,Apt/Condo
Ontario,waterloo-on,336500.0,1.0,1.0,500.0,Apt/Condo
Ontario,waterloo-on,449000.0,2.0,2.0,1034.0,Townhouse
Ontario,waterloo-on,559000.0,6.0,3.0,1200.0,Townhouse
Ontario,waterloo-on,336500.0,1.0,1.0,499.0,Apt/Condo
Ontario,waterloo-on,399000.0,1.0,1.0,700.0,Apt/Condo
Ontario,waterloo-on,499000.0,1.0,0.0,877.0,Apt/Condo
Ontario,waterloo-on,625000.0,4.0,2.0,2019.0,Townhouse
Ontario,waterloo-on,489900.0,2.0,2.0,1110.0,Apt/Condo
Ontario,waterloo-on,529900.0,2.0,2.0,1302.0,Apt/Condo
Ontario,waterloo-on,759000.0,3.0,3.0,1404.0,House
Ontario,waterloo-on,1299999.0,5.0,4.0,2411.0,House
Ontario,waterloo-on,459900.0,3.0,2.0,1246.0,Townhouse
Ontario,waterloo-on,650000.0,5.0,2.0,1238.0,House
Ontario,waterloo-on,899900.0,6.0,2.0,1711.0,House
Ontario,waterloo-on,621000.0,3.0,2.0,1068.0,House
Ontario,waterloo-on,1149900.0,5.0,3.0,3417.0,House
Ontario,waterloo-on,699000.0,4.0,4.0,2000.0,House
Ontario,waterloo-on,1599000.0,5.0,2.0,2821.0,House
Ontario,waterloo-on,1449888.0,3.0,4.0,2512.0,House
Ontario,waterloo-on,955000.0,4.0,4.0,1820.0,House
Ontario,waterloo-on,800000.0,3.0,3.0,1420.0,House
Ontario,waterloo-on,499000.0,1.0,1.0,546.0,Apt/Condo
Ontario,waterloo-on,1990000.0,4.0,4.0,5811.0,House
Ontario,waterloo-on,600000.0,3.0,3.0,1377.0,Townhouse
Ontario,waterloo-on,379000.0,1.0,1.0,799.0,Apt/Condo
Ontario,waterloo-on,439900.0,3.0,2.0,1246.0,Apt/Condo
Ontario,waterloo-on,2335000.0,3.0,4.0,3132.0,House
Ontario,waterloo-on,460000.0,2.0,1.0,879.0,Apt/Condo
Ontario,waterloo-on,574900.0,2.0,3.0,1299.0,Townhouse
Ontario,waterloo-on,1249900.0,4.0,4.0,3577.0,House
Ontario,waterloo-on,599000.0,2.0,3.0,1000.0,Townhouse
Ontario,waterloo-on,450000.0,2.0,2.0,1000.0,Townhouse
Ontario,waterloo-on,1089900.0,4.0,3.0,2100.0,House
Ontario,waterloo-on,1464900.0,4.0,4.0,2900.0,House
Ontario,waterloo-on,990000.0,4.0,3.0,1416.0,House
Ontario,waterloo-on,1175000.0,3.0,3.0,1439.0,House
Ontario,waterloo-on,399000.0,1.0,1.0,571.0,Apt/Condo
Ontario,waterloo-on,499000.0,3.0,3.0,1058.0,Townhouse
Ontario,waterloo-on,724900.0,4.0,3.0,1326.0,House
Ontario,waterloo-on,758000.0,5.0,3.0,1659.0,Townhouse
Ontario,waterloo-on,747000.0,3.0,2.0,1187.0,House
Ontario,waterloo-on,638000.0,3.0,2.0,2084.0,House
Ontario,waterloo-on,470000.0,2.0,1.0,899.0,Apt/Condo
Ontario,waterloo-on,380000.0,2.0,1.0,599.0,Apt/Condo
Ontario,waterloo-on,819000.0,4.0,2.0,1100.0,House
Ontario,waterloo-on,725000.0,4.0,2.0,1117.0,House
Ontario,waterloo-on,1149000.0,3.0,4.0,2070.0,Townhouse
Ontario,waterloo-on,1699000.0,3.0,4.0,3553.0,House
Ontario,waterloo-on,659000.0,5.0,4.0,1799.0,Apt/Condo
Ontario,waterloo-on,1999000.0,3.0,5.0,2698.0,House
Ontario,waterloo-on,735000.0,3.0,3.0,1472.0,Townhouse
Ontario,waterloo-on,749900.0,4.0,3.0,1469.0,House
Ontario,waterloo-on,269900.0,1.0,1.0,700.0,Apt/Condo
Ontario,waterloo-on,1449900.0,4.0,4.0,3036.0,House
Ontario,waterloo-on,525000.0,5.0,2.0,1399.0,Apt/Condo
Ontario,waterloo-on,829600.0,5.0,3.0,1500.0,House
Ontario,waterloo-on,999900.0,4.0,3.0,2500.0,House
Ontario,waterloo-on,1200000.0,3.0,0.0,900.0,Multifamily
Ontario,waterloo-on,900000.0,5.0,2.0,900.0,Multifamily
Ontario,waterloo-on,1200000.0,6.0,2.0,900.0,Multifamily
Ontario,waterloo-on,775000.0,5.0,3.0,1100.0,House
Ontario,waterloo-on,1000000.0,4.0,2.0,1425.0,Multifamily
Ontario,waterloo-on,449900.0,2.0,2.0,821.0,Apt/Condo
Ontario,waterloo-on,499000.0,1.0,2.0,913.0,Apt/Condo
Ontario,waterloo-on,1100000.0,4.0,2.0,1706.0,House
Ontario,waterloo-on,315000.0,1.0,1.0,415.0,Apt/Condo
Ontario,waterloo-on,525000.0,5.0,2.0,1399.0,Apt/Condo
Ontario,waterloo-on,625000.0,4.0,2.0,1024.0,House
Ontario,waterloo-on,369900.0,1.0,1.0,564.0,Apt/Condo
Ontario,waterloo-on,499990.0,2.0,2.0,1124.0,Townhouse
Ontario,waterloo-on,599999.0,3.0,3.0,1999.0,Townhouse
Ontario,waterloo-on,669000.0,5.0,2.0,1100.0,House
Ontario,waterloo-on,849900.0,0.0,,,Land/Lot
Ontario,waterloo-on,395000.0,3.0,2.0,1300.0,Townhouse
Ontario,waterloo-on,400000.0,3.0,2.0,1300.0,Townhouse
Ontario,waterloo-on,679000.0,4.0,2.0,1067.0,House
Ontario,waterloo-on,1700000.0,4.0,4.0,2414.0,House
Ontario,waterloo-on,349000.0,1.0,2.0,703.0,Apt/Condo
Ontario,waterloo-on,799900.0,3.0,4.0,1706.0,Townhouse
Ontario,waterloo-on,324900.0,3.0,2.0,1359.0,Apt/Condo
Ontario,waterloo-on,1249900.0,4.0,3.0,2501.0,House
Ontario,waterloo-on,439900.0,2.0,2.0,854.0,Apt/Condo
Ontario,waterloo-on,550000.0,3.0,2.0,1301.0,Townhouse
Ontario,waterloo-on,850000.0,3.0,2.0,1637.0,House
Ontario,waterloo-on,699000.0,3.0,2.0,1114.0,House
Ontario,waterloo-on,324900.0,1.0,1.0,465.0,Apt/Condo
Ontario,waterloo-on,624900.0,3.0,2.0,1044.0,House
Ontario,waterloo-on,399999.0,2.0,2.0,1157.0,Apt/Condo
Ontario,waterloo-on,699900.0,2.0,2.0,1630.0,Apt/Condo
Ontario,waterloo-on,285000.0,1.0,1.0,,Apt/Condo
Ontario,waterloo-on,439900.0,1.0,1.0,752.0,Apt/Condo
Ontario,waterloo-on,279000.0,2.0,2.0,947.0,Apt/Condo
Ontario,waterloo-on,999000.0,4.0,3.0,1333.0,House
Ontario,waterloo-on,399000.0,1.0,1.0,644.0,Apt/Condo
Ontario,waterloo-on,449900.0,2.0,2.0,1125.0,Apt/Condo
Ontario,waterloo-on,572900.0,2.0,3.0,1284.0,Townhouse
Ontario,waterloo-on,749900.0,3.0,3.0,2044.0,Townhouse
Ontario,waterloo-on,522900.0,3.0,2.0,1134.0,Townhouse
Ontario,waterloo-on,567900.0,2.0,3.0,1225.0,Townhouse
Ontario,waterloo-on,542900.0,2.0,2.0,1031.0,Townhouse
Ontario,waterloo-on,849000.0,3.0,2.0,1294.0,House
Ontario,waterloo-on,605000.0,5.0,2.0,1100.0,House
Ontario,waterloo-on,699900.0,3.0,3.0,1929.0,Townhouse
Ontario,waterloo-on,599000.0,4.0,2.0,1100.0,House
Ontario,waterloo-on,429900.0,3.0,2.0,1139.0,Townhouse
Ontario,waterloo-on,279900.0,2.0,2.0,930.0,Apt/Condo
Ontario,waterloo-on,739900.0,3.0,2.0,1433.0,House
Ontario,waterloo-on,479900.0,2.0,2.0,969.0,Apt/Condo
Ontario,waterloo-on,589900.0,3.0,2.0,1369.0,Townhouse
Ontario,waterloo-on,475000.0,3.0,3.0,1200.0,Townhouse
Ontario,waterloo-on,574900.0,2.0,2.0,1124.0,Townhouse
Ontario,waterloo-on,480900.0,2.0,1.0,842.0,Apt/Condo
Ontario,waterloo-on,569900.0,2.0,2.0,1124.0,Townhouse
Ontario,waterloo-on,300000.0,1.0,1.0,499.0,Apt/Condo
Ontario,waterloo-on,565000.0,2.0,2.0,1298.0,Townhouse
Ontario,waterloo-on,509000.0,2.0,1.0,600.0,Apt/Condo
Ontario,waterloo-on,649000.0,2.0,2.0,900.0,Apt/Condo
Ontario,waterloo-on,475900.0,2.0,1.0,842.0,Apt/Condo
Ontario,waterloo-on,25000.0,0.0,0.0,,Parking Spot
Ontario,waterloo-on,2799000.0,5.0,5.0,4735.0,House
Ontario,waterloo-on,825000.0,3.0,3.0,1607.0,House
Ontario,waterloo-on,25000.0,0.0,0.0,,Parking Spot
Ontario,waterloo-on,829900.0,3.0,2.0,1832.0,House
Ontario,waterloo-on,599900.0,2.0,4.0,1516.0,Townhouse
Ontario,waterloo-on,1999900.0,6.0,5.0,3600.0,House
Ontario,waterloo-on,539000.0,2.0,4.0,1532.0,Townhouse
Ontario,waterloo-on,549900.0,2.0,2.0,1444.0,Apt/Condo
Ontario,waterloo-on,309000.0,1.0,1.0,450.0,Apt/Condo
Ontario,waterloo-on,549000.0,3.0,2.0,1571.0,Apt/Condo
Ontario,waterloo-on,419900.0,2.0,1.0,541.0,Apt/Condo
Ontario,waterloo-on,875000.0,5.0,2.0,1100.0,Duplex
Ontario,waterloo-on,409000.0,1.0,1.0,604.0,Apt/Condo
Ontario,waterloo-on,419900.0,2.0,1.0,599.0,Apt/Condo
Ontario,waterloo-on,1879000.0,4.0,5.0,3515.0,House
Ontario,waterloo-on,499900.0,3.0,2.0,1066.0,Townhouse
Ontario,waterloo-on,639000.0,2.0,2.0,1079.0,Apt/Condo
Ontario,waterloo-on,799999.0,6.0,2.0,1500.0,House
Ontario,waterloo-on,499000.0,2.0,3.0,1200.0,Apt/Condo
Ontario,waterloo-on,470000.0,2.0,2.0,954.0,Apt/Condo
Ontario,waterloo-on,539000.0,5.0,2.0,1399.0,Apt/Condo
Ontario,waterloo-on,874900.0,3.0,4.0,2632.0,House
Ontario,waterloo-on,1170000.0,5.0,4.0,2346.0,House
Ontario,waterloo-on,799000.0,5.0,2.0,1100.0,House
Ontario,waterloo-on,999999.0,3.0,4.0,2013.0,House
Ontario,waterloo-on,495000.0,2.0,2.0,1158.0,Townhouse
Ontario,waterloo-on,799000.0,4.0,4.0,1500.0,House
Ontario,waterloo-on,429900.0,2.0,2.0,692.0,Apt/Condo
Ontario,waterloo-on,1559000.0,5.0,5.0,2994.0,House
Ontario,waterloo-on,745000.0,3.0,2.0,1259.0,House
Ontario,waterloo-on,995000.0,3.0,3.0,2739.0,Townhouse
Ontario,waterloo-on,819990.0,4.0,2.0,1208.0,House
Ontario,waterloo-on,1159900.0,3.0,4.0,3779.0,House
Ontario,waterloo-on,849800.0,3.0,3.0,1620.0,House
Ontario,waterloo-on,850000.0,2.0,1.0,1900.0,House
Ontario,waterloo-on,650000.0,2.0,2.0,1120.0,Apt/Condo
Ontario,waterloo-on,739900.0,5.0,5.0,2249.0,Apt/Condo
Ontario,waterloo-on,1839000.0,3.0,4.0,3061.0,House
Ontario,waterloo-on,958000.0,3.0,4.0,2249.0,Townhouse
Ontario,waterloo-on,325000.0,2.0,1.0,1075.0,Apt/Condo
Ontario,waterloo-on,750000.0,2.0,2.0,1363.0,Apt/Condo
Ontario,waterloo-on,749900.0,3.0,4.0,1505.0,Townhouse
Ontario,waterloo-on,424900.0,2.0,2.0,1152.0,Apt/Condo
Ontario,waterloo-on,864900.0,4.0,4.0,2701.0,House
Ontario,waterloo-on,985000.0,3.0,3.0,2500.0,House
Ontario,waterloo-on,498000.0,4.0,2.0,1193.0,Townhouse
Ontario,waterloo-on,1225000.0,8.0,4.0,1837.0,Multifamily
Ontario,waterloo-on,1945000.0,5.0,6.0,3958.0,House
Ontario,waterloo-on,389000.0,2.0,1.0,500.0,Apt/Condo
Ontario,waterloo-on,589900.0,3.0,1.0,983.0,House
Ontario,waterloo-on,719900.0,2.0,2.0,1799.0,Apt/Condo
Ontario,waterloo-on,640000.0,3.0,3.0,1845.0,Townhouse
Ontario,waterloo-on,689000.0,2.0,2.0,1100.0,Apt/Condo
Ontario,waterloo-on,899000.0,3.0,3.0,2160.0,Townhouse
Ontario,waterloo-on,839900.0,3.0,4.0,1747.0,Townhouse
Ontario,waterloo-on,445000.0,2.0,2.0,1027.0,Apt/Condo
Ontario,waterloo-on,999900.0,5.0,5.0,3355.0,House
Ontario,waterloo-on,1479999.0,11.0,6.0,2000.0,House
Ontario,waterloo-on,650000.0,3.0,2.0,1577.0,House
Ontario,waterloo-on,869900.0,4.0,4.0,1935.0,House
Ontario,waterloo-on,1199900.0,4.0,4.0,2200.0,House
Ontario,waterloo-on,515000.0,0.0,0.0,,Land/Lot
Ontario,waterloo-on,515000.0,0.0,0.0,,Land/Lot
Ontario,waterloo-on,359000.0,2.0,2.0,699.0,Apt/Condo
Ontario,waterloo-on,465000.0,2.0,2.0,1119.0,Apt/Condo
Ontario,waterloo-on,359900.0,1.0,1.0,510.0,Apt/Condo
Ontario,waterloo-on,699900.0,2.0,2.0,1264.0,Apt/Condo
Ontario,waterloo-on,1195000.0,4.0,2.0,2276.0,House
Ontario,waterloo-on,419000.0,1.0,1.0,690.0,Apt/Condo
Ontario,waterloo-on,529000.0,2.0,2.0,782.0,Apt/Condo
Ontario,waterloo-on,529999.0,3.0,1.0,1138.0,Townhouse
Ontario,waterloo-on,1875000.0,15.0,6.0,4500.0,Multifamily
Ontario,waterloo-on,659000.0,2.0,2.0,1246.0,Apt/Condo
Ontario,waterloo-on,1249900.0,5.0,4.0,3000.0,House
Ontario,waterloo-on,395000.0,2.0,2.0,1123.0,Apt/Condo
Ontario,waterloo-on,1349900.0,2.0,2.0,1794.0,Apt/Condo
Ontario,waterloo-on,1125000.0,3.0,3.0,2687.0,House
Ontario,waterloo-on,1769900.0,6.0,5.0,3646.0,House
Ontario,waterloo-on,519900.0,2.0,1.0,700.0,Apt/Condo
Ontario,waterloo-on,520000.0,2.0,1.0,605.0,Apt/Condo
Ontario,waterloo-on,390000.0,1.0,1.0,600.0,Apt/Condo
Ontario,waterloo-on,699999.0,4.0,4.0,1836.0,Townhouse
Ontario,waterloo-on,1295000.0,3.0,3.0,2889.0,House
Ontario,waterloo-on,1795000.0,5.0,5.0,3508.0,House
Ontario,waterloo-on,1049000.0,3.0,4.0,2131.0,Townhouse
Ontario,waterloo-on,410000.0,2.0,1.0,1050.0,Townhouse
Ontario,waterloo-on,1239900.0,4.0,5.0,2774.0,House
Ontario,waterloo-on,899900.0,3.0,3.0,2318.0,Townhouse
Ontario,waterloo-on,474900.0,1.0,2.0,771.0,Apt/Condo
Ontario,waterloo-on,850000.0,3.0,3.0,1621.0,House
Ontario,waterloo-on,875000.0,3.0,3.0,1560.0,House
Ontario,waterloo-on,339900.0,1.0,1.0,498.0,Apt/Condo
Ontario,waterloo-on,6999000.0,0.0,,,Land/Lot
Ontario,waterloo-on,439900.0,1.0,1.0,633.0,Apt/Condo
Ontario,waterloo-on,699900.0,3.0,2.0,1483.0,House
Ontario,waterloo-on,108000.0,2.0,2.0,888.0,Mfd/Mobile Home
Ontario,waterloo-on,108000.0,2.0,2.0,700.0,Mfd/Mobile Home
Ontario,waterloo-on,6900000.0,72.0,0.0,20700.0,Apt/Condo
Ontario,waterloo-on,1349000.0,7.0,4.0,2500.0,House
Ontario,waterloo-on,349888.0,2.0,2.0,1292.0,Apt/Condo
Ontario,waterloo-on,460000.0,2.0,2.0,999.0,Apt/Condo
Ontario,waterloo-on,1149900.0,4.0,4.0,1881.0,House
Ontario,waterloo-on,500000.0,3.0,2.0,1290.0,Townhouse
Ontario,waterloo-on,1799000.0,5.0,5.0,3254.0,House
Ontario,waterloo-on,759900.0,4.0,3.0,1343.0,House
Ontario,waterloo-on,309900.0,1.0,1.0,,Apt/Condo
Ontario,waterloo-on,468000.0,2.0,1.0,500.0,Apt/Condo
Ontario,waterloo-on,579900.0,2.0,2.0,900.0,Apt/Condo
Ontario,waterloo-on,499000.0,2.0,2.0,1093.0,Apt/Condo
Ontario,waterloo-on,499000.0,2.0,3.0,1515.0,Townhouse
Ontario,waterloo-on,539999.0,3.0,2.0,1302.0,Apt/Condo
Ontario,waterloo-on,750000.0,2.0,3.0,1877.0,Apt/Condo
Ontario,waterloo-on,999800.0,4.0,4.0,2384.0,House
Ontario,waterloo-on,1199000.0,4.0,4.0,2984.0,House
Ontario,waterloo-on,1500000.0,16.0,6.0,4244.0,Multifamily
Ontario,waterloo-on,600000.0,2.0,3.0,1399.0,Townhouse
Ontario,waterloo-on,719000.0,2.0,2.0,1354.0,Apt/Condo
Ontario,waterloo-on,769900.0,2.0,2.0,1147.0,House
Ontario,waterloo-on,474900.0,5.0,3.0,1578.0,Townhouse
Ontario,waterloo-on,760000.0,5.0,3.0,1025.0,House
Ontario,waterloo-on,648000.0,5.0,3.0,1799.0,Townhouse
Ontario,waterloo-on,1295000.0,4.0,4.0,2774.0,House
Ontario,waterloo-on,499000.0,2.0,2.0,1050.0,Apt/Condo
Ontario,waterloo-on,1895000.0,4.0,4.0,3839.0,House
Ontario,waterloo-on,435000.0,1.0,2.0,877.0,Apt/Condo
Ontario,waterloo-on,429000.0,2.0,2.0,699.0,Apt/Condo
Ontario,waterloo-on,774900.0,4.0,2.0,1268.0,House
Ontario,waterloo-on,519000.0,2.0,1.0,730.0,Apt/Condo
Ontario,waterloo-on,399900.0,1.0,1.0,545.0,Apt/Condo
Ontario,waterloo-on,399000.0,4.0,2.0,1399.0,Townhouse
Ontario,waterloo-on,2200000.0,3.0,4.0,3562.0,House
Ontario,waterloo-on,399000.0,4.0,2.0,1399.0,Townhouse
Ontario,waterloo-on,1249000.0,4.0,4.0,2716.0,House
Ontario,waterloo-on,275999.0,0.0,1.0,,Apt/Condo
Ontario,waterloo-on,1450000.0,5.0,4.0,2587.0,House
Ontario,waterloo-on,899900.0,3.0,3.0,2367.0,Townhouse
Ontario,waterloo-on,699000.0,0.0,,,Land/Lot
Ontario,waterloo-on,517500.0,2.0,2.0,1357.0,Apt/Condo
Ontario,waterloo-on,439900.0,1.0,1.0,600.0,Apt/Condo
Ontario,waterloo-on,1250000.0,4.0,0.0,2097.0,Multifamily
Ontario,waterloo-on,699000.0,3.0,1.0,1248.0,House
Ontario,waterloo-on,385000.0,2.0,2.0,1100.0,Apt/Condo
Ontario,waterloo-on,1850000.0,4.0,3.0,2000.0,House
Ontario,waterloo-on,575000.0,3.0,2.0,999.0,Apt/Condo
Ontario,waterloo-on,1849900.0,5.0,4.0,2500.0,House
Ontario,waterloo-on,439900.0,1.0,1.0,723.0,Apt/Condo
Ontario,waterloo-on,1056900.0,3.0,3.0,2807.0,House
Ontario,waterloo-on,1105900.0,4.0,3.0,2791.0,House
Ontario,waterloo-on,1239900.0,4.0,3.0,2405.0,House
Ontario,waterloo-on,1079900.0,4.0,2.0,2881.0,House
Ontario,waterloo-on,469999.0,2.0,2.0,836.0,Apt/Condo
Ontario,waterloo-on,1499000.0,3.0,5.0,2262.0,Townhouse
Ontario,waterloo-on,2865000.0,4.0,5.0,4499.0,House
Ontario,waterloo-on,994900.0,3.0,4.0,2409.0,House
Ontario,waterloo-on,1995000.0,6.0,4.0,3500.0,House
Ontario,waterloo-on,1089900.0,4.0,3.0,2751.0,House
Ontario,waterloo-on,899900.0,3.0,3.0,2101.0,House
Ontario,waterloo-on,708000.0,3.0,2.0,1078.0,House
Ontario,waterloo-on,499900.0,3.0,3.0,1555.0,Townhouse
Ontario,waterloo-on,359000.0,1.0,1.0,592.0,Apt/Condo
Ontario,waterloo-on,449900.0,3.0,2.0,1175.0,Apt/Condo
Ontario,waterloo-on,789900.0,5.0,2.0,1254.0,House
Ontario,waterloo-on,1360000.0,2.0,2.0,1774.0,House
Ontario,waterloo-on,319900.0,1.0,1.0,818.0,Apt/Condo
Ontario,waterloo-on,549900.0,2.0,3.0,1200.0,Townhouse
Ontario,waterloo-on,499000.0,1.0,2.0,906.0,Apt/Condo
Ontario,waterloo-on,949900.0,4.0,3.0,2140.0,House
Ontario,waterloo-on,529900.0,3.0,2.0,1303.0,Townhouse
Ontario,waterloo-on,719000.0,3.0,2.0,800.0,Apt/Condo
Ontario,waterloo-on,399000.0,2.0,2.0,799.0,Apt/Condo
Ontario,waterloo-on,539990.0,3.0,2.0,1304.0,Apt/Condo
Ontario,waterloo-on,498000.0,2.0,1.0,899.0,Apt/Condo
Ontario,waterloo-on,454900.0,2.0,2.0,715.0,Apt/Condo
Ontario,waterloo-on,449000.0,2.0,2.0,1250.0,Apt/Condo
Ontario,waterloo-on,378000.0,1.0,2.0,927.0,Apt/Condo
Ontario,waterloo-on,709990.0,4.0,4.0,1836.0,Townhouse
Ontario,waterloo-on,399900.0,1.0,1.0,500.0,Apt/Condo
Ontario,waterloo-on,449000.0,2.0,2.0,1446.0,Apt/Condo
Ontario,waterloo-on,379900.0,1.0,1.0,501.0,Apt/Condo
Ontario,waterloo-on,429900.0,1.0,2.0,877.0,Apt/Condo
Ontario,waterloo-on,724900.0,4.0,4.0,1836.0,Townhouse
Ontario,waterloo-on,1199000.0,4.0,3.0,2000.0,House
Ontario,waterloo-on,1222200.0,4.0,3.0,2679.0,House
Ontario,waterloo-on,849000.0,4.0,4.0,1500.0,House
Ontario,waterloo-on,560000.0,5.0,2.0,1399.0,Apt/Condo
Ontario,waterloo-on,519900.0,1.0,2.0,1287.0,Apt/Condo
Ontario,waterloo-on,450000.0,2.0,1.0,599.0,Apt/Condo
Ontario,waterloo-on,514999.0,1.0,1.0,600.0,Apt/Condo
Ontario,waterloo-on,490500.0,2.0,1.0,500.0,Apt/Condo
Ontario,waterloo-on,385000.0,3.0,2.0,1287.0,Apt/Condo
Ontario,waterloo-on,99000.0,2.0,1.0,,House
Ontario,waterloo-on,399900.0,2.0,1.0,599.0,Apt/Condo
Ontario,waterloo-on,99000.0,1.0,1.0,1100.0,House
Ontario,waterloo-on,309900.0,1.0,1.0,,Apt/Condo
Ontario,waterloo-on,644900.0,3.0,2.0,1970.0,Apt/Condo
Ontario,waterloo-on,919000.0,2.0,3.0,2163.0,Townhouse
Ontario,waterloo-on,549000.0,2.0,4.0,1288.0,Townhouse
Ontario,waterloo-on,349990.0,1.0,1.0,499.0,Apt/Condo
Ontario,waterloo-on,550000.0,3.0,2.0,1199.0,Apt/Condo
Ontario,waterloo-on,365000.0,1.0,1.0,500.0,Apt/Condo
Ontario,waterloo-on,544900.0,1.0,1.0,550.0,Apt/Condo
Ontario,waterloo-on,430000.0,3.0,2.0,1000.0,Townhouse
Ontario,waterloo-on,514900.0,2.0,2.0,918.0,Apt/Condo
Ontario,waterloo-on,10000000.0,0.0,0.0,,Land/Lot
Ontario,waterloo-on,699900.0,2.0,,,Apt/Condo
Ontario,waterloo-on,799900.0,2.0,2.0,1440.0,Apt/Condo
Ontario,waterloo-on,699000.0,3.0,2.0,800.0,Apt/Condo
Ontario,waterloo-on,939900.0,3.0,4.0,1888.0,Townhouse
Ontario,waterloo-on,1299900.0,2.0,2.0,2241.0,Apt/Condo
Ontario,waterloo-on,448000.0,2.0,1.0,500.0,Apt/Condo
Ontario,waterloo-on,575000.0,0.0,,,Land/Lot
Ontario,waterloo-on,269900.0,1.0,2.0,734.0,Apt/Condo
Ontario,waterloo-on,499900.0,4.0,2.0,1199.0,Townhouse
Ontario,waterloo-on,1438000.0,4.0,4.0,3117.0,House
Ontario,waterloo-on,289000.0,2.0,2.0,716.0,Apt/Condo
Ontario,waterloo-on,459000.0,1.0,1.0,799.0,Apt/Condo
Ontario,waterloo-on,1139900.0,4.0,4.0,2456.0,House
Ontario,waterloo-on,405000.0,1.0,2.0,773.0,Apt/Condo
Ontario,waterloo-on,1149999.0,5.0,4.0,1991.0,House
Ontario,waterloo-on,699900.0,3.0,2.0,830.0,Apt/Condo
Ontario,waterloo-on,399999.0,5.0,3.0,1400.0,Townhouse
Ontario,waterloo-on,575000.0,3.0,4.0,1601.0,Townhouse
Ontario,waterloo-on,460000.0,1.0,2.0,607.0,Apt/Condo
Ontario,waterloo-on,479000.0,2.0,2.0,1399.0,Apt/Condo
Ontario,waterloo-on,549900.0,2.0,2.0,885.0,Townhouse
Ontario,waterloo-on,549900.0,2.0,2.0,885.0,Townhouse
Ontario,waterloo-on,689900.0,2.0,2.0,1325.0,Townhouse
Ontario,waterloo-on,419900.0,1.0,1.0,675.0,Townhouse
Ontario,waterloo-on,689900.0,2.0,2.0,1325.0,Townhouse
Ontario,waterloo-on,580900.0,2.0,3.0,1080.0,Townhouse
Ontario,waterloo-on,699900.0,2.0,3.0,1427.0,Townhouse
Ontario,waterloo-on,699900.0,2.0,3.0,1427.0,Townhouse
Ontario,waterloo-on,1300000.0,4.0,3.0,2297.0,House
Ontario,waterloo-on,1729000.0,5.0,4.0,4430.0,House
Ontario,waterloo-on,1300000.0,4.0,3.0,4021.0,House
Ontario,waterloo-on,10000000.0,0.0,,,Land/Lot
Ontario,waterloo-on,3650000.0,28.0,17.0,10697.0,Apt/Condo
Ontario,waterloo-on,349900.0,2.0,1.0,727.0,Apt/Condo
Ontario,waterloo-on,285000.0,2.0,2.0,1219.0,Apt/Condo
Ontario,waterloo-on,679900.0,3.0,3.0,1845.0,Townhouse
Ontario,waterloo-on,569900.0,5.0,2.0,1158.0,Apt/Condo
Ontario,waterloo-on,9999999.0,0.0,0.0,,Land/Lot
Ontario,waterloo-on,275000.0,1.0,1.0,711.0,Apt/Condo
Ontario,waterloo-on,579900.0,5.0,2.0,1399.0,Apt/Condo
Ontario,waterloo-on,619900.0,0.0,,,Land/Lot
Ontario,waterloo-on,398000.0,1.0,1.0,584.0,Apt/Condo
Ontario,waterloo-on,888888.0,5.0,5.0,2104.0,Apt/Condo
Ontario,waterloo-on,639900.0,2.0,2.0,1814.0,Apt/Condo
Ontario,waterloo-on,580900.0,2.0,3.0,1080.0,Townhouse
Ontario,waterloo-on,689900.0,2.0,2.0,1325.0,Townhouse
Ontario,waterloo-on,689900.0,2.0,2.0,1325.0,Townhouse
Ontario,waterloo-on,699900.0,2.0,3.0,1427.0,Townhouse
Ontario,waterloo-on,699900.0,2.0,3.0,1427.0,Townhouse
Ontario,waterloo-on,580900.0,2.0,3.0,1080.0,Townhouse
Ontario,waterloo-on,580900.0,2.0,3.0,1080.0,Townhouse
Ontario,waterloo-on,580900.0,2.0,3.0,1080.0,Townhouse
Ontario,waterloo-on,580900.0,2.0,3.0,1080.0,Townhouse
Ontario,waterloo-on,699900.0,2.0,3.0,1427.0,Townhouse
Ontario,waterloo-on,580900.0,2.0,3.0,1080.0,Townhouse
Ontario,waterloo-on,580900.0,2.0,3.0,1080.0,Townhouse
Ontario,waterloo-on,580900.0,2.0,3.0,1080.0,Townhouse
Ontario,waterloo-on,699900.0,2.0,3.0,1427.0,Townhouse
Ontario,waterloo-on,699900.0,2.0,3.0,1427.0,Townhouse
Ontario,waterloo-on,699900.0,2.0,3.0,1427.0,Townhouse
Ontario,waterloo-on,580900.0,2.0,3.0,1080.0,Townhouse
Ontario,waterloo-on,580900.0,2.0,3.0,1080.0,Townhouse
Ontario,waterloo-on,580900.0,2.0,3.0,1080.0,Townhouse
Ontario,waterloo-on,580900.0,2.0,3.0,1080.0,Townhouse
Ontario,waterloo-on,580900.0,2.0,3.0,1080.0,Townhouse
Ontario,waterloo-on,699900.0,2.0,3.0,1427.0,Townhouse
Ontario,waterloo-on,899900.0,3.0,3.0,1550.0,House
Ontario,waterloo-on,569900.0,5.0,2.0,1389.0,Apt/Condo
Ontario,waterloo-on,799000.0,5.0,3.0,700.0,House
Ontario,waterloo-on,699900.0,3.0,3.0,1343.0,House
Ontario,waterloo-on,457900.0,3.0,2.0,1087.0,Townhouse
Ontario,waterloo-on,409999.0,2.0,2.0,600.0,Apt/Condo
Ontario,waterloo-on,799900.0,8.0,3.0,1900.0,House
Ontario,waterloo-on,379999.0,1.0,1.0,655.0,Apt/Condo
Ontario,waterloo-on,575000.0,3.0,2.0,1972.0,Apt/Condo
Ontario,waterloo-on,449900.0,2.0,2.0,961.0,Apt/Condo
Ontario,waterloo-on,679900.0,2.0,2.0,1320.0,Townhouse
Ontario,waterloo-on,580900.0,2.0,3.0,1080.0,Townhouse
Ontario,waterloo-on,699900.0,2.0,3.0,1427.0,Townhouse
Ontario,waterloo-on,1700000.0,14.0,3.0,2500.0,Triplex
Ontario,waterloo-on,495000.0,1.0,2.0,800.0,Apt/Condo
Ontario,waterloo-on,367700.0,1.0,1.0,569.0,Apt/Condo
Ontario,waterloo-on,459800.0,5.0,3.0,1200.0,Townhouse
Ontario,waterloo-on,392000.0,2.0,2.0,963.0,Apt/Condo
Ontario,waterloo-on,105000.0,1.0,1.0,,House
Ontario,waterloo-on,769900.0,3.0,2.0,1244.0,House
Ontario,waterloo-on,499000.0,2.0,1.0,550.0,Apt/Condo
Ontario,waterloo-on,499999.0,2.0,2.0,692.0,Apt/Condo
Ontario,waterloo-on,569000.0,5.0,2.0,1199.0,Apt/Condo
Ontario,waterloo-on,699900.0,3.0,3.0,1100.0,Townhouse
Ontario,waterloo-on,589000.0,5.0,2.0,1200.0,Apt/Condo
Ontario,waterloo-on,559900.0,4.0,3.0,1799.0,Townhouse
Ontario,waterloo-on,432990.0,2.0,2.0,700.0,Apt/Condo
Ontario,waterloo-on,329990.0,1.0,1.0,499.0,Apt/Condo
Ontario,waterloo-on,769900.0,3.0,3.0,1522.0,Townhouse
Ontario,waterloo-on,524900.0,1.0,2.0,918.0,Apt/Condo
Ontario,waterloo-on,419900.0,2.0,1.0,599.0,Apt/Condo
Ontario,london-on,799000.0,4.0,3.0,2500.0,House
Ontario,london-on,1049000.0,4.0,4.0,3000.0,House
Ontario,london-on,949900.0,5.0,4.0,3000.0,House
Ontario,london-on,469900.0,5.0,3.0,1000.0,Townhouse
Ontario,london-on,600000.0,6.0,4.0,2500.0,Multifamily
Ontario,london-on,399900.0,4.0,1.0,1500.0,House
Ontario,london-on,499900.0,1.0,1.0,700.0,House
Ontario,london-on,549900.0,3.0,3.0,1399.0,Townhouse
Ontario,london-on,670000.0,4.0,2.0,,House
Ontario,london-on,334900.0,3.0,2.0,1200.0,Townhouse
Ontario,london-on,419900.0,3.0,2.0,2000.0,Townhouse
Ontario,london-on,840000.0,5.0,4.0,2000.0,House
Ontario,london-on,475000.0,3.0,2.0,1500.0,House
Ontario,london-on,529900.0,3.0,3.0,1100.0,House
Ontario,london-on,1065000.0,5.0,4.0,2500.0,House
Ontario,london-on,409900.0,2.0,2.0,1000.0,Apt/Condo
Ontario,london-on,539900.0,3.0,3.0,1200.0,Townhouse
Ontario,london-on,450000.0,2.0,3.0,1000.0,Townhouse
Ontario,london-on,644900.0,3.0,3.0,1500.0,House
Ontario,london-on,399900.0,3.0,2.0,1200.0,Townhouse
Ontario,london-on,499999.0,3.0,1.0,1500.0,Apt/Condo
Ontario,london-on,824900.0,4.0,3.0,2000.0,House
Ontario,london-on,499900.0,3.0,2.0,1100.0,House
Ontario,london-on,889900.0,3.0,3.0,2000.0,House
Ontario,london-on,629900.0,3.0,3.0,1600.0,Townhouse
Ontario,london-on,400000.0,3.0,1.0,700.0,House
Ontario,london-on,289900.0,1.0,1.0,700.0,House
Ontario,london-on,295900.0,2.0,1.0,700.0,House
Ontario,london-on,740000.0,2.0,2.0,1400.0,Apt/Condo
Ontario,london-on,420000.0,3.0,1.0,700.0,House
Ontario,london-on,419999.0,3.0,1.0,700.0,House
Ontario,london-on,329900.0,2.0,2.0,1000.0,Apt/Condo
Ontario,london-on,349900.0,3.0,2.0,1199.0,Townhouse
Ontario,london-on,748900.0,4.0,4.0,1500.0,House
Ontario,london-on,349900.0,2.0,1.0,,Apt/Condo
Ontario,london-on,499000.0,2.0,3.0,1200.0,Townhouse
Ontario,london-on,870000.0,5.0,4.0,2500.0,House
Ontario,london-on,629900.0,3.0,2.0,1100.0,House
Ontario,london-on,259900.0,2.0,1.0,800.0,Apt/Condo
Ontario,london-on,489900.0,4.0,1.0,1100.0,House
Ontario,london-on,429900.0,3.0,1.0,700.0,House
Ontario,london-on,489900.0,4.0,1.0,1100.0,House
Ontario,london-on,870000.0,5.0,4.0,2500.0,House
Ontario,london-on,629900.0,3.0,2.0,1100.0,House
Ontario,london-on,259900.0,2.0,1.0,800.0,Apt/Condo
Ontario,london-on,759999.0,3.0,2.0,1500.0,House
Ontario,london-on,519000.0,5.0,2.0,700.0,House
Ontario,london-on,619900.0,5.0,3.0,700.0,House
Ontario,london-on,589900.0,4.0,4.0,2000.0,Townhouse
Ontario,london-on,799900.0,4.0,4.0,1500.0,House
Ontario,london-on,998000.0,3.0,4.0,1500.0,House
Ontario,london-on,777700.0,3.0,3.0,2500.0,Townhouse
Ontario,london-on,628888.0,4.0,2.0,1500.0,Multifamily
Ontario,london-on,199900.0,1.0,1.0,600.0,Apt/Condo
Ontario,london-on,699900.0,4.0,3.0,1399.0,Townhouse
Ontario,london-on,927000.0,3.0,2.0,2000.0,Apt/Condo
Ontario,london-on,489900.0,2.0,2.0,1100.0,House
Ontario,london-on,2000000.0,0.0,,87120.0,Land/Lot
Ontario,london-on,649900.0,4.0,2.0,1100.0,House
Ontario,london-on,805000.0,4.0,3.0,1100.0,House
Ontario,london-on,429000.0,3.0,2.0,1400.0,Townhouse
Ontario,london-on,399900.0,2.0,2.0,700.0,Multifamily
Ontario,london-on,384900.0,2.0,2.0,1000.0,Apt/Condo
Ontario,london-on,579000.0,3.0,4.0,1400.0,Townhouse
Ontario,london-on,119900.0,2.0,1.0,600.0,Apt/Condo
Ontario,london-on,569900.0,6.0,2.0,1100.0,House
Ontario,london-on,499000.0,5.0,2.0,700.0,House
Ontario,london-on,499900.0,3.0,2.0,700.0,House
Ontario,london-on,549999.0,4.0,2.0,1500.0,House
Ontario,london-on,549900.0,3.0,2.0,1100.0,House
Ontario,london-on,499900.0,2.0,1.0,700.0,House
Ontario,london-on,1269890.0,2.0,3.0,1500.0,House
Ontario,london-on,569000.0,5.0,2.0,,House
Ontario,london-on,618000.0,3.0,3.0,1200.0,Townhouse
Ontario,london-on,630000.0,4.0,4.0,2000.0,Land/Lot
Ontario,london-on,649900.0,3.0,3.0,1500.0,Townhouse
Ontario,london-on,799000.0,3.0,3.0,2000.0,House
Ontario,london-on,269900.0,2.0,1.0,800.0,Apt/Condo
Ontario,london-on,799000.0,5.0,3.0,700.0,Multifamily
Ontario,london-on,1325000.0,4.0,3.0,2000.0,House
Ontario,london-on,269900.0,2.0,1.0,800.0,Apt/Condo
Ontario,london-on,749900.0,4.0,4.0,2000.0,House
Ontario,london-on,1299000.0,5.0,5.0,3500.0,House
Ontario,london-on,799000.0,3.0,3.0,2000.0,House
Ontario,london-on,639900.0,4.0,2.0,1100.0,House
Ontario,london-on,659000.0,3.0,2.0,1500.0,House
Ontario,london-on,574999.0,2.0,2.0,1000.0,Apt/Condo
Ontario,london-on,284900.0,2.0,1.0,900.0,Apt/Condo
Ontario,london-on,399900.0,3.0,2.0,1200.0,Townhouse
Ontario,london-on,1149000.0,4.0,4.0,2000.0,House
Ontario,london-on,679900.0,4.0,2.0,1100.0,House
Ontario,london-on,949900.0,4.0,4.0,2000.0,House
Ontario,london-on,539900.0,3.0,2.0,1100.0,House
Ontario,london-on,424900.0,3.0,1.0,1100.0,House
Ontario,london-on,519900.0,3.0,2.0,1100.0,House
Ontario,london-on,499900.0,3.0,4.0,,Townhouse
Ontario,london-on,449000.0,3.0,2.0,1100.0,Multifamily
Ontario,london-on,1569900.0,0.0,,1287.0,Multifamily
Ontario,london-on,619999.0,3.0,2.0,1500.0,House
Ontario,london-on,1149900.0,6.0,4.0,5000.0,House
Ontario,london-on,524900.0,2.0,2.0,1100.0,House
Ontario,london-on,1024900.0,4.0,3.0,2000.0,House
Ontario,london-on,539900.0,3.0,2.0,1500.0,House
Ontario,london-on,949000.0,5.0,3.0,2000.0,House
Ontario,london-on,1989000.0,11.0,6.0,3000.0,Multifamily
Ontario,london-on,799900.0,4.0,3.0,1500.0,House
Ontario,london-on,815000.0,4.0,3.0,2000.0,House
Ontario,london-on,599900.0,2.0,2.0,700.0,House
Ontario,london-on,825000.0,3.0,3.0,1800.0,House
Ontario,london-on,599900.0,3.0,2.0,1100.0,House
Ontario,london-on,1499000.0,5.0,5.0,2500.0,House
Ontario,london-on,825000.0,4.0,5.0,2250.0,Land/Lot
Ontario,london-on,499000.0,3.0,3.0,1000.0,Townhouse
Ontario,london-on,275000.0,1.0,1.0,752.0,Apt/Condo
Ontario,london-on,899900.0,4.0,4.0,2000.0,House
Ontario,london-on,625000.0,3.0,2.0,1100.0,House
Ontario,london-on,539900.0,3.0,2.0,1100.0,House
Ontario,london-on,699900.0,4.0,2.0,1100.0,House
Ontario,london-on,749900.0,3.0,4.0,1800.0,House
Ontario,london-on,599900.0,3.0,3.0,1351.0,House
Ontario,london-on,599900.0,4.0,2.0,1500.0,House
Ontario,london-on,989000.0,5.0,4.0,2000.0,House
Ontario,london-on,849900.0,3.0,3.0,1800.0,Apt/Condo
Ontario,london-on,299900.0,2.0,2.0,1000.0,Townhouse
Ontario,london-on,848000.0,5.0,5.0,2500.0,Land/Lot
Ontario,london-on,1023900.0,4.0,4.0,2500.0,House
Ontario,london-on,589900.0,0.0,4.0,2300.0,Multifamily
Ontario,london-on,699999.0,8.0,2.0,1500.0,House
Ontario,london-on,545000.0,5.0,2.0,1100.0,House
Ontario,london-on,799900.0,4.0,3.0,2500.0,House
Ontario,london-on,299000.0,4.0,1.0,1100.0,House
Ontario,london-on,575000.0,3.0,2.0,1100.0,House
Ontario,london-on,374900.0,3.0,1.0,700.0,House
Ontario,london-on,359900.0,3.0,2.0,1000.0,Townhouse
Ontario,london-on,694900.0,4.0,3.0,1500.0,House
Ontario,london-on,899000.0,3.0,3.0,2500.0,House
Ontario,london-on,549000.0,4.0,2.0,1100.0,House
Ontario,london-on,314999.0,2.0,1.0,900.0,Apt/Condo
Ontario,london-on,549900.0,5.0,3.0,700.0,House
Ontario,london-on,1700000.0,0.0,,6000.0,Multifamily
Ontario,london-on,1525000.0,0.0,,5000.0,Multifamily
Ontario,london-on,660000.0,3.0,3.0,1100.0,House
Ontario,london-on,347700.0,2.0,2.0,1200.0,Apt/Condo
Ontario,london-on,624900.0,6.0,3.0,1043.0,House
Ontario,london-on,494900.0,3.0,2.0,700.0,House
Ontario,london-on,885875.0,5.0,5.0,2500.0,House
Ontario,london-on,999900.0,5.0,3.0,2000.0,House
Ontario,london-on,569900.0,4.0,3.0,1600.0,Townhouse
Ontario,london-on,489900.0,3.0,3.0,1100.0,House
Ontario,london-on,829900.0,4.0,3.0,2500.0,House
Ontario,london-on,1490950.0,4.0,4.0,2500.0,House
Ontario,london-on,439900.0,3.0,4.0,1200.0,Townhouse
Ontario,london-on,1089000.0,5.0,4.0,2000.0,House
Ontario,london-on,675000.0,4.0,2.0,1500.0,House
Ontario,london-on,179999.0,2.0,1.0,600.0,Apt/Condo
Ontario,london-on,599900.0,3.0,2.0,1500.0,House
Ontario,london-on,629900.0,3.0,3.0,1200.0,Townhouse
Ontario,london-on,799999.0,4.0,4.0,,House
Ontario,london-on,389900.0,0.0,0.0,,Land/Lot
Ontario,london-on,239000.0,1.0,1.0,,Apt/Condo
Ontario,london-on,399900.0,3.0,1.0,1100.0,House
Ontario,london-on,599900.0,4.0,2.0,700.0,House
Ontario,london-on,1349000.0,5.0,5.0,3000.0,House
Ontario,london-on,619900.0,4.0,4.0,1600.0,Townhouse
Ontario,london-on,639900.0,3.0,2.0,1100.0,House
Ontario,london-on,1025000.0,4.0,4.0,2500.0,House
Ontario,london-on,1949000.0,4.0,4.0,2500.0,House
Ontario,london-on,319000.0,3.0,2.0,1000.0,Townhouse
Ontario,london-on,714999.0,3.0,3.0,1200.0,Townhouse
Ontario,london-on,579900.0,3.0,2.0,1100.0,House
Ontario,london-on,579000.0,5.0,2.0,1050.0,House
Ontario,london-on,824000.0,7.0,5.0,2500.0,House
Ontario,london-on,829500.0,5.0,4.0,2000.0,House
Ontario,london-on,434900.0,3.0,2.0,1000.0,Townhouse
Ontario,london-on,449900.0,5.0,2.0,700.0,House
Ontario,london-on,599000.0,4.0,4.0,1100.0,House
Ontario,london-on,699888.0,4.0,2.0,1500.0,House
Ontario,london-on,390000.0,2.0,2.0,1000.0,Apt/Condo
Ontario,london-on,450000.0,2.0,2.0,1200.0,Apt/Condo
Ontario,london-on,319900.0,2.0,2.0,1000.0,Apt/Condo
Ontario,london-on,479900.0,3.0,3.0,1000.0,Townhouse
Ontario,london-on,519900.0,2.0,3.0,1000.0,Townhouse
Ontario,london-on,949900.0,4.0,4.0,2875.0,House
Ontario,london-on,669999.0,3.0,2.0,1100.0,House
Ontario,london-on,2398000.0,5.0,5.0,2500.0,House
Ontario,london-on,649900.0,4.0,4.0,1800.0,Townhouse
Ontario,london-on,1149900.0,4.0,2.0,1500.0,House
Ontario,london-on,879000.0,3.0,2.0,1670.0,House
Ontario,london-on,695900.0,4.0,3.0,1888.0,House
Ontario,london-on,709000.0,2.0,2.0,1200.0,Apt/Condo
Ontario,london-on,649900.0,3.0,2.0,700.0,House
Ontario,london-on,579900.0,3.0,2.0,1200.0,Townhouse
Ontario,london-on,649900.0,5.0,2.0,700.0,House
Ontario,london-on,449900.0,3.0,2.0,1200.0,Townhouse
Ontario,london-on,619000.0,3.0,2.0,1400.0,Apt/Condo
Ontario,london-on,345000.0,2.0,2.0,900.0,Apt/Condo
Ontario,london-on,729900.0,3.0,4.0,1500.0,House
Ontario,london-on,889900.0,5.0,4.0,2500.0,House
Ontario,london-on,599900.0,6.0,2.0,700.0,Multifamily
Ontario,london-on,549800.0,5.0,2.0,700.0,House
Ontario,london-on,779000.0,4.0,4.0,2000.0,House
Ontario,london-on,399999.0,2.0,2.0,700.0,House
Ontario,london-on,399000.0,3.0,2.0,1100.0,House
Ontario,london-on,629900.0,2.0,1.0,1100.0,House
Ontario,london-on,824900.0,4.0,3.0,2000.0,House
Ontario,london-on,219900.0,2.0,2.0,1000.0,Apt/Condo
Ontario,london-on,499900.0,3.0,2.0,700.0,House
Ontario,london-on,289900.0,2.0,2.0,1000.0,Apt/Condo
Ontario,london-on,669000.0,3.0,1.0,1100.0,House
Ontario,london-on,384900.0,3.0,3.0,1200.0,Townhouse
Ontario,london-on,449900.0,2.0,1.0,1200.0,Townhouse
Ontario,london-on,457900.0,3.0,2.0,700.0,House
Ontario,london-on,649900.0,3.0,2.0,1100.0,House
Ontario,london-on,519900.0,3.0,2.0,700.0,House
Ontario,london-on,749900.0,3.0,2.0,1500.0,House
Ontario,london-on,649900.0,5.0,4.0,700.0,House
Ontario,london-on,1349900.0,4.0,4.0,3000.0,House
Ontario,london-on,465500.0,2.0,2.0,1100.0,House
Ontario,london-on,749900.0,3.0,3.0,2000.0,House
Ontario,london-on,449900.0,3.0,1.0,1100.0,House
Ontario,london-on,999900.0,4.0,4.0,2500.0,House
Ontario,london-on,669900.0,5.0,3.0,1100.0,House
Ontario,london-on,449990.0,5.0,3.0,2000.0,House
Ontario,london-on,370000.0,3.0,2.0,1199.0,Townhouse
Ontario,london-on,879000.0,6.0,4.0,2500.0,House
Ontario,london-on,289000.0,2.0,1.0,700.0,Apt/Condo
Ontario,london-on,1249900.0,10.0,5.0,3500.0,Multifamily
Ontario,london-on,349900.0,2.0,2.0,1200.0,Townhouse
Ontario,london-on,547500.0,3.0,2.0,1100.0,House
Ontario,london-on,819900.0,3.0,3.0,1500.0,House
Ontario,london-on,519000.0,4.0,3.0,700.0,House
Ontario,london-on,498000.0,3.0,1.0,1100.0,House
Ontario,london-on,289900.0,2.0,1.0,800.0,Apt/Condo
Ontario,london-on,339900.0,2.0,1.0,900.0,Apt/Condo
Ontario,london-on,434900.0,2.0,1.0,,House
Ontario,london-on,449900.0,2.0,2.0,1200.0,Apt/Condo
Ontario,london-on,430000.0,3.0,2.0,1100.0,House
Ontario,london-on,879900.0,4.0,4.0,2000.0,House
Ontario,london-on,3250000.0,5.0,3.0,4179.0,House
Ontario,london-on,769900.0,6.0,5.0,2000.0,House
Ontario,london-on,430000.0,3.0,2.0,1100.0,House
Ontario,london-on,449900.0,2.0,2.0,1200.0,Apt/Condo
Ontario,london-on,879900.0,4.0,4.0,2000.0,House
Ontario,london-on,769900.0,6.0,5.0,2000.0,House
Ontario,london-on,669900.0,4.0,2.0,1500.0,House
Ontario,london-on,599900.0,3.0,3.0,1400.0,Townhouse
Ontario,london-on,249900.0,1.0,1.0,500.0,Apt/Condo
Ontario,london-on,549900.0,4.0,3.0,1500.0,House
Ontario,london-on,869900.0,6.0,3.0,2500.0,House
Ontario,london-on,834900.0,4.0,3.0,2000.0,House
Ontario,london-on,575000.0,3.0,2.0,1100.0,House
Ontario,london-on,1090000.0,4.0,4.0,2500.0,House
Ontario,london-on,625000.0,4.0,2.0,1399.0,House
Ontario,london-on,489000.0,3.0,3.0,2000.0,Townhouse
Ontario,london-on,499900.0,3.0,2.0,1100.0,House
Ontario,london-on,699990.0,6.0,2.0,1500.0,House
Ontario,london-on,909900.0,4.0,4.0,2000.0,House
Ontario,london-on,649900.0,3.0,3.0,1500.0,House
Ontario,london-on,329000.0,2.0,1.0,900.0,Apt/Condo
Ontario,london-on,699900.0,4.0,2.0,1500.0,House
Ontario,london-on,2390000.0,6.0,4.0,2500.0,House
Ontario,london-on,1089000.0,4.0,4.0,2000.0,House
Ontario,london-on,619900.0,4.0,2.0,1100.0,House
Ontario,london-on,750000.0,4.0,2.0,1450.0,House
Ontario,london-on,699000.0,3.0,3.0,1400.0,Land/Lot
Ontario,london-on,599900.0,3.0,2.0,1200.0,House
Ontario,london-on,1499900.0,5.0,5.0,3000.0,House
Ontario,london-on,725000.0,3.0,2.0,1500.0,House
Ontario,london-on,619000.0,4.0,2.0,1100.0,House
Ontario,london-on,999888.0,5.0,4.0,2321.0,House
Ontario,london-on,599999.0,2.0,3.0,1400.0,Townhouse
Ontario,london-on,2050000.0,5.0,5.0,3500.0,House
Ontario,london-on,524900.0,4.0,2.0,,House
Ontario,london-on,499900.0,3.0,1.0,700.0,House
Ontario,london-on,575000.0,3.0,2.0,700.0,House
Ontario,london-on,679000.0,3.0,2.0,1400.0,Apt/Condo
Ontario,london-on,549000.0,3.0,2.0,1100.0,House
Ontario,london-on,399900.0,3.0,3.0,1400.0,Townhouse
Ontario,london-on,424900.0,3.0,2.0,1200.0,Townhouse
Ontario,london-on,648000.0,3.0,3.0,1100.0,House
Ontario,london-on,959900.0,6.0,5.0,2500.0,House
Ontario,london-on,749000.0,7.0,4.0,2000.0,Multifamily
Ontario,london-on,769000.0,3.0,3.0,2000.0,House
Ontario,london-on,818000.0,4.0,3.0,2000.0,House
Ontario,london-on,839900.0,6.0,2.0,700.0,House
Ontario,london-on,379900.0,3.0,2.0,1200.0,Townhouse
Ontario,london-on,364900.0,2.0,1.0,800.0,Apt/Condo
Ontario,london-on,340000.0,3.0,3.0,1200.0,Townhouse
Ontario,london-on,859900.0,5.0,4.0,1500.0,House
Ontario,london-on,484000.0,3.0,2.0,1500.0,House
Ontario,london-on,444900.0,3.0,2.0,1200.0,Townhouse
Ontario,london-on,749000.0,4.0,3.0,1100.0,House
Ontario,london-on,475000.0,3.0,2.0,700.0,House
Ontario,london-on,719900.0,4.0,3.0,1500.0,House
Ontario,london-on,709900.0,3.0,4.0,1500.0,House
Ontario,london-on,999999.0,5.0,4.0,2000.0,House
Ontario,london-on,729000.0,3.0,2.0,1600.0,Apt/Condo
Ontario,london-on,1130000.0,5.0,4.0,2000.0,House
Ontario,london-on,399900.0,3.0,3.0,1200.0,Townhouse
Ontario,london-on,1989000.0,7.0,5.0,3000.0,House
Ontario,london-on,374900.0,3.0,1.0,700.0,House
Ontario,london-on,499900.0,3.0,3.0,1600.0,Townhouse
Ontario,london-on,619900.0,3.0,2.0,1400.0,Apt/Condo
Ontario,london-on,1050000.0,5.0,4.0,2500.0,House
Ontario,london-on,539900.0,4.0,2.0,1500.0,House
Ontario,london-on,810000.0,3.0,4.0,1500.0,House
Ontario,london-on,549900.0,2.0,2.0,700.0,House
Ontario,london-on,389900.0,3.0,1.0,1000.0,Townhouse
Ontario,london-on,449999.0,3.0,2.0,1200.0,Townhouse
Ontario,london-on,1299999.0,5.0,4.0,2500.0,House
Ontario,london-on,659999.0,5.0,2.0,2500.0,House
Ontario,london-on,985000.0,4.0,4.0,2000.0,House
Ontario,london-on,649000.0,5.0,2.0,1500.0,House
Ontario,london-on,379900.0,3.0,2.0,1000.0,Townhouse
Ontario,london-on,594900.0,3.0,3.0,1600.0,Townhouse
Ontario,london-on,919000.0,2.0,2.0,1600.0,Apt/Condo
Ontario,london-on,760000.0,4.0,3.0,2000.0,House
Ontario,london-on,924900.0,3.0,4.0,1400.0,House
Ontario,london-on,669900.0,3.0,3.0,1800.0,Townhouse
Ontario,london-on,899000.0,4.0,4.0,2000.0,House
Ontario,london-on,599900.0,3.0,2.0,700.0,House
Ontario,london-on,3500000.0,0.0,,4225320.0,Land/Lot
Ontario,london-on,699900.0,4.0,2.0,1500.0,House
Ontario,london-on,1450000.0,12.0,0.0,5000.0,Multifamily
Ontario,london-on,439900.0,3.0,1.0,1100.0,House
Ontario,london-on,319900.0,2.0,1.0,900.0,Apt/Condo
Ontario,london-on,649900.0,3.0,3.0,1500.0,Townhouse
Ontario,london-on,999900.0,0.0,0.0,2000.0,Multifamily
Ontario,london-on,679900.0,5.0,2.0,700.0,House
Ontario,london-on,979000.0,4.0,4.0,2000.0,House
Ontario,london-on,579900.0,4.0,4.0,1600.0,Townhouse
Ontario,london-on,1345000.0,11.0,5.0,3500.0,Multifamily
Ontario,london-on,485000.0,3.0,2.0,1000.0,Townhouse
Ontario,london-on,450000.0,2.0,2.0,900.0,Townhouse
Ontario,london-on,559000.0,5.0,2.0,700.0,House
Ontario,london-on,539000.0,3.0,2.0,1100.0,House
Ontario,london-on,699900.0,3.0,3.0,1100.0,House
Ontario,london-on,419000.0,2.0,1.0,900.0,Apt/Condo
Ontario,london-on,609900.0,5.0,2.0,700.0,House
Ontario,london-on,456900.0,2.0,2.0,1200.0,Apt/Condo
Ontario,london-on,699900.0,4.0,3.0,1500.0,House
Ontario,london-on,579900.0,4.0,2.0,700.0,House
Ontario,london-on,789000.0,4.0,2.0,1500.0,House
Ontario,london-on,530000.0,2.0,1.0,700.0,House
Ontario,london-on,575000.0,4.0,3.0,1400.0,Townhouse
Ontario,london-on,574900.0,4.0,2.0,1500.0,Multifamily
Ontario,london-on,599900.0,3.0,3.0,1500.0,House
Ontario,london-on,374900.0,3.0,2.0,1200.0,Townhouse
Ontario,london-on,582500.0,3.0,3.0,1399.0,Townhouse
Ontario,london-on,319900.0,3.0,2.0,1000.0,Townhouse
Ontario,london-on,729900.0,3.0,4.0,1100.0,House
Ontario,london-on,409900.0,3.0,3.0,1200.0,Townhouse
Ontario,london-on,524900.0,4.0,1.0,700.0,House
Ontario,london-on,389900.0,2.0,3.0,1000.0,Townhouse
Ontario,london-on,194900.0,1.0,1.0,600.0,Apt/Condo
Ontario,london-on,374900.0,1.0,1.0,899.0,Apt/Condo
Ontario,london-on,779000.0,4.0,3.0,1400.0,House
Ontario,london-on,379000.0,3.0,2.0,1000.0,Townhouse
Ontario,london-on,924900.0,5.0,3.0,2500.0,House
Ontario,london-on,894900.0,4.0,4.0,2000.0,House
Ontario,london-on,524900.0,3.0,2.0,1100.0,House
Ontario,london-on,779000.0,4.0,3.0,1400.0,House
Ontario,london-on,379000.0,3.0,2.0,1000.0,Townhouse
Ontario,london-on,859900.0,6.0,4.0,2500.0,House
Ontario,london-on,699900.0,3.0,3.0,1100.0,House
Ontario,london-on,689900.0,5.0,2.0,1100.0,House
Ontario,london-on,539900.0,3.0,2.0,700.0,House
Ontario,london-on,457500.0,3.0,1.0,700.0,House
Ontario,london-on,819000.0,5.0,3.0,1600.0,Townhouse
Ontario,london-on,559900.0,3.0,2.0,700.0,House
Ontario,london-on,299900.0,1.0,1.0,600.0,Apt/Condo
Ontario,london-on,729900.0,6.0,4.0,2000.0,Multifamily
Ontario,london-on,299500.0,2.0,2.0,1000.0,Apt/Condo
Ontario,london-on,2250000.0,4.0,4.0,2500.0,House
Ontario,london-on,289999.0,1.0,1.0,700.0,Apt/Condo
Ontario,london-on,529900.0,3.0,2.0,700.0,House
Ontario,london-on,479900.0,3.0,2.0,1600.0,Townhouse
Ontario,london-on,1999900.0,0.0,0.0,2500.0,Multifamily
Ontario,london-on,424900.0,3.0,2.0,1000.0,Townhouse
Ontario,london-on,899999.0,5.0,1.0,2500.0,House
Ontario,london-on,499999.0,4.0,2.0,1179.0,House
Ontario,london-on,599900.0,3.0,4.0,1600.0,Land/Lot
Ontario,london-on,749900.0,3.0,3.0,1500.0,House
Ontario,london-on,1350000.0,6.0,5.0,2000.0,Multifamily
Ontario,london-on,624900.0,3.0,3.0,1200.0,Townhouse
Ontario,london-on,479900.0,3.0,1.0,700.0,House
Ontario,london-on,469000.0,3.0,1.0,700.0,House
Ontario,london-on,374500.0,3.0,2.0,1400.0,Townhouse
Ontario,london-on,464900.0,3.0,3.0,1200.0,Townhouse
Ontario,london-on,599900.0,4.0,2.0,700.0,Multifamily
Ontario,london-on,998000.0,5.0,4.0,2500.0,House
Ontario,london-on,449900.0,3.0,3.0,1599.0,Townhouse
Ontario,london-on,499900.0,4.0,2.0,700.0,House
Ontario,london-on,679999.0,4.0,3.0,1300.0,House
Ontario,london-on,699900.0,4.0,3.0,1850.0,Townhouse
Ontario,london-on,675000.0,6.0,2.0,2500.0,Duplex
Ontario,london-on,1175000.0,5.0,4.0,2500.0,House
Ontario,london-on,380000.0,2.0,2.0,1377.0,Apt/Condo
Ontario,london-on,759000.0,4.0,3.0,2000.0,House
Ontario,london-on,615000.0,3.0,3.0,1400.0,Townhouse
Ontario,london-on,424900.0,3.0,2.0,1200.0,Townhouse
Ontario,london-on,519900.0,3.0,3.0,1600.0,Townhouse
Ontario,london-on,1295000.0,16.0,6.0,3500.0,Multifamily
Ontario,london-on,509900.0,4.0,1.0,1500.0,House
Ontario,london-on,779900.0,3.0,3.0,1500.0,House
Ontario,london-on,315000.0,1.0,1.0,700.0,Apt/Condo
Ontario,london-on,519900.0,3.0,2.0,1100.0,House
Ontario,london-on,1599900.0,5.0,5.0,3500.0,House
Ontario,london-on,499900.0,3.0,2.0,1100.0,House
Ontario,london-on,399900.0,3.0,2.0,1000.0,Townhouse
Ontario,london-on,829900.0,4.0,3.0,2500.0,House
Ontario,london-on,989000.0,4.0,4.0,2500.0,House
Ontario,london-on,484900.0,3.0,3.0,1200.0,Townhouse
Ontario,london-on,709900.0,2.0,3.0,1400.0,Townhouse
Ontario,london-on,644900.0,4.0,2.0,1500.0,House
Ontario,london-on,379900.0,3.0,2.0,1000.0,Townhouse
Ontario,london-on,875000.0,4.0,4.0,2000.0,House
Ontario,london-on,349900.0,2.0,2.0,1000.0,Apt/Condo
Ontario,london-on,1120000.0,5.0,4.0,2500.0,House
Ontario,london-on,699990.0,5.0,3.0,2000.0,Triplex
Ontario,london-on,799000.0,4.0,4.0,1500.0,House
Ontario,london-on,375000.0,2.0,2.0,1399.0,Apt/Condo
Ontario,london-on,969900.0,4.0,3.0,1500.0,House
Ontario,london-on,599000.0,2.0,2.0,700.0,House
Ontario,london-on,1060000.0,4.0,4.0,3000.0,House
Ontario,london-on,285000.0,1.0,1.0,900.0,Apt/Condo
Ontario,london-on,518888.0,3.0,2.0,1100.0,House
Ontario,london-on,419900.0,3.0,1.0,1100.0,House
Ontario,london-on,234900.0,1.0,1.0,500.0,Apt/Condo
Ontario,london-on,899000.0,4.0,3.0,2000.0,House
Ontario,london-on,389998.0,3.0,2.0,700.0,House
Ontario,london-on,2050000.0,5.0,4.0,5000.0,House
Ontario,london-on,639900.0,2.0,3.0,1200.0,Townhouse
Ontario,london-on,884900.0,4.0,3.0,2000.0,House
Ontario,london-on,465000.0,2.0,2.0,1399.0,Apt/Condo
Ontario,london-on,649900.0,3.0,3.0,1400.0,Townhouse
Ontario,london-on,739900.0,4.0,2.0,1100.0,House
Ontario,london-on,649900.0,3.0,2.0,1200.0,Apt/Condo
Ontario,london-on,825000.0,4.0,4.0,2000.0,House
Ontario,london-on,524900.0,3.0,2.0,1100.0,House
Ontario,london-on,749900.0,3.0,3.0,1200.0,Land/Lot
Ontario,london-on,699000.0,4.0,3.0,1100.0,House
Ontario,london-on,569900.0,5.0,3.0,2000.0,House
Ontario,london-on,499900.0,3.0,1.0,700.0,House
Ontario,london-on,849900.0,5.0,3.0,2500.0,House
Ontario,london-on,399900.0,4.0,2.0,1500.0,Multifamily
Ontario,london-on,550000.0,3.0,3.0,1500.0,House
Ontario,london-on,239990.0,1.0,0.0,527.0,Apt/Condo
Ontario,london-on,549999.0,4.0,2.0,1500.0,Duplex
Ontario,london-on,1199900.0,4.0,4.0,2500.0,House
Ontario,london-on,539000.0,4.0,2.0,1100.0,House
Ontario,london-on,499900.0,2.0,3.0,1000.0,Townhouse
Ontario,london-on,514900.0,3.0,2.0,1100.0,House
Ontario,london-on,1398000.0,5.0,4.0,3500.0,House
Ontario,london-on,474900.0,2.0,3.0,1200.0,Townhouse
Ontario,london-on,749900.0,3.0,3.0,1100.0,House
Ontario,london-on,729900.0,3.0,3.0,1500.0,House
Ontario,london-on,1049000.0,4.0,5.0,2500.0,House
Ontario,london-on,799999.0,3.0,3.0,2000.0,House
Ontario,london-on,1069000.0,6.0,5.0,2293.0,House
Ontario,london-on,551111.0,4.0,2.0,700.0,House
Ontario,london-on,639900.0,4.0,2.0,1137.0,House
Ontario,london-on,539900.0,3.0,3.0,1100.0,House
Ontario,london-on,475000.0,3.0,2.0,1500.0,House
Ontario,london-on,839999.0,5.0,4.0,2000.0,House
Ontario,london-on,579900.0,2.0,2.0,1200.0,Apt/Condo
Ontario,london-on,799000.0,5.0,3.0,864.0,House
Ontario,london-on,550000.0,3.0,3.0,1400.0,Townhouse
Ontario,london-on,489000.0,5.0,3.0,700.0,House
Ontario,london-on,525000.0,3.0,3.0,1600.0,Townhouse
Ontario,london-on,424900.0,3.0,2.0,800.0,Townhouse
Ontario,london-on,765000.0,4.0,4.0,1500.0,House
Ontario,london-on,1139900.0,4.0,3.0,2000.0,House
Ontario,london-on,899999.0,5.0,3.0,1500.0,Multifamily
Ontario,london-on,120000.0,2.0,1.0,550.0,Apt/Condo
Ontario,london-on,349900.0,3.0,2.0,1199.0,Townhouse
Ontario,london-on,665000.0,4.0,3.0,2000.0,Townhouse
Ontario,london-on,2999999.0,12.0,26.0,16000.0,Multifamily
Ontario,london-on,499000.0,3.0,1.0,700.0,House
Ontario,london-on,939900.0,3.0,2.0,1500.0,House
Ontario,london-on,417999.0,3.0,2.0,700.0,House
Ontario,london-on,499999.0,2.0,1.0,1100.0,House
Ontario,london-on,299900.0,1.0,1.0,800.0,Apt/Condo
Ontario,london-on,599000.0,5.0,3.0,1500.0,House
Ontario,london-on,889900.0,4.0,4.0,2000.0,House
Ontario,london-on,839900.0,4.0,3.0,1500.0,House
Ontario,london-on,499900.0,3.0,1.0,700.0,House
Ontario,london-on,389900.0,4.0,4.0,1200.0,House
Ontario,london-on,799000.0,4.0,2.0,1500.0,House
Ontario,london-on,814900.0,3.0,3.0,1600.0,Townhouse
Ontario,london-on,709000.0,3.0,3.0,1500.0,House
Ontario,london-on,649900.0,4.0,3.0,700.0,House
Ontario,london-on,699000.0,7.0,3.0,1500.0,Multifamily
Ontario,london-on,459900.0,3.0,2.0,700.0,House
Ontario,london-on,649000.0,4.0,2.0,1100.0,House
Ontario,london-on,410000.0,3.0,2.0,1199.0,Townhouse
Ontario,london-on,685000.0,2.0,2.0,1200.0,Apt/Condo
Ontario,london-on,950000.0,4.0,5.0,3034.0,House
Ontario,london-on,419900.0,2.0,2.0,1000.0,Apt/Condo
Ontario,london-on,399000.0,3.0,2.0,1200.0,Townhouse
Ontario,ottawa-on,849900.0,3.0,3.0,1600.0,Townhouse
Ontario,ottawa-on,749900.0,2.0,2.0,1200.0,Apt/Condo
Ontario,ottawa-on,1399000.0,4.0,4.0,1500.0,House
Ontario,ottawa-on,1459000.0,6.0,5.0,2500.0,House
Ontario,ottawa-on,389900.0,2.0,2.0,1200.0,Townhouse
Ontario,ottawa-on,1100000.0,4.0,3.0,1500.0,House
Ontario,ottawa-on,660000.0,3.0,2.0,700.0,House
Ontario,ottawa-on,788000.0,4.0,4.0,2000.0,House
Ontario,ottawa-on,319900.0,2.0,1.0,600.0,Apt/Condo
Ontario,ottawa-on,414900.0,2.0,1.0,1000.0,Apt/Condo
Ontario,ottawa-on,679000.0,3.0,2.0,1100.0,House
Ontario,ottawa-on,220000.0,0.0,0.0,,Land/Lot
Ontario,ottawa-on,460000.0,2.0,3.0,1200.0,Townhouse
Ontario,ottawa-on,899900.0,4.0,3.0,1500.0,House
Ontario,ottawa-on,349900.0,3.0,2.0,1000.0,Apt/Condo
Ontario,ottawa-on,675000.0,2.0,2.0,1200.0,Apt/Condo
Ontario,ottawa-on,763900.0,3.0,3.0,1100.0,House
Ontario,ottawa-on,1649900.0,3.0,3.0,1500.0,House
Ontario,ottawa-on,799900.0,6.0,4.0,2000.0,House
Ontario,ottawa-on,330000.0,2.0,1.0,900.0,Apt/Condo
Ontario,ottawa-on,289900.0,1.0,1.0,600.0,Apt/Condo
Ontario,ottawa-on,1399000.0,3.0,4.0,1500.0,House
Ontario,ottawa-on,649000.0,3.0,3.0,1500.0,Townhouse
Ontario,ottawa-on,565000.0,3.0,5.0,1100.0,Townhouse
Ontario,ottawa-on,724000.0,3.0,3.0,1500.0,House
Ontario,ottawa-on,450000.0,2.0,2.0,800.0,Apt/Condo
Ontario,ottawa-on,429000.0,4.0,3.0,800.0,Apt/Condo
Ontario,ottawa-on,1750000.0,5.0,5.0,3000.0,House
Ontario,ottawa-on,789900.0,3.0,4.0,2000.0,House
Ontario,ottawa-on,1150000.0,3.0,2.0,1500.0,House
Ontario,ottawa-on,409000.0,3.0,2.0,1200.0,Townhouse
Ontario,ottawa-on,769900.0,3.0,3.0,2000.0,House
Ontario,ottawa-on,319900.0,2.0,2.0,1000.0,Apt/Condo
Ontario,ottawa-on,1860000.0,5.0,5.0,3500.0,House
Ontario,ottawa-on,875000.0,3.0,3.0,1600.0,Townhouse
Ontario,ottawa-on,395000.0,1.0,1.0,600.0,Apt/Condo
Ontario,ottawa-on,779900.0,4.0,3.0,1500.0,House
Ontario,ottawa-on,349999.0,2.0,1.0,800.0,Townhouse
Ontario,ottawa-on,999000.0,5.0,4.0,2500.0,House
Ontario,ottawa-on,344900.0,3.0,2.0,1000.0,Townhouse
Ontario,ottawa-on,1749000.0,3.0,,,House
Ontario,ottawa-on,1095000.0,3.0,,,House
Ontario,ottawa-on,1100000.0,3.0,2.0,1100.0,House
Ontario,ottawa-on,224900.0,2.0,1.0,700.0,Apt/Condo
Ontario,ottawa-on,525000.0,3.0,2.0,1000.0,Townhouse
Ontario,ottawa-on,569900.0,3.0,2.0,1100.0,House
Ontario,ottawa-on,1249000.0,5.0,4.0,2500.0,House
Ontario,ottawa-on,699900.0,4.0,2.0,700.0,Multifamily
Ontario,ottawa-on,599990.0,3.0,3.0,1500.0,Townhouse
Ontario,ottawa-on,899000.0,4.0,3.0,2000.0,House
Ontario,ottawa-on,1040000.0,4.0,3.0,2500.0,House
Ontario,ottawa-on,375000.0,3.0,2.0,1200.0,Townhouse
Ontario,ottawa-on,749000.0,3.0,3.0,1100.0,House
Ontario,ottawa-on,1150000.0,5.0,3.0,3000.0,House
Ontario,ottawa-on,1049900.0,4.0,3.0,2500.0,House
Ontario,ottawa-on,399900.0,3.0,2.0,1200.0,Apt/Condo
Ontario,ottawa-on,769999.0,4.0,4.0,2000.0,Townhouse
Ontario,ottawa-on,895000.0,2.0,3.0,1500.0,Townhouse
Ontario,ottawa-on,2249900.0,4.0,4.0,2500.0,House
Ontario,ottawa-on,769900.0,3.0,3.0,1500.0,House
Ontario,ottawa-on,749900.0,3.0,2.0,700.0,Townhouse
Ontario,ottawa-on,639000.0,2.0,3.0,1500.0,Townhouse
Ontario,ottawa-on,818800.0,3.0,3.0,1500.0,House
Ontario,ottawa-on,589900.0,2.0,3.0,1500.0,Townhouse
Ontario,ottawa-on,789786.0,4.0,3.0,2000.0,Townhouse
Ontario,ottawa-on,1449888.0,5.0,5.0,3500.0,House
Ontario,ottawa-on,273000.0,3.0,2.0,900.0,Apt/Condo
Ontario,ottawa-on,399900.0,4.0,2.0,1200.0,Townhouse
Ontario,ottawa-on,1529900.0,4.0,2.0,2500.0,House
Ontario,ottawa-on,519900.0,2.0,2.0,1100.0,Townhouse
Ontario,ottawa-on,679900.0,3.0,3.0,1500.0,House
Ontario,ottawa-on,640000.0,7.0,3.0,1100.0,Multifamily
Ontario,ottawa-on,399900.0,2.0,2.0,700.0,Apt/Condo
Ontario,ottawa-on,389750.0,4.0,2.0,1200.0,Townhouse
Ontario,ottawa-on,1029000.0,4.0,4.0,2500.0,House
Ontario,ottawa-on,899000.0,5.0,4.0,2000.0,House
Ontario,ottawa-on,1049900.0,5.0,3.0,2000.0,House
Ontario,ottawa-on,349900.0,1.0,1.0,500.0,Apt/Condo
Ontario,ottawa-on,869000.0,5.0,4.0,2000.0,House
Ontario,ottawa-on,384900.0,1.0,1.0,800.0,Apt/Condo
Ontario,ottawa-on,999900.0,4.0,3.0,1100.0,House
Ontario,ottawa-on,875000.0,2.0,2.0,1200.0,House
Ontario,ottawa-on,574900.0,3.0,2.0,1100.0,Townhouse
Ontario,ottawa-on,1124900.0,4.0,3.0,2500.0,House
Ontario,ottawa-on,849900.0,3.0,3.0,1500.0,House
Ontario,ottawa-on,638000.0,3.0,3.0,1100.0,Townhouse
Ontario,ottawa-on,1350000.0,4.0,4.0,3000.0,House
Ontario,ottawa-on,567500.0,2.0,2.0,1100.0,Townhouse
Ontario,ottawa-on,619900.0,3.0,3.0,1500.0,Townhouse
Ontario,ottawa-on,1224000.0,3.0,3.0,1500.0,House
Ontario,ottawa-on,525000.0,2.0,2.0,800.0,Apt/Condo
Ontario,ottawa-on,299900.0,2.0,1.0,800.0,Apt/Condo
Ontario,ottawa-on,299900.0,0.0,,,Apt/Condo
Ontario,ottawa-on,614900.0,3.0,,,House
Ontario,ottawa-on,580000.0,3.0,4.0,1100.0,Townhouse
Ontario,ottawa-on,679000.0,4.0,3.0,1500.0,House
Ontario,ottawa-on,614900.0,3.0,4.0,1500.0,Townhouse
Ontario,ottawa-on,799990.0,3.0,3.0,2500.0,House
Ontario,ottawa-on,649000.0,4.0,2.0,1100.0,House
Ontario,ottawa-on,1075000.0,7.0,2.0,700.0,House
Ontario,ottawa-on,239900.0,2.0,1.0,800.0,Apt/Condo
Ontario,ottawa-on,874900.0,3.0,4.0,1500.0,House
Ontario,ottawa-on,669900.0,5.0,3.0,1500.0,House
Ontario,ottawa-on,379900.0,1.0,2.0,700.0,Apt/Condo
Ontario,ottawa-on,399000.0,3.0,2.0,1000.0,Townhouse
Ontario,ottawa-on,424900.0,1.0,1.0,600.0,Apt/Condo
Ontario,ottawa-on,589900.0,3.0,2.0,1100.0,House
Ontario,ottawa-on,649000.0,3.0,3.0,1500.0,Townhouse
Ontario,ottawa-on,519900.0,3.0,3.0,1200.0,House
Ontario,ottawa-on,799900.0,4.0,4.0,2000.0,House
Ontario,ottawa-on,1449000.0,3.0,4.0,2000.0,House
Ontario,ottawa-on,3750000.0,6.0,4.0,3500.0,House
Ontario,ottawa-on,564900.0,2.0,1.0,700.0,Apt/Condo
Ontario,ottawa-on,399900.0,3.0,2.0,1000.0,Townhouse
Ontario,ottawa-on,1199880.0,10.0,4.0,1100.0,House
Ontario,ottawa-on,369000.0,2.0,1.0,900.0,Apt/Condo
Ontario,ottawa-on,379999.0,1.0,1.0,500.0,Apt/Condo
Ontario,ottawa-on,859000.0,4.0,2.0,700.0,House
Ontario,ottawa-on,949900.0,4.0,3.0,2500.0,House
Ontario,ottawa-on,274900.0,1.0,1.0,600.0,Apt/Condo
Ontario,ottawa-on,799900.0,4.0,4.0,1500.0,House
Ontario,ottawa-on,1049990.0,6.0,,,House
Ontario,ottawa-on,599900.0,2.0,2.0,1200.0,Apt/Condo
Ontario,ottawa-on,389999.0,3.0,2.0,1000.0,Townhouse
Ontario,ottawa-on,659900.0,4.0,2.0,1100.0,House
Ontario,ottawa-on,375000.0,1.0,1.0,600.0,Apt/Condo
Ontario,ottawa-on,429990.0,3.0,3.0,1000.0,Townhouse
Ontario,ottawa-on,885000.0,3.0,2.0,1500.0,House
Ontario,ottawa-on,499900.0,3.0,2.0,1100.0,Townhouse
Ontario,ottawa-on,1999900.0,12.0,6.0,3500.0,Multifamily
Ontario,ottawa-on,949900.0,5.0,4.0,2000.0,House
Ontario,ottawa-on,579900.0,3.0,3.0,1100.0,Townhouse
Ontario,ottawa-on,359000.0,3.0,2.0,1000.0,Apt/Condo
Ontario,ottawa-on,1299000.0,6.0,5.0,3500.0,House
Ontario,ottawa-on,980000.0,6.0,4.0,3000.0,House
Ontario,ottawa-on,299900.0,3.0,2.0,1000.0,Townhouse
Ontario,ottawa-on,314000.0,3.0,2.0,1200.0,Townhouse
Ontario,ottawa-on,349990.0,2.0,1.0,700.0,Apt/Condo
Ontario,ottawa-on,319990.0,1.0,1.0,600.0,Apt/Condo
Ontario,ottawa-on,1099990.0,4.0,3.0,2500.0,House
Ontario,ottawa-on,314000.0,3.0,2.0,1200.0,Townhouse
Ontario,ottawa-on,819900.0,3.0,3.0,1500.0,House
Ontario,ottawa-on,349990.0,2.0,1.0,700.0,Apt/Condo
Ontario,ottawa-on,319990.0,1.0,1.0,600.0,Apt/Condo
Ontario,ottawa-on,1099990.0,4.0,3.0,2500.0,House
Ontario,ottawa-on,548800.0,2.0,3.0,1100.0,Townhouse
Ontario,ottawa-on,350000.0,1.0,1.0,500.0,Apt/Condo
Ontario,ottawa-on,349900.0,4.0,1.0,1200.0,Townhouse
Ontario,ottawa-on,749000.0,4.0,3.0,1500.0,House
Ontario,ottawa-on,989900.0,3.0,4.0,2000.0,House
Ontario,ottawa-on,389900.0,2.0,2.0,1000.0,Townhouse
Ontario,ottawa-on,549900.0,3.0,3.0,1100.0,Townhouse
Ontario,ottawa-on,2699900.0,10.0,10.0,5000.0,Multifamily
Ontario,ottawa-on,1725000.0,7.0,6.0,3000.0,House
Ontario,ottawa-on,649900.0,3.0,3.0,1500.0,House
Ontario,ottawa-on,499900.0,3.0,2.0,1200.0,Townhouse
Ontario,ottawa-on,2275000.0,5.0,6.0,3500.0,House
Ontario,ottawa-on,414900.0,2.0,2.0,1200.0,Townhouse
Ontario,ottawa-on,298800.0,1.0,1.0,499.0,Apt/Condo
Ontario,ottawa-on,288500.0,2.0,1.0,700.0,Apt/Condo
Ontario,ottawa-on,567000.0,3.0,3.0,1500.0,Townhouse
Ontario,ottawa-on,659900.0,3.0,3.0,1500.0,House
Ontario,ottawa-on,409900.0,2.0,3.0,1200.0,Townhouse
Ontario,ottawa-on,888800.0,5.0,3.0,2500.0,House
Ontario,ottawa-on,369000.0,1.0,1.0,800.0,Apt/Condo
Ontario,ottawa-on,299000.0,2.0,2.0,900.0,Apt/Condo
Ontario,ottawa-on,725000.0,4.0,4.0,1500.0,House
Ontario,ottawa-on,765000.0,4.0,3.0,1500.0,Multifamily
Ontario,ottawa-on,659999.0,4.0,4.0,1500.0,Townhouse
Ontario,ottawa-on,618000.0,3.0,2.0,1100.0,House
Ontario,ottawa-on,839900.0,3.0,2.0,1100.0,House
Ontario,ottawa-on,1199000.0,4.0,3.0,2000.0,House
Ontario,ottawa-on,379900.0,2.0,1.0,800.0,Apt/Condo
Ontario,ottawa-on,895000.0,4.0,4.0,2000.0,House
Ontario,ottawa-on,675900.0,3.0,3.0,2000.0,Townhouse
Ontario,ottawa-on,500000.0,2.0,2.0,1400.0,Apt/Condo
Ontario,ottawa-on,448800.0,2.0,2.0,700.0,Apt/Condo
Ontario,ottawa-on,449900.0,3.0,2.0,1200.0,Apt/Condo
Ontario,ottawa-on,1049000.0,4.0,5.0,3000.0,House
Ontario,ottawa-on,439900.0,2.0,1.0,600.0,Apt/Condo
Ontario,ottawa-on,500000.0,2.0,2.0,1400.0,Apt/Condo
Ontario,ottawa-on,839900.0,3.0,2.0,1100.0,House
Ontario,ottawa-on,675900.0,3.0,3.0,2000.0,Townhouse
Ontario,ottawa-on,419900.0,2.0,2.0,1000.0,Townhouse
Ontario,ottawa-on,1039000.0,4.0,4.0,2000.0,House
Ontario,ottawa-on,385000.0,4.0,2.0,1400.0,Townhouse
Ontario,ottawa-on,899000.0,3.0,3.0,1100.0,Multifamily
Ontario,ottawa-on,524900.0,2.0,2.0,1400.0,Apt/Condo
Ontario,ottawa-on,1449777.0,4.0,5.0,1500.0,House
Ontario,ottawa-on,359900.0,1.0,2.0,800.0,Apt/Condo
Ontario,ottawa-on,1414900.0,4.0,5.0,3000.0,House
Ontario,ottawa-on,592000.0,3.0,3.0,1500.0,Townhouse
Ontario,ottawa-on,579900.0,3.0,3.0,1100.0,Townhouse
Ontario,ottawa-on,1199900.0,4.0,5.0,3500.0,House
Ontario,ottawa-on,580000.0,3.0,1.0,1100.0,House
Ontario,ottawa-on,889000.0,3.0,2.0,1500.0,House
Ontario,ottawa-on,624900.0,3.0,4.0,1500.0,Townhouse
Ontario,ottawa-on,345000.0,2.0,2.0,900.0,Apt/Condo
Ontario,ottawa-on,329900.0,2.0,2.0,1000.0,Townhouse
Ontario,ottawa-on,349900.0,2.0,2.0,900.0,Townhouse
Ontario,ottawa-on,749900.0,4.0,2.0,1500.0,House
Ontario,ottawa-on,579000.0,3.0,,,Townhouse
Ontario,ottawa-on,685000.0,3.0,3.0,2500.0,House
Ontario,ottawa-on,629900.0,5.0,3.0,1100.0,House
Ontario,ottawa-on,1495000.0,5.0,4.0,2500.0,House
Ontario,ottawa-on,588900.0,3.0,2.0,700.0,House
Ontario,ottawa-on,695000.0,3.0,3.0,1500.0,House
Ontario,ottawa-on,529900.0,2.0,2.0,1500.0,Townhouse
Ontario,ottawa-on,239900.0,2.0,1.0,900.0,Apt/Condo
Ontario,ottawa-on,464900.0,3.0,3.0,1400.0,Townhouse
Ontario,ottawa-on,424900.0,4.0,2.0,1000.0,Townhouse
Ontario,ottawa-on,1089900.0,3.0,2.0,1500.0,House
Ontario,ottawa-on,619000.0,4.0,2.0,700.0,House
Ontario,ottawa-on,729000.0,2.0,2.0,1100.0,House
Ontario,ottawa-on,409900.0,3.0,5.0,1400.0,Townhouse
Ontario,ottawa-on,759900.0,4.0,3.0,2000.0,House
Ontario,ottawa-on,569000.0,3.0,2.0,1500.0,Townhouse
Ontario,ottawa-on,284900.0,2.0,1.0,800.0,Apt/Condo
Ontario,ottawa-on,1059900.0,5.0,4.0,2500.0,House
Ontario,ottawa-on,684900.0,3.0,3.0,1500.0,Townhouse
Ontario,ottawa-on,899900.0,3.0,3.0,1500.0,House
Ontario,ottawa-on,439900.0,3.0,2.0,1000.0,Townhouse
Ontario,ottawa-on,549900.0,3.0,3.0,1100.0,Townhouse
Ontario,ottawa-on,799900.0,4.0,3.0,1500.0,House
Ontario,ottawa-on,899900.0,4.0,4.0,2000.0,House
Ontario,ottawa-on,329900.0,2.0,2.0,1000.0,Apt/Condo
Ontario,ottawa-on,4399000.0,4.0,,,House
Ontario,ottawa-on,965000.0,4.0,3.0,2000.0,House
Ontario,ottawa-on,609900.0,3.0,3.0,1500.0,Townhouse
Ontario,ottawa-on,549000.0,3.0,3.0,1100.0,Townhouse
Ontario,ottawa-on,549900.0,2.0,3.0,1100.0,Townhouse
Ontario,ottawa-on,619900.0,1.0,1.0,700.0,Apt/Condo
Ontario,ottawa-on,677500.0,3.0,4.0,1100.0,Townhouse
Ontario,ottawa-on,379900.0,2.0,,,Apt/Condo
Ontario,ottawa-on,849900.0,4.0,3.0,2000.0,House
Ontario,ottawa-on,1050000.0,3.0,,,House
Ontario,ottawa-on,399900.0,4.0,,,House
Ontario,ottawa-on,549900.0,3.0,,,Townhouse
Ontario,ottawa-on,409900.0,1.0,,,Apt/Condo
Ontario,ottawa-on,749900.0,2.0,,,Apt/Condo
Ontario,ottawa-on,629900.0,3.0,4.0,1100.0,House
Ontario,ottawa-on,399000.0,3.0,2.0,1200.0,Townhouse
Ontario,ottawa-on,849000.0,3.0,4.0,1500.0,House
Ontario,ottawa-on,619900.0,3.0,3.0,1100.0,Townhouse
Ontario,ottawa-on,644900.0,3.0,3.0,1100.0,House
Ontario,ottawa-on,578000.0,4.0,2.0,700.0,House
Ontario,ottawa-on,720000.0,5.0,3.0,1100.0,House
Ontario,ottawa-on,525000.0,3.0,2.0,1100.0,Townhouse
Ontario,ottawa-on,674999.0,4.0,2.0,1100.0,House
Ontario,ottawa-on,899900.0,3.0,3.0,1500.0,House
Ontario,ottawa-on,598800.0,3.0,3.0,1100.0,Townhouse
Ontario,ottawa-on,299900.0,3.0,2.0,700.0,Apt/Condo
Ontario,ottawa-on,649900.0,3.0,3.0,1500.0,Townhouse
Ontario,ottawa-on,244900.0,2.0,1.0,800.0,Apt/Condo
Ontario,ottawa-on,589900.0,3.0,2.0,700.0,House
Ontario,ottawa-on,647500.0,3.0,3.0,1500.0,House
Ontario,ottawa-on,799900.0,0.0,0.0,700.0,Land/Lot
Ontario,ottawa-on,609900.0,3.0,1.0,1100.0,House
Ontario,ottawa-on,624900.0,4.0,2.0,700.0,House
Ontario,ottawa-on,469900.0,4.0,3.0,1600.0,Townhouse
Ontario,ottawa-on,899900.0,6.0,4.0,1100.0,Multifamily
Ontario,ottawa-on,549900.0,3.0,2.0,1100.0,House
Ontario,ottawa-on,689000.0,3.0,4.0,1500.0,Townhouse
Ontario,ottawa-on,1275000.0,4.0,5.0,2000.0,House
Ontario,ottawa-on,645000.0,2.0,2.0,1000.0,Apt/Condo
Ontario,ottawa-on,479900.0,3.0,2.0,1200.0,Townhouse
Ontario,ottawa-on,6795000.0,0.0,,,Multifamily
Ontario,ottawa-on,445000.0,2.0,2.0,1200.0,Townhouse
Ontario,ottawa-on,649900.0,3.0,2.0,1100.0,House
Ontario,ottawa-on,269900.0,2.0,2.0,900.0,Apt/Condo
Ontario,ottawa-on,619000.0,3.0,3.0,1100.0,Townhouse
Ontario,ottawa-on,1585000.0,10.0,4.0,3500.0,Multifamily
Ontario,ottawa-on,775000.0,2.0,2.0,1400.0,Apt/Condo
Ontario,ottawa-on,749900.0,3.0,4.0,1500.0,Townhouse
Ontario,ottawa-on,1145000.0,7.0,4.0,2500.0,House
Ontario,ottawa-on,350000.0,2.0,2.0,1000.0,Apt/Condo
Ontario,ottawa-on,1048888.0,3.0,4.0,2500.0,House
Ontario,ottawa-on,399900.0,1.0,1.0,500.0,Apt/Condo
Ontario,ottawa-on,789999.0,5.0,3.0,1500.0,House
Ontario,ottawa-on,385000.0,3.0,2.0,1200.0,Townhouse
Ontario,ottawa-on,449000.0,3.0,2.0,1100.0,Townhouse
Ontario,ottawa-on,399900.0,1.0,1.0,500.0,Apt/Condo
Ontario,ottawa-on,385000.0,3.0,2.0,1200.0,Townhouse
Ontario,ottawa-on,235000.0,0.0,1.0,,Apt/Condo
Ontario,ottawa-on,299900.0,2.0,1.0,800.0,Apt/Condo
Ontario,ottawa-on,929000.0,4.0,4.0,2000.0,House
Ontario,ottawa-on,998000.0,6.0,3.0,1500.0,House
Ontario,ottawa-on,649999.0,3.0,,,Townhouse
Ontario,ottawa-on,1550000.0,3.0,4.0,2000.0,House
Ontario,ottawa-on,749900.0,3.0,4.0,1500.0,Townhouse
Ontario,ottawa-on,999900.0,4.0,5.0,3000.0,House
Ontario,ottawa-on,539900.0,2.0,2.0,1000.0,Apt/Condo
Ontario,ottawa-on,439900.0,2.0,3.0,1000.0,Townhouse
Ontario,ottawa-on,669000.0,3.0,3.0,1500.0,House
Ontario,ottawa-on,1989000.0,3.0,,,House
Ontario,ottawa-on,630000.0,3.0,3.0,1500.0,Townhouse
Ontario,ottawa-on,524000.0,3.0,2.0,1500.0,House
Ontario,ottawa-on,739900.0,4.0,4.0,1500.0,House
Ontario,ottawa-on,1299900.0,0.0,,22200.0,Land/Lot
Ontario,ottawa-on,495000.0,3.0,4.0,1200.0,House
Ontario,ottawa-on,1249900.0,5.0,,,House
Ontario,ottawa-on,419900.0,2.0,,,Apt/Condo
Ontario,ottawa-on,519900.0,1.0,,,Apt/Condo
Ontario,ottawa-on,989000.0,3.0,3.0,1800.0,Apt/Condo
Ontario,ottawa-on,724900.0,3.0,3.0,1500.0,House
Ontario,ottawa-on,849900.0,4.0,3.0,1500.0,House
Ontario,ottawa-on,509900.0,2.0,2.0,1100.0,Townhouse
Ontario,ottawa-on,675000.0,3.0,2.0,1100.0,Townhouse
Ontario,ottawa-on,678000.0,3.0,3.0,1500.0,Townhouse
Ontario,ottawa-on,575000.0,3.0,3.0,1500.0,Townhouse
Ontario,ottawa-on,565000.0,3.0,2.0,1100.0,House
Ontario,ottawa-on,729900.0,2.0,3.0,1100.0,Townhouse
Ontario,ottawa-on,584900.0,2.0,2.0,900.0,Apt/Condo
Ontario,ottawa-on,1025000.0,4.0,3.0,2500.0,House
Ontario,ottawa-on,849900.0,2.0,3.0,1100.0,House
Ontario,ottawa-on,974900.0,4.0,3.0,2500.0,House
Ontario,ottawa-on,499000.0,0.0,0.0,,Land/Lot
Ontario,ottawa-on,1299900.0,3.0,4.0,2500.0,House
Ontario,ottawa-on,929000.0,4.0,4.0,2000.0,House
Ontario,ottawa-on,989900.0,3.0,3.0,1500.0,House
Ontario,ottawa-on,499900.0,2.0,1.0,1000.0,Apt/Condo
Ontario,ottawa-on,513467.0,2.0,3.0,1100.0,Townhouse
Ontario,ottawa-on,684999.0,3.0,4.0,1500.0,Townhouse
Ontario,ottawa-on,512048.0,2.0,3.0,1100.0,Townhouse
Ontario,ottawa-on,219000.0,2.0,1.0,700.0,Mfd/Mobile Home
Ontario,ottawa-on,1089900.0,3.0,3.0,2500.0,House
Ontario,ottawa-on,424900.0,3.0,2.0,1000.0,Townhouse
Ontario,ottawa-on,650000.0,4.0,3.0,1100.0,House
Ontario,ottawa-on,599900.0,4.0,3.0,1500.0,Townhouse
Ontario,ottawa-on,999900.0,6.0,4.0,2500.0,House
Ontario,ottawa-on,549900.0,3.0,3.0,1100.0,Townhouse
Ontario,ottawa-on,724900.0,3.0,3.0,1500.0,House
Ontario,ottawa-on,755000.0,4.0,3.0,2000.0,House
Ontario,ottawa-on,717500.0,4.0,3.0,1500.0,House
Ontario,ottawa-on,424900.0,1.0,1.0,600.0,Apt/Condo
Ontario,ottawa-on,749900.0,2.0,3.0,700.0,House
Ontario,ottawa-on,339900.0,2.0,1.0,800.0,Apt/Condo
Ontario,ottawa-on,749900.0,3.0,4.0,1500.0,House
Ontario,ottawa-on,650000.0,3.0,3.0,1500.0,Townhouse
Ontario,ottawa-on,695000.0,2.0,2.0,900.0,Apt/Condo
Ontario,ottawa-on,649900.0,3.0,1.0,1100.0,House
Ontario,ottawa-on,639900.0,3.0,3.0,2000.0,Townhouse
Ontario,ottawa-on,279000.0,3.0,1.0,1000.0,Apt/Condo
Ontario,ottawa-on,609900.0,3.0,3.0,1100.0,Townhouse
Ontario,ottawa-on,685000.0,4.0,4.0,1500.0,House
Ontario,ottawa-on,621500.0,3.0,3.0,1100.0,Townhouse
Ontario,ottawa-on,1425000.0,11.0,6.0,3500.0,Multifamily
Ontario,ottawa-on,685000.0,3.0,4.0,1500.0,House
Ontario,ottawa-on,570000.0,2.0,2.0,700.0,House
Ontario,ottawa-on,429900.0,3.0,2.0,2000.0,Townhouse
Ontario,ottawa-on,675000.0,3.0,3.0,1500.0,House
Ontario,ottawa-on,315000.0,0.0,1.0,,Apt/Condo
Ontario,ottawa-on,1165000.0,0.0,,6975.0,Land/Lot
Ontario,ottawa-on,514000.0,3.0,2.0,700.0,Townhouse
Ontario,ottawa-on,629000.0,3.0,3.0,1500.0,Townhouse
Ontario,ottawa-on,649000.0,3.0,3.0,1100.0,House
Ontario,ottawa-on,719000.0,3.0,3.0,1500.0,House
Ontario,ottawa-on,999000.0,3.0,4.0,2000.0,House
Ontario,ottawa-on,999000.0,0.0,0.0,,Multifamily
Ontario,ottawa-on,829900.0,3.0,2.0,1500.0,House
Ontario,ottawa-on,609900.0,3.0,3.0,1500.0,Townhouse
Ontario,ottawa-on,1149000.0,7.0,4.0,2000.0,Multifamily
Ontario,ottawa-on,669000.0,3.0,3.0,2000.0,Townhouse
Ontario,ottawa-on,1149000.0,7.0,4.0,2000.0,Multifamily
Ontario,ottawa-on,1950000.0,5.0,4.0,5000.0,House
Ontario,ottawa-on,799900.0,3.0,3.0,2000.0,House
Ontario,ottawa-on,649900.0,2.0,,,Townhouse
Ontario,ottawa-on,599000.0,3.0,,,House
Ontario,ottawa-on,530000.0,3.0,2.0,1200.0,Townhouse
Ontario,ottawa-on,424900.0,3.0,2.0,1000.0,Townhouse
Ontario,ottawa-on,479000.0,2.0,2.0,1000.0,Apt/Condo
Ontario,ottawa-on,829900.0,4.0,4.0,2000.0,House
Ontario,ottawa-on,1575000.0,0.0,,6491.0,Multifamily
Ontario,ottawa-on,999000.0,0.0,0.0,,Multifamily
Ontario,ottawa-on,669900.0,3.0,3.0,1100.0,House
Ontario,ottawa-on,409900.0,3.0,3.0,1200.0,Townhouse
Ontario,ottawa-on,779900.0,3.0,3.0,1100.0,Townhouse
Ontario,ottawa-on,570000.0,3.0,3.0,1100.0,Townhouse
Ontario,ottawa-on,1699000.0,5.0,5.0,3000.0,House
Ontario,ottawa-on,420000.0,3.0,2.0,1200.0,Townhouse
Ontario,ottawa-on,1169000.0,5.0,4.0,3000.0,House
Ontario,ottawa-on,999000.0,0.0,0.0,,Multifamily
Ontario,ottawa-on,675000.0,5.0,4.0,1500.0,House
Ontario,ottawa-on,874900.0,4.0,4.0,2500.0,House
Ontario,ottawa-on,844000.0,6.0,4.0,2000.0,House
Ontario,ottawa-on,849900.0,4.0,3.0,2000.0,House
Ontario,ottawa-on,894900.0,4.0,3.0,2000.0,House
Ontario,ottawa-on,1089900.0,3.0,3.0,2500.0,House
Ontario,ottawa-on,925000.0,5.0,4.0,2500.0,House
Ontario,ottawa-on,699000.0,3.0,3.0,1500.0,House
Ontario,ottawa-on,544000.0,2.0,3.0,1100.0,Townhouse
Ontario,ottawa-on,349900.0,2.0,2.0,1200.0,Townhouse
Ontario,ottawa-on,639000.0,4.0,4.0,1500.0,Townhouse
Ontario,ottawa-on,599900.0,3.0,3.0,1200.0,Townhouse
Ontario,ottawa-on,1150000.0,4.0,3.0,1500.0,House
Ontario,ottawa-on,899900.0,3.0,3.0,1500.0,House
Ontario,ottawa-on,1099000.0,0.0,0.0,,Land/Lot
Ontario,ottawa-on,479900.0,2.0,3.0,1400.0,Townhouse
Ontario,ottawa-on,949000.0,6.0,4.0,2000.0,House
Ontario,ottawa-on,554900.0,3.0,6.0,1100.0,Townhouse
Ontario,ottawa-on,1185000.0,5.0,4.0,3500.0,House
Ontario,ottawa-on,895000.0,3.0,2.0,2000.0,House
Ontario,ottawa-on,899900.0,4.0,4.0,2000.0,House
Ontario,ottawa-on,849900.0,4.0,3.0,,Multifamily
Ontario,ottawa-on,849900.0,4.0,2.0,700.0,House
Ontario,ottawa-on,675000.0,3.0,2.0,1100.0,House
Ontario,ottawa-on,454900.0,3.0,3.0,1200.0,Townhouse
Ontario,ottawa-on,459900.0,2.0,2.0,1000.0,Apt/Condo
Ontario,ottawa-on,645900.0,4.0,2.0,700.0,House
Ontario,ottawa-on,325000.0,1.0,1.0,600.0,Apt/Condo
Ontario,ottawa-on,749900.0,3.0,3.0,1500.0,Townhouse
Ontario,ottawa-on,649900.0,2.0,2.0,1400.0,Apt/Condo
Ontario,ottawa-on,999900.0,4.0,3.0,2500.0,House
Ontario,ottawa-on,1455000.0,3.0,3.0,2000.0,House
Ontario,ottawa-on,1390000.0,9.0,4.0,3000.0,House
Ontario,ottawa-on,335000.0,2.0,2.0,800.0,Apt/Condo
Ontario,ottawa-on,585000.0,3.0,3.0,1500.0,Townhouse
Ontario,ottawa-on,618900.0,3.0,3.0,1500.0,Townhouse
Ontario,ottawa-on,899000.0,7.0,4.0,3000.0,House
Ontario,ottawa-on,754900.0,4.0,3.0,2000.0,House
Ontario,ottawa-on,775000.0,4.0,3.0,1100.0,House
Ontario,ottawa-on,938000.0,4.0,4.0,2000.0,House
Ontario,ottawa-on,764900.0,4.0,3.0,1500.0,House
Ontario,ottawa-on,599900.0,3.0,2.0,1100.0,Townhouse
Ontario,ottawa-on,749900.0,4.0,3.0,1500.0,House
Ontario,ottawa-on,1219000.0,7.0,4.0,2500.0,Multifamily
Ontario,ottawa-on,899900.0,1.0,2.0,1500.0,House
Ontario,ottawa-on,899000.0,4.0,3.0,2500.0,House
Ontario,ottawa-on,799000.0,5.0,4.0,1500.0,House
Ontario,ottawa-on,799000.0,4.0,4.0,1500.0,House
Ontario,ottawa-on,530000.0,2.0,2.0,1000.0,Apt/Condo
Ontario,ottawa-on,724900.0,2.0,2.0,700.0,Townhouse
Ontario,ottawa-on,349900.0,4.0,1.0,1200.0,Townhouse
Ontario,ottawa-on,1320000.0,4.0,4.0,2000.0,House
Ontario,ottawa-on,955000.0,3.0,3.0,1100.0,House
Ontario,ottawa-on,679900.0,3.0,3.0,1500.0,Townhouse
Ontario,ottawa-on,249900.0,1.0,1.0,600.0,Apt/Condo
Ontario,ottawa-on,799000.0,4.0,1.0,1100.0,House
Ontario,ottawa-on,629900.0,2.0,2.0,1000.0,Apt/Condo
Ontario,ottawa-on,699900.0,3.0,4.0,1500.0,House
Ontario,ottawa-on,604900.0,3.0,3.0,1100.0,Townhouse
Ontario,ottawa-on,734900.0,3.0,4.0,1800.0,Townhouse
Ontario,ottawa-on,524900.0,2.0,2.0,1000.0,Apt/Condo
Ontario,ottawa-on,819000.0,4.0,3.0,2000.0,Townhouse
Ontario,ottawa-on,539900.0,2.0,3.0,1100.0,Townhouse
Ontario,ottawa-on,380000.0,2.0,2.0,900.0,Apt/Condo
Ontario,ottawa-on,699900.0,4.0,2.0,1500.0,House
Ontario,ottawa-on,489700.0,2.0,2.0,700.0,Townhouse
Ontario,ottawa-on,649000.0,4.0,3.0,1100.0,House
Ontario,ottawa-on,649900.0,3.0,3.0,1100.0,House
Ontario,ottawa-on,385000.0,2.0,2.0,1000.0,Apt/Condo
Ontario,ottawa-on,749900.0,3.0,3.0,1500.0,Townhouse
Ontario,ottawa-on,379900.0,1.0,1.0,500.0,Apt/Condo
Ontario,ottawa-on,1680000.0,6.0,4.0,2500.0,House
Ontario,ottawa-on,740000.0,3.0,3.0,1500.0,House
Ontario,ottawa-on,690000.0,3.0,3.0,1500.0,Townhouse
Ontario,ottawa-on,459900.0,3.0,2.0,1400.0,Townhouse
Ontario,ottawa-on,329900.0,3.0,2.0,1200.0,Townhouse
Ontario,ottawa-on,539000.0,3.0,3.0,2000.0,House
Ontario,ottawa-on,799900.0,6.0,4.0,1100.0,House
Ontario,ottawa-on,1037900.0,4.0,3.0,2500.0,House
Ontario,ottawa-on,799900.0,6.0,3.0,1100.0,House
Ontario,ottawa-on,599999.0,3.0,3.0,1500.0,Townhouse
Ontario,ottawa-on,330000.0,0.0,0.0,,Land/Lot
Ontario,ottawa-on,349500.0,3.0,2.0,1000.0,Townhouse
Ontario,ottawa-on,368000.0,3.0,2.0,1000.0,Apt/Condo
Ontario,ottawa-on,779000.0,4.0,3.0,2000.0,House
Ontario,ottawa-on,599900.0,3.0,3.0,1100.0,Townhouse
Ontario,ottawa-on,699900.0,4.0,3.0,1100.0,House
Ontario,ottawa-on,1999900.0,6.0,4.0,3500.0,House
Ontario,ottawa-on,999000.0,3.0,3.0,1100.0,House
Ontario,ottawa-on,899000.0,6.0,4.0,3000.0,Multifamily
Ontario,ottawa-on,1199000.0,4.0,5.0,3000.0,House
Ontario,ottawa-on,1999888.0,5.0,3.0,3500.0,House
Ontario,ottawa-on,335000.0,1.0,1.0,600.0,Apt/Condo
Ontario,ottawa-on,739900.0,3.0,3.0,1500.0,House
Ontario,ottawa-on,1150000.0,3.0,3.0,2000.0,House
Ontario,ottawa-on,1049990.0,4.0,,,House
Ontario,ottawa-on,649900.0,3.0,3.0,1500.0,House
Ontario,ottawa-on,599900.0,2.0,2.0,1200.0,Apt/Condo
Ontario,ottawa-on,929900.0,0.0,0.0,1100.0,Land/Lot
Ontario,ottawa-on,244900.0,2.0,1.0,700.0,Apt/Condo
Ontario,ottawa-on,629900.0,3.0,3.0,1500.0,Townhouse
Ontario,ottawa-on,1099000.0,5.0,,,House
Ontario,ottawa-on,749900.0,3.0,2.0,1500.0,House
Ontario,ottawa-on,669900.0,4.0,2.0,700.0,House
Ontario,ottawa-on,929000.0,4.0,,,House
Ontario,ottawa-on,1099000.0,2.0,2.0,1400.0,Apt/Condo
Ontario,ottawa-on,1150000.0,5.0,,,House
Ontario,ottawa-on,1479000.0,8.0,4.0,2500.0,House
Ontario,ottawa-on,349900.0,3.0,2.0,1000.0,Apt/Condo
Ontario,ottawa-on,675000.0,0.0,,,Land/Lot
Ontario,ottawa-on,349900.0,3.0,2.0,1000.0,Townhouse
Ontario,ottawa-on,539900.0,3.0,2.0,1100.0,Townhouse
Ontario,ottawa-on,750000.0,3.0,3.0,1500.0,Townhouse
Ontario,ottawa-on,739000.0,4.0,4.0,1500.0,Townhouse
Ontario,ottawa-on,725000.0,3.0,2.0,1400.0,Apt/Condo
Ontario,ottawa-on,434900.0,3.0,2.0,1200.0,Townhouse
Ontario,ottawa-on,1045900.0,4.0,4.0,2500.0,House
Ontario,ottawa-on,779900.0,5.0,2.0,700.0,House
Ontario,guelph-on,824900.0,3.0,2.0,1500.0,House
Ontario,guelph-on,477000.0,2.0,2.0,900.0,Apt/Condo
Ontario,guelph-on,824000.0,3.0,3.0,1300.0,House
Ontario,guelph-on,675000.0,3.0,1.0,1100.0,House
Ontario,guelph-on,522000.0,3.0,2.0,1000.0,Apt/Condo
Ontario,guelph-on,864000.0,2.0,2.0,1200.0,Apt/Condo
Ontario,guelph-on,799900.0,5.0,2.0,1500.0,House
Ontario,guelph-on,849900.0,3.0,4.0,1100.0,House
Ontario,guelph-on,599900.0,2.0,1.0,800.0,Apt/Condo
Ontario,guelph-on,510000.0,2.0,2.0,900.0,Townhouse
Ontario,guelph-on,889000.0,3.0,4.0,1468.0,House
Ontario,guelph-on,519900.0,3.0,2.0,1100.0,Townhouse
Ontario,guelph-on,469000.0,1.0,1.0,700.0,Apt/Condo
Ontario,guelph-on,399900.0,2.0,2.0,1000.0,Apt/Condo
Ontario,guelph-on,889900.0,5.0,3.0,1500.0,House
Ontario,guelph-on,788000.0,4.0,2.0,1100.0,House
Ontario,guelph-on,700000.0,3.0,2.0,885.0,House
Ontario,guelph-on,1099000.0,2.0,2.0,1635.0,Apt/Condo
Ontario,guelph-on,515000.0,3.0,1.0,1085.0,Townhouse
Ontario,guelph-on,1499900.0,3.0,4.0,2054.0,House
Ontario,guelph-on,1299999.0,4.0,4.0,2379.0,House
Ontario,guelph-on,1269900.0,3.0,3.0,1500.0,House
Ontario,guelph-on,529900.0,3.0,2.0,1200.0,Townhouse
Ontario,guelph-on,749900.0,2.0,2.0,1200.0,Apt/Condo
Ontario,guelph-on,849000.0,3.0,3.0,1500.0,Townhouse
Ontario,guelph-on,639900.0,3.0,3.0,1520.0,Townhouse
Ontario,guelph-on,7999999.0,0.0,,,Land/Lot
Ontario,guelph-on,659000.0,4.0,4.0,1000.0,Apt/Condo
Ontario,guelph-on,778900.0,3.0,2.0,700.0,House
Ontario,guelph-on,559900.0,3.0,2.0,1200.0,Apt/Condo
Ontario,guelph-on,979900.0,3.0,4.0,1500.0,House
Ontario,guelph-on,739000.0,3.0,3.0,2000.0,Townhouse
Ontario,guelph-on,584999.0,4.0,3.0,1200.0,Townhouse
Ontario,guelph-on,1449900.0,4.0,4.0,3253.0,House
Ontario,guelph-on,599900.0,2.0,2.0,1400.0,Townhouse
Ontario,guelph-on,1150000.0,3.0,4.0,2297.0,House
Ontario,guelph-on,966600.0,3.0,3.0,2000.0,House
Ontario,guelph-on,459000.0,2.0,2.0,800.0,Apt/Condo
Ontario,guelph-on,529900.0,2.0,2.0,800.0,Apt/Condo
Ontario,guelph-on,374900.0,2.0,1.0,800.0,Apt/Condo
Ontario,guelph-on,600000.0,4.0,2.0,1500.0,House
Ontario,guelph-on,1299900.0,4.0,3.0,1886.0,House
Ontario,guelph-on,669900.0,4.0,2.0,1100.0,House
Ontario,guelph-on,789900.0,3.0,2.0,1140.0,House
Ontario,guelph-on,949900.0,3.0,3.0,1500.0,House
Ontario,guelph-on,475000.0,2.0,2.0,1000.0,Apt/Condo
Ontario,guelph-on,879900.0,3.0,4.0,1856.0,Townhouse
Ontario,guelph-on,849000.0,4.0,2.0,1058.0,House
Ontario,guelph-on,849900.0,4.0,2.0,1100.0,House
Ontario,guelph-on,729900.0,2.0,2.0,1000.0,Apt/Condo
Ontario,guelph-on,785000.0,3.0,2.0,1100.0,House
Ontario,guelph-on,829000.0,3.0,3.0,2015.0,Townhouse
Ontario,guelph-on,649900.0,3.0,2.0,700.0,House
Ontario,guelph-on,979000.0,3.0,3.0,1500.0,House
Ontario,guelph-on,1349000.0,5.0,3.0,1100.0,House
Ontario,guelph-on,829900.0,4.0,4.0,2000.0,House
Ontario,guelph-on,814999.0,5.0,2.0,1500.0,House
Ontario,guelph-on,959000.0,4.0,4.0,1845.0,Townhouse
Ontario,guelph-on,615000.0,4.0,4.0,1130.0,Apt/Condo
Ontario,guelph-on,499999.0,1.0,1.0,800.0,Apt/Condo
Ontario,guelph-on,479900.0,3.0,1.0,900.0,Apt/Condo
Ontario,guelph-on,744900.0,3.0,3.0,1473.0,Townhouse
Ontario,guelph-on,549500.0,3.0,1.0,800.0,Apt/Condo
Ontario,guelph-on,779000.0,3.0,3.0,1100.0,House
Ontario,guelph-on,695000.0,4.0,2.0,1016.0,House
Ontario,guelph-on,749000.0,4.0,2.0,1334.0,House
Ontario,guelph-on,549900.0,2.0,2.0,1000.0,Apt/Condo
Ontario,guelph-on,599900.0,2.0,2.0,1200.0,Townhouse
Ontario,guelph-on,419900.0,1.0,1.0,677.0,Apt/Condo
Ontario,guelph-on,769900.0,3.0,2.0,1150.0,House
Ontario,guelph-on,829900.0,3.0,3.0,1483.0,House
Ontario,guelph-on,594900.0,3.0,3.0,1537.0,Townhouse
Ontario,guelph-on,769900.0,3.0,2.0,1390.0,House
Ontario,guelph-on,579900.0,2.0,3.0,1000.0,Townhouse
Ontario,guelph-on,799900.0,5.0,2.0,1500.0,House
Ontario,guelph-on,569999.0,3.0,2.0,1200.0,Apt/Condo
Ontario,guelph-on,599900.0,3.0,2.0,1500.0,Multifamily
Ontario,guelph-on,575000.0,3.0,2.0,1387.0,House
Ontario,guelph-on,1149900.0,3.0,3.0,1500.0,House
Ontario,guelph-on,1259000.0,4.0,4.0,2500.0,House
Ontario,guelph-on,1249900.0,4.0,3.0,2627.0,House
Ontario,guelph-on,429900.0,2.0,1.0,600.0,Apt/Condo
Ontario,guelph-on,849000.0,5.0,4.0,2000.0,House
Ontario,guelph-on,739900.0,7.0,3.0,1500.0,House
Ontario,guelph-on,1599900.0,3.0,3.0,2000.0,House
Ontario,guelph-on,920000.0,4.0,4.0,1500.0,House
Ontario,guelph-on,849000.0,4.0,4.0,2000.0,House
Ontario,guelph-on,475000.0,2.0,1.0,700.0,Apt/Condo
Ontario,guelph-on,1174900.0,4.0,4.0,2000.0,House
Ontario,guelph-on,699999.0,4.0,3.0,1200.0,Townhouse
Ontario,guelph-on,355000.0,2.0,1.0,1200.0,Apt/Condo
Ontario,guelph-on,489900.0,2.0,1.0,800.0,Apt/Condo
Ontario,guelph-on,1250000.0,5.0,5.0,2544.0,House
Ontario,guelph-on,699900.0,5.0,2.0,1100.0,House
Ontario,guelph-on,499900.0,3.0,1.0,1000.0,Townhouse
Ontario,guelph-on,999000.0,3.0,3.0,2000.0,House
Ontario,guelph-on,939000.0,4.0,4.0,1100.0,House
Ontario,guelph-on,869000.0,4.0,3.0,1100.0,House
Ontario,guelph-on,1750000.0,3.0,3.0,2500.0,House
Ontario,guelph-on,899900.0,4.0,3.0,1100.0,House
Ontario,guelph-on,749900.0,4.0,2.0,989.0,House
Ontario,guelph-on,900000.0,3.0,1.0,1100.0,House
Ontario,guelph-on,799000.0,2.0,2.0,1439.0,Apt/Condo
Ontario,guelph-on,429900.0,1.0,1.0,500.0,Apt/Condo
Ontario,guelph-on,1025000.0,3.0,2.0,1500.0,House
Ontario,guelph-on,799000.0,3.0,4.0,1654.0,House
Ontario,guelph-on,690000.0,3.0,2.0,1100.0,House
Ontario,guelph-on,724999.0,2.0,4.0,1200.0,Townhouse
Ontario,guelph-on,1075000.0,4.0,2.0,1500.0,House
Ontario,guelph-on,485000.0,2.0,1.0,700.0,Apt/Condo
Ontario,guelph-on,1000000.0,4.0,1.0,1100.0,House
Ontario,guelph-on,499000.0,2.0,2.0,1000.0,Apt/Condo
Ontario,guelph-on,930000.0,5.0,3.0,1500.0,House
Ontario,guelph-on,765000.0,3.0,1.0,1100.0,House
Ontario,guelph-on,929000.0,3.0,4.0,1500.0,House
Ontario,guelph-on,899000.0,3.0,2.0,1100.0,House
Ontario,guelph-on,899900.0,3.0,2.0,700.0,House
Ontario,guelph-on,739888.0,4.0,2.0,1100.0,House
Ontario,guelph-on,1199900.0,4.0,4.0,2500.0,House
Ontario,guelph-on,499900.0,4.0,2.0,1124.0,Townhouse
Ontario,guelph-on,1199880.0,3.0,3.0,2500.0,House
Ontario,guelph-on,395000.0,2.0,2.0,598.0,Apt/Condo
Ontario,guelph-on,499900.0,3.0,2.0,1200.0,Townhouse
Ontario,guelph-on,889000.0,4.0,3.0,3500.0,House
Ontario,guelph-on,895000.0,4.0,4.0,1500.0,House
Ontario,guelph-on,599000.0,2.0,1.0,700.0,House
Ontario,guelph-on,499999.0,3.0,2.0,1200.0,Townhouse
Ontario,guelph-on,765000.0,3.0,3.0,1100.0,Townhouse
Ontario,guelph-on,710000.0,3.0,3.0,2000.0,Townhouse
Ontario,guelph-on,320000.0,2.0,1.0,732.0,Apt/Condo
Ontario,guelph-on,1524650.0,3.0,3.0,2070.0,Townhouse
Ontario,guelph-on,1439900.0,3.0,3.0,2160.0,Townhouse
Ontario,guelph-on,1299900.0,4.0,4.0,2251.0,House
Ontario,guelph-on,1599000.0,6.0,3.0,2500.0,House
Ontario,guelph-on,578000.0,3.0,3.0,1200.0,Townhouse
Ontario,guelph-on,1294900.0,6.0,4.0,2500.0,House
Ontario,guelph-on,799900.0,3.0,3.0,1600.0,Townhouse
Ontario,guelph-on,999000.0,3.0,3.0,700.0,House
Ontario,guelph-on,549900.0,3.0,3.0,972.0,Apt/Condo
Ontario,guelph-on,649050.0,3.0,2.0,1355.0,Apt/Condo
Ontario,guelph-on,799900.0,4.0,2.0,1100.0,House
Ontario,guelph-on,899000.0,5.0,5.0,2000.0,House
Ontario,guelph-on,712000.0,3.0,3.0,1134.0,Townhouse
Ontario,guelph-on,559900.0,1.0,1.0,800.0,Apt/Condo
Ontario,guelph-on,875000.0,3.0,2.0,1100.0,House
Ontario,guelph-on,1124900.0,4.0,3.0,1500.0,House
Ontario,guelph-on,897900.0,3.0,3.0,2000.0,House
Ontario,guelph-on,1595000.0,0.0,,87120.0,Land/Lot
Ontario,guelph-on,489900.0,3.0,1.0,899.0,Apt/Condo
Ontario,guelph-on,949900.0,4.0,2.0,2500.0,House
Ontario,guelph-on,780000.0,4.0,4.0,1660.0,House
Ontario,guelph-on,489900.0,1.0,1.0,627.0,Apt/Condo
Ontario,guelph-on,1445000.0,5.0,4.0,2500.0,House
Ontario,guelph-on,784900.0,2.0,2.0,1200.0,Apt/Condo
Ontario,guelph-on,759000.0,4.0,4.0,1500.0,House
Ontario,guelph-on,479900.0,3.0,2.0,1000.0,Townhouse
Ontario,guelph-on,744900.0,4.0,2.0,1202.0,House
Ontario,guelph-on,929900.0,2.0,2.0,1464.0,Apt/Condo
Ontario,guelph-on,998000.0,2.0,3.0,2000.0,Townhouse
Ontario,guelph-on,999900.0,4.0,4.0,2000.0,House
Ontario,guelph-on,749000.0,4.0,6.0,1599.0,Townhouse
Ontario,guelph-on,859900.0,4.0,4.0,2352.0,House
Ontario,guelph-on,799900.0,3.0,2.0,1500.0,House
Ontario,guelph-on,698500.0,4.0,2.0,700.0,House
Ontario,guelph-on,899900.0,7.0,4.0,2000.0,House
Ontario,guelph-on,674800.0,3.0,3.0,1253.0,Townhouse
Ontario,guelph-on,465000.0,2.0,1.0,900.0,Apt/Condo
Ontario,guelph-on,479000.0,2.0,1.0,700.0,Apt/Condo
Ontario,guelph-on,399900.0,2.0,2.0,1311.0,Apt/Condo
Ontario,guelph-on,499900.0,2.0,1.0,700.0,Apt/Condo
Ontario,guelph-on,749999.0,2.0,2.0,1013.0,House
Ontario,guelph-on,1050000.0,4.0,3.0,1500.0,House
Ontario,guelph-on,1149900.0,3.0,4.0,2500.0,House
Ontario,guelph-on,739000.0,3.0,2.0,2000.0,Townhouse
Ontario,guelph-on,799900.0,3.0,3.0,1500.0,Townhouse
Ontario,guelph-on,529900.0,3.0,2.0,1200.0,Townhouse
Ontario,guelph-on,679900.0,2.0,2.0,1000.0,Apt/Condo
Ontario,guelph-on,519900.0,2.0,1.0,892.0,Apt/Condo
Ontario,guelph-on,749000.0,3.0,4.0,1799.0,Townhouse
Ontario,guelph-on,1299999.0,4.0,3.0,2000.0,House
Ontario,guelph-on,749000.0,3.0,4.0,1799.0,Townhouse
Ontario,guelph-on,775000.0,6.0,4.0,1100.0,House
Ontario,guelph-on,390000.0,1.0,1.0,600.0,Apt/Condo
Ontario,guelph-on,724900.0,3.0,2.0,1900.0,House
Ontario,guelph-on,1200000.0,5.0,2.0,700.0,Multifamily
Ontario,guelph-on,1399999.0,3.0,4.0,2412.0,House
Ontario,guelph-on,699000.0,3.0,3.0,1337.0,Townhouse
Ontario,guelph-on,539900.0,3.0,2.0,964.0,Apt/Condo
Ontario,guelph-on,509900.0,3.0,2.0,1000.0,Townhouse
Ontario,guelph-on,999900.0,5.0,5.0,2000.0,House
Ontario,guelph-on,849900.0,3.0,3.0,1699.0,House
Ontario,guelph-on,490000.0,2.0,1.0,1206.0,Townhouse
Ontario,guelph-on,369900.0,2.0,2.0,900.0,Apt/Condo
Ontario,guelph-on,874900.0,3.0,4.0,1800.0,Townhouse
Ontario,guelph-on,799900.0,3.0,3.0,1500.0,House
Ontario,guelph-on,540000.0,2.0,2.0,900.0,Apt/Condo
Ontario,guelph-on,799900.0,4.0,3.0,2112.0,House
Ontario,guelph-on,999000.0,4.0,4.0,1767.0,House
Ontario,guelph-on,1149900.0,3.0,3.0,1100.0,House
Ontario,guelph-on,799900.0,3.0,3.0,1500.0,House
Ontario,guelph-on,785000.0,2.0,2.0,1200.0,Apt/Condo
Ontario,guelph-on,799900.0,3.0,4.0,1500.0,House
Ontario,guelph-on,650000.0,2.0,3.0,1399.0,Apt/Condo
Ontario,guelph-on,699900.0,3.0,3.0,1500.0,Townhouse
Ontario,guelph-on,810000.0,3.0,2.0,1100.0,House
Ontario,guelph-on,239000.0,0.0,,435600.0,Land/Lot
Ontario,guelph-on,554999.0,2.0,2.0,852.0,Apt/Condo
Ontario,guelph-on,554999.0,2.0,2.0,800.0,Apt/Condo
Ontario,guelph-on,798900.0,2.0,2.0,1600.0,House
Ontario,guelph-on,569900.0,2.0,2.0,1399.0,Townhouse
Ontario,guelph-on,1049000.0,3.0,3.0,1500.0,House
Ontario,guelph-on,509000.0,1.0,1.0,628.0,Apt/Condo
Ontario,guelph-on,1690000.0,4.0,5.0,2500.0,Multifamily
Ontario,guelph-on,889000.0,3.0,3.0,1500.0,House
Ontario,guelph-on,1995000.0,4.0,4.0,2500.0,House
Ontario,guelph-on,480000.0,1.0,1.0,606.0,Apt/Condo
Ontario,guelph-on,599990.0,2.0,2.0,1000.0,Townhouse
Ontario,guelph-on,859900.0,3.0,3.0,1500.0,House
Ontario,guelph-on,1099999.0,3.0,3.0,1500.0,House
Ontario,guelph-on,759900.0,4.0,3.0,1100.0,House
Ontario,guelph-on,1074888.0,3.0,2.0,700.0,House
Ontario,guelph-on,600000.0,4.0,3.0,1399.0,Townhouse
Ontario,guelph-on,385000.0,1.0,1.0,606.0,Apt/Condo
Ontario,guelph-on,799900.0,3.0,2.0,1979.0,House
Ontario,guelph-on,849900.0,4.0,3.0,1500.0,House
Ontario,guelph-on,879900.0,3.0,3.0,2000.0,Apt/Condo
Ontario,guelph-on,385000.0,1.0,1.0,606.0,Apt/Condo
Ontario,guelph-on,820000.0,5.0,2.0,1500.0,House
Ontario,guelph-on,829900.0,3.0,3.0,1100.0,House
Ontario,guelph-on,430000.0,1.0,1.0,600.0,Apt/Condo
Ontario,guelph-on,1188000.0,7.0,4.0,1500.0,House
Ontario,guelph-on,529900.0,0.0,,,Land/Lot
Ontario,guelph-on,399999.0,3.0,2.0,1479.0,Apt/Condo
Ontario,guelph-on,639900.0,3.0,3.0,1200.0,Townhouse
Ontario,guelph-on,1429900.0,5.0,4.0,2304.0,House
Ontario,guelph-on,1429000.0,5.0,3.0,2500.0,House
Ontario,guelph-on,924900.0,4.0,3.0,1500.0,House
Ontario,guelph-on,385000.0,2.0,2.0,1100.0,Apt/Condo
Ontario,guelph-on,859900.0,4.0,2.0,1500.0,House
Ontario,guelph-on,1149000.0,3.0,4.0,2500.0,House
Ontario,guelph-on,999999.0,6.0,4.0,2500.0,House
Ontario,guelph-on,450000.0,2.0,2.0,1046.0,Apt/Condo
Ontario,guelph-on,469900.0,3.0,2.0,1399.0,Apt/Condo
Ontario,guelph-on,999900.0,2.0,3.0,1600.0,House
Ontario,guelph-on,925000.0,3.0,3.0,1310.0,House
Ontario,guelph-on,847000.0,2.0,2.0,1400.0,Apt/Condo
Ontario,guelph-on,775000.0,3.0,2.0,1269.0,House
Ontario,guelph-on,498500.0,1.0,1.0,899.0,Apt/Condo
Ontario,guelph-on,899900.0,2.0,3.0,1200.0,Apt/Condo
Ontario,guelph-on,779900.0,4.0,3.0,1100.0,House
Ontario,guelph-on,929000.0,5.0,4.0,2405.0,Townhouse
Ontario,guelph-on,569900.0,1.0,1.0,941.0,Apt/Condo
Ontario,guelph-on,1329900.0,4.0,3.0,2666.0,House
Ontario,guelph-on,565000.0,3.0,1.0,700.0,House
Ontario,guelph-on,689900.0,4.0,1.0,700.0,House
Ontario,guelph-on,569999.0,4.0,2.0,700.0,House
Ontario,guelph-on,1100000.0,3.0,2.0,1500.0,House
Ontario,guelph-on,429900.0,1.0,1.0,500.0,Apt/Condo
Ontario,guelph-on,519900.0,2.0,2.0,1230.0,Apt/Condo
Ontario,guelph-on,849990.0,3.0,3.0,1963.0,Townhouse
Ontario,guelph-on,1599900.0,2.0,3.0,3500.0,Townhouse
Ontario,guelph-on,849990.0,3.0,3.0,1800.0,Townhouse
Ontario,guelph-on,759900.0,2.0,2.0,1200.0,Apt/Condo
Ontario,guelph-on,739999.0,4.0,2.0,1590.0,House
Ontario,guelph-on,869988.0,2.0,2.0,1399.0,Apt/Condo
Ontario,guelph-on,799999.0,6.0,2.0,1155.0,House
Ontario,guelph-on,849900.0,2.0,4.0,1777.0,Townhouse
Ontario,guelph-on,449000.0,0.0,0.0,,Land/Lot
Ontario,guelph-on,639900.0,3.0,3.0,1200.0,Townhouse
Ontario,guelph-on,829900.0,3.0,3.0,1500.0,House
Ontario,guelph-on,449000.0,0.0,0.0,,Land/Lot
Ontario,guelph-on,824900.0,3.0,3.0,1500.0,House
Ontario,guelph-on,1299900.0,5.0,4.0,3000.0,House
Ontario,guelph-on,1299900.0,3.0,4.0,2000.0,House
Ontario,guelph-on,410000.0,1.0,1.0,500.0,Townhouse
Ontario,guelph-on,1650000.0,6.0,5.0,2500.0,House
Ontario,guelph-on,1750000.0,5.0,5.0,3000.0,House
Ontario,guelph-on,639900.0,2.0,2.0,1000.0,Townhouse
Ontario,guelph-on,454900.0,2.0,2.0,899.0,Apt/Condo
Ontario,guelph-on,2495000.0,5.0,4.0,3353.0,House
Ontario,guelph-on,899900.0,4.0,4.0,2290.0,House
Ontario,guelph-on,969900.0,4.0,4.0,1912.0,House
Ontario,guelph-on,799000.0,2.0,2.0,700.0,House
Ontario,guelph-on,1399999.0,5.0,4.0,2039.0,House
Ontario,guelph-on,989999.0,4.0,2.0,1100.0,House
Ontario,guelph-on,509900.0,1.0,2.0,900.0,Apt/Condo
Ontario,guelph-on,699000.0,6.0,2.0,1100.0,House
Ontario,guelph-on,524900.0,3.0,1.0,800.0,Apt/Condo
Ontario,guelph-on,439900.0,3.0,1.0,900.0,Apt/Condo
Ontario,guelph-on,579900.0,5.0,2.0,1399.0,Townhouse
Ontario,guelph-on,879900.0,3.0,2.0,1500.0,House
Ontario,guelph-on,610000.0,3.0,1.0,1200.0,Townhouse
Ontario,guelph-on,669900.0,3.0,3.0,1244.0,House
Ontario,guelph-on,634500.0,3.0,3.0,1000.0,Townhouse
Ontario,guelph-on,4400000.0,0.0,,174240.0,Land/Lot
Ontario,guelph-on,484900.0,3.0,2.0,1400.0,Apt/Condo
Ontario,guelph-on,749900.0,4.0,3.0,1100.0,House
Ontario,guelph-on,999900.0,4.0,3.0,1599.0,House
Ontario,guelph-on,799900.0,4.0,3.0,1100.0,House
Ontario,guelph-on,698988.0,2.0,2.0,1399.0,Apt/Condo
Ontario,guelph-on,514900.0,3.0,2.0,1200.0,Apt/Condo
Ontario,guelph-on,1500000.0,3.0,3.0,1500.0,House
Ontario,guelph-on,1075000.0,4.0,3.0,2500.0,House
Ontario,guelph-on,650000.0,4.0,2.0,992.0,House
Ontario,guelph-on,1499000.0,4.0,5.0,3000.0,House
Ontario,guelph-on,749999.0,3.0,2.0,700.0,House
Ontario,guelph-on,1249000.0,6.0,4.0,2500.0,House
Ontario,guelph-on,349900.0,2.0,1.0,823.0,Apt/Condo
Ontario,guelph-on,479900.0,3.0,2.0,1620.0,Apt/Condo
Ontario,guelph-on,615000.0,1.0,2.0,1000.0,Apt/Condo
Ontario,guelph-on,649900.0,4.0,4.0,1199.0,Apt/Condo
Ontario,guelph-on,918000.0,3.0,2.0,1399.0,Apt/Condo
Ontario,guelph-on,720000.0,3.0,2.0,1072.0,House
Ontario,guelph-on,689900.0,3.0,2.0,1500.0,Townhouse
Ontario,guelph-on,799000.0,3.0,2.0,700.0,House
Ontario,guelph-on,549500.0,3.0,1.0,800.0,Apt/Condo
Ontario,guelph-on,759000.0,3.0,2.0,1100.0,House
Ontario,guelph-on,629900.0,2.0,3.0,1399.0,Townhouse
Ontario,guelph-on,889900.0,4.0,2.0,1500.0,House
Ontario,guelph-on,555000.0,3.0,2.0,1000.0,Townhouse
Ontario,guelph-on,875000.0,3.0,2.0,1100.0,House
Ontario,guelph-on,859900.0,4.0,4.0,1600.0,Townhouse
Ontario,guelph-on,499999.0,3.0,1.0,1033.0,Townhouse
Ontario,guelph-on,649000.0,2.0,3.0,1600.0,Townhouse
Ontario,guelph-on,775000.0,3.0,3.0,1100.0,House
Ontario,guelph-on,749900.0,4.0,2.0,1100.0,Duplex
Ontario,guelph-on,784000.0,3.0,2.0,1081.0,House
Ontario,guelph-on,7850000.0,5.0,7.0,5000.0,House
Ontario,guelph-on,824900.0,4.0,4.0,1800.0,Townhouse
Ontario,guelph-on,1199000.0,6.0,4.0,1500.0,Multifamily
Ontario,guelph-on,759900.0,3.0,1.0,1100.0,House
Ontario,guelph-on,659900.0,3.0,3.0,1200.0,Townhouse
Ontario,guelph-on,1149900.0,4.0,3.0,2013.0,House
Ontario,guelph-on,949900.0,4.0,3.0,1100.0,House
Ontario,guelph-on,1389999.0,4.0,3.0,1728.0,House
Ontario,guelph-on,1469900.0,3.0,3.0,2500.0,House
Ontario,guelph-on,1349999.0,6.0,5.0,2421.0,House
Ontario,guelph-on,1999000.0,4.0,3.0,3000.0,House
Ontario,guelph-on,524900.0,2.0,1.0,1090.0,Townhouse
Ontario,guelph-on,734999.0,4.0,2.0,1500.0,House
Ontario,guelph-on,649500.0,2.0,1.0,1000.0,Apt/Condo
Ontario,guelph-on,625000.0,3.0,3.0,1263.0,Townhouse
Ontario,guelph-on,1179800.0,2.0,3.0,1808.0,Townhouse
Ontario,guelph-on,869900.0,3.0,3.0,1500.0,Townhouse
Ontario,guelph-on,699900.0,4.0,2.0,1100.0,House
Ontario,guelph-on,675000.0,3.0,2.0,1100.0,House
Ontario,guelph-on,799900.0,3.0,4.0,1600.0,Townhouse
Ontario,guelph-on,499900.0,3.0,1.0,1292.0,House
Ontario,guelph-on,490000.0,3.0,2.0,1000.0,Townhouse
Ontario,guelph-on,499900.0,2.0,1.0,800.0,Apt/Condo
Ontario,guelph-on,529000.0,2.0,2.0,1200.0,Townhouse
Ontario,guelph-on,599999.0,3.0,2.0,1399.0,Townhouse
Ontario,guelph-on,854900.0,3.0,4.0,1600.0,Townhouse
Ontario,guelph-on,499999.0,2.0,3.0,993.0,House
Ontario,guelph-on,599900.0,2.0,2.0,1100.0,Apt/Condo
Ontario,guelph-on,799900.0,3.0,2.0,1005.0,House
Ontario,guelph-on,849000.0,4.0,3.0,1100.0,House
Ontario,guelph-on,849000.0,3.0,3.0,1100.0,Townhouse
Ontario,guelph-on,598800.0,2.0,1.0,600.0,Apt/Condo
Ontario,guelph-on,799999.0,4.0,3.0,1500.0,House
Ontario,guelph-on,1075000.0,6.0,2.0,2500.0,House
Ontario,guelph-on,424900.0,2.0,1.0,800.0,Apt/Condo
Ontario,guelph-on,627900.0,3.0,2.0,999.0,Townhouse
Ontario,guelph-on,759900.0,2.0,2.0,1600.0,Apt/Condo
Ontario,guelph-on,999000.0,4.0,3.0,1100.0,House
Ontario,guelph-on,1525000.0,4.0,4.0,2823.0,House
Ontario,guelph-on,849999.0,2.0,3.0,1500.0,Townhouse
Ontario,guelph-on,399900.0,2.0,1.0,900.0,Townhouse
Ontario,guelph-on,1499999.0,3.0,3.0,2000.0,House
Ontario,guelph-on,899999.0,3.0,4.0,1500.0,House
Ontario,guelph-on,419000.0,1.0,1.0,870.0,Apt/Condo
Ontario,guelph-on,953333.0,4.0,4.0,2129.0,Townhouse
Ontario,guelph-on,859900.0,4.0,2.0,1270.0,House
Ontario,guelph-on,559900.0,2.0,2.0,1000.0,Apt/Condo
Ontario,guelph-on,899900.0,5.0,2.0,2000.0,Multifamily
Ontario,guelph-on,559900.0,3.0,2.0,1000.0,Townhouse
Ontario,guelph-on,2950000.0,5.0,6.0,4946.0,House
Ontario,guelph-on,765000.0,3.0,3.0,1539.0,Townhouse
Ontario,guelph-on,2195000.0,4.0,5.0,3000.0,House
Ontario,guelph-on,634999.0,5.0,3.0,1200.0,Townhouse
Ontario,guelph-on,1949000.0,4.0,3.0,3316.0,House
Ontario,guelph-on,725000.0,3.0,3.0,1100.0,Townhouse
Ontario,guelph-on,1099999.0,4.0,2.0,2500.0,House
Ontario,guelph-on,449900.0,1.0,1.0,600.0,Apt/Condo
Ontario,guelph-on,414900.0,2.0,2.0,900.0,Apt/Condo
Ontario,guelph-on,579900.0,2.0,2.0,1200.0,Townhouse
Ontario,guelph-on,729900.0,3.0,2.0,1094.0,House
Ontario,guelph-on,595000.0,2.0,2.0,1000.0,Apt/Condo
Ontario,guelph-on,999999.0,3.0,3.0,1582.0,House
Ontario,guelph-on,479000.0,2.0,1.0,852.0,Apt/Condo
Ontario,guelph-on,414900.0,2.0,2.0,1200.0,Apt/Condo
Ontario,guelph-on,799999.0,3.0,4.0,1100.0,House
Ontario,guelph-on,589000.0,1.0,1.0,999.0,Apt/Condo
Ontario,guelph-on,649900.0,1.0,1.0,1200.0,Apt/Condo
Ontario,guelph-on,575000.0,1.0,1.0,899.0,Apt/Condo
Ontario,guelph-on,899900.0,5.0,2.0,1211.0,House
Ontario,guelph-on,2499900.0,4.0,4.0,2500.0,House
Ontario,guelph-on,1399900.0,3.0,2.0,1799.0,Apt/Condo
Ontario,guelph-on,1029000.0,4.0,3.0,2500.0,House
Ontario,guelph-on,449000.0,3.0,2.0,899.0,Apt/Condo
Ontario,guelph-on,529000.0,1.0,1.0,,Apt/Condo
Ontario,guelph-on,1499900.0,4.0,3.0,2882.0,House
Ontario,guelph-on,1100000.0,3.0,4.0,1400.0,Townhouse
Ontario,guelph-on,660000.0,3.0,2.0,1187.0,Townhouse
Ontario,guelph-on,749000.0,3.0,3.0,1500.0,House
Ontario,guelph-on,674900.0,2.0,2.0,1000.0,Apt/Condo
Ontario,guelph-on,685000.0,2.0,2.0,1137.0,Apt/Condo
Ontario,guelph-on,949000.0,2.0,3.0,1800.0,Townhouse
Ontario,guelph-on,535000.0,3.0,2.0,1199.0,Townhouse
Ontario,guelph-on,599900.0,2.0,2.0,1188.0,Apt/Condo
Ontario,guelph-on,749000.0,3.0,3.0,1559.0,House
Ontario,guelph-on,789900.0,2.0,3.0,1101.0,Townhouse
Ontario,guelph-on,799999.0,3.0,3.0,1936.0,Townhouse
Ontario,guelph-on,695000.0,2.0,3.0,1200.0,Townhouse
Ontario,guelph-on,498988.0,3.0,1.0,899.0,Apt/Condo
Ontario,guelph-on,1249000.0,9.0,4.0,2000.0,Multifamily
Ontario,guelph-on,549500.0,3.0,2.0,1200.0,Apt/Condo
Ontario,guelph-on,575000.0,1.0,1.0,,House
Ontario,guelph-on,481000.0,1.0,1.0,700.0,Apt/Condo
Ontario,guelph-on,315000.0,1.0,1.0,626.0,Apt/Condo
Ontario,guelph-on,950000.0,3.0,4.0,1500.0,House
Ontario,guelph-on,750000.0,4.0,2.0,1265.0,House
Ontario,guelph-on,389900.0,1.0,1.0,650.0,Apt/Condo
Ontario,guelph-on,1350000.0,3.0,3.0,2500.0,Townhouse
Ontario,guelph-on,1419900.0,5.0,3.0,2000.0,House
Ontario,guelph-on,449900.0,2.0,1.0,800.0,Apt/Condo
Ontario,guelph-on,485000.0,3.0,2.0,1200.0,Apt/Condo
Ontario,guelph-on,925000.0,4.0,3.0,1100.0,House
Ontario,guelph-on,410000.0,1.0,1.0,560.0,Apt/Condo
Ontario,guelph-on,799900.0,3.0,2.0,1100.0,House
Ontario,guelph-on,739000.0,3.0,2.0,1100.0,House
Ontario,guelph-on,1799900.0,4.0,5.0,,House
Ontario,guelph-on,2222222.0,7.0,7.0,3500.0,House
Ontario,guelph-on,850000.0,3.0,4.0,2000.0,Townhouse
Ontario,guelph-on,849900.0,3.0,2.0,2000.0,House
Ontario,guelph-on,629000.0,4.0,2.0,1200.0,Townhouse
Ontario,guelph-on,499900.0,3.0,2.0,1799.0,Apt/Condo
Ontario,guelph-on,824900.0,4.0,2.0,1500.0,House
Ontario,guelph-on,799900.0,3.0,2.0,1356.0,House
Ontario,guelph-on,3299900.0,10.0,7.0,5000.0,Multifamily
Ontario,guelph-on,1599950.0,5.0,5.0,3500.0,House
Ontario,guelph-on,489900.0,2.0,1.0,825.0,Apt/Condo
Ontario,guelph-on,1799900.0,5.0,3.0,3226.0,House
Ontario,guelph-on,825000.0,2.0,2.0,1600.0,Apt/Condo
Ontario,guelph-on,574800.0,2.0,2.0,900.0,Townhouse
Ontario,guelph-on,799900.0,3.0,2.0,1100.0,House
Ontario,guelph-on,939900.0,3.0,2.0,1500.0,House
Ontario,guelph-on,759000.0,3.0,2.0,1100.0,House
Ontario,guelph-on,750000.0,3.0,2.0,2000.0,Townhouse
Ontario,guelph-on,849900.0,3.0,3.0,2000.0,House
Ontario,guelph-on,1125000.0,2.0,3.0,2000.0,Townhouse
Ontario,guelph-on,699900.0,2.0,2.0,1000.0,Apt/Condo
Ontario,guelph-on,350000.0,2.0,1.0,1000.0,Apt/Condo
Ontario,guelph-on,549900.0,3.0,2.0,1000.0,Apt/Condo
Ontario,guelph-on,479500.0,2.0,1.0,800.0,Apt/Condo
Ontario,guelph-on,374900.0,2.0,1.0,775.0,Apt/Condo
Ontario,guelph-on,779900.0,3.0,3.0,1500.0,House
Ontario,guelph-on,769900.0,4.0,2.0,700.0,House
Ontario,guelph-on,1050000.0,3.0,3.0,,House
Ontario,guelph-on,530000.0,4.0,2.0,1000.0,Townhouse
Ontario,guelph-on,1599000.0,4.0,4.0,2500.0,House
Ontario,guelph-on,749000.0,3.0,2.0,1100.0,House
Ontario,guelph-on,499900.0,2.0,1.0,633.0,Apt/Condo
Ontario,guelph-on,465000.0,2.0,2.0,1300.0,Apt/Condo
Ontario,guelph-on,685000.0,2.0,2.0,1199.0,Apt/Condo
Ontario,guelph-on,569900.0,2.0,2.0,600.0,Townhouse
Ontario,guelph-on,535000.0,2.0,2.0,1000.0,Apt/Condo
Ontario,guelph-on,799900.0,3.0,3.0,1351.0,House
Ontario,guelph-on,1255555.0,6.0,4.0,2500.0,House
Ontario,guelph-on,695500.0,4.0,2.0,700.0,House
Ontario,guelph-on,809900.0,2.0,3.0,1400.0,Townhouse
Ontario,guelph-on,760000.0,2.0,2.0,1400.0,Apt/Condo
Ontario,guelph-on,799999.0,4.0,3.0,2000.0,House
Ontario,guelph-on,949900.0,2.0,2.0,1290.0,Apt/Condo
Ontario,guelph-on,1845000.0,5.0,5.0,3000.0,House
Ontario,guelph-on,349900.0,1.0,1.0,600.0,Apt/Condo
Ontario,guelph-on,2499900.0,6.0,3.0,2000.0,House
Ontario,guelph-on,355000.0,1.0,1.0,600.0,Apt/Condo
Ontario,guelph-on,589900.0,2.0,2.0,1200.0,Townhouse
Ontario,guelph-on,1150000.0,3.0,1.0,700.0,House
Ontario,guelph-on,459000.0,2.0,1.0,899.0,Apt/Condo
Ontario,guelph-on,1.0,0.0,,,Land/Lot
Ontario,guelph-on,1199900.0,4.0,2.0,1100.0,House
Ontario,guelph-on,2700000.0,5.0,4.0,3500.0,House
Ontario,guelph-on,599000.0,0.0,0.0,,Land/Lot
Ontario,guelph-on,1429000.0,4.0,4.0,2000.0,House
Ontario,guelph-on,459900.0,2.0,2.0,899.0,Apt/Condo
Ontario,guelph-on,479888.0,2.0,2.0,1000.0,Apt/Condo
Ontario,hamilton-on,529900.0,3.0,2.0,1339.0,House
Ontario,hamilton-on,1299000.0,3.0,4.0,2540.0,House
Ontario,hamilton-on,699900.0,6.0,2.0,1603.0,House
Ontario,hamilton-on,1299900.0,5.0,4.0,2279.0,House
Ontario,hamilton-on,798000.0,2.0,2.0,1140.0,House
Ontario,hamilton-on,369900.0,1.0,1.0,520.0,Apt/Condo
Ontario,hamilton-on,1599900.0,4.0,3.0,2955.0,House
Ontario,hamilton-on,499900.0,2.0,2.0,669.0,House
Ontario,hamilton-on,799000.0,5.0,4.0,2000.0,House
Ontario,hamilton-on,419900.0,2.0,2.0,799.0,Apt/Condo
Ontario,hamilton-on,849900.0,3.0,2.0,1449.0,House
Ontario,hamilton-on,822000.0,3.0,4.0,1500.0,House
Ontario,hamilton-on,1199000.0,4.0,4.0,2275.0,House
Ontario,hamilton-on,929900.0,4.0,3.0,1591.0,House
Ontario,hamilton-on,699900.0,5.0,2.0,1756.0,House
Ontario,hamilton-on,599999.0,3.0,1.0,1012.0,House
Ontario,hamilton-on,809900.0,4.0,4.0,1325.0,Townhouse
Ontario,hamilton-on,899000.0,3.0,3.0,1901.0,House
Ontario,hamilton-on,1499000.0,4.0,2.0,2962.0,House
Ontario,hamilton-on,1829900.0,4.0,3.0,2403.0,House
Ontario,hamilton-on,529900.0,3.0,2.0,1339.0,
Ontario,hamilton-on,1299000.0,3.0,3.0,2540.0,
Ontario,hamilton-on,849900.0,3.0,1.0,1449.0,
Ontario,hamilton-on,549900.0,3.0,2.0,924.0,House
Ontario,hamilton-on,1299900.0,3.0,3.0,1935.0,House
Ontario,hamilton-on,1686000.0,6.0,4.0,3091.0,House
Ontario,hamilton-on,549900.0,3.0,1.0,1100.0,House
Ontario,hamilton-on,2899000.0,6.0,4.0,3135.0,House
Ontario,hamilton-on,1799000.0,4.0,5.0,3153.0,House
Ontario,hamilton-on,449900.0,2.0,2.0,811.0,Apt/Condo
Ontario,hamilton-on,434900.0,1.0,1.0,668.0,Apt/Condo
Ontario,hamilton-on,799000.0,4.0,2.0,1858.0,House
Ontario,hamilton-on,1399000.0,0.0,0.0,,Land/Lot
Ontario,hamilton-on,1982000.0,5.0,5.0,3062.0,House
Ontario,hamilton-on,949999.0,4.0,4.0,1678.0,Townhouse
Ontario,hamilton-on,1199900.0,3.0,1.0,1658.0,House
Ontario,hamilton-on,2249900.0,4.0,5.0,4141.0,House
Ontario,hamilton-on,599900.0,2.0,2.0,818.0,House
Ontario,hamilton-on,1749900.0,6.0,5.0,2835.0,House
Ontario,hamilton-on,929000.0,3.0,3.0,2182.0,House
Ontario,hamilton-on,1549000.0,5.0,4.0,3080.0,House
Ontario,hamilton-on,799900.0,3.0,4.0,1532.0,House
Ontario,hamilton-on,1149000.0,4.0,4.0,1806.0,House
Ontario,hamilton-on,529900.0,3.0,2.0,1339.0,
Ontario,hamilton-on,1299000.0,3.0,3.0,2540.0,
Ontario,hamilton-on,849900.0,3.0,1.0,1449.0,
Ontario,hamilton-on,799900.0,3.0,1.0,1426.0,House
Ontario,hamilton-on,669000.0,3.0,1.0,1503.0,House
Ontario,hamilton-on,419900.0,2.0,2.0,1100.0,Mfd/Mobile Home
Ontario,hamilton-on,419900.0,2.0,2.0,1402.0,Mfd/Mobile Home
Ontario,hamilton-on,13900000.0,0.0,,,Land/Lot
Ontario,hamilton-on,699999.0,2.0,2.0,1170.0,Apt/Condo
Ontario,hamilton-on,13500000.0,0.0,,,Land/Lot
Ontario,hamilton-on,849900.0,3.0,3.0,1600.0,Townhouse
Ontario,hamilton-on,999999.0,0.0,0.0,,Land/Lot
Ontario,hamilton-on,789900.0,4.0,4.0,1650.0,Townhouse
Ontario,hamilton-on,999900.0,4.0,3.0,3524.0,House
Ontario,hamilton-on,799900.0,4.0,2.0,1199.0,House
Ontario,hamilton-on,2189900.0,6.0,5.0,2196.0,House
Ontario,hamilton-on,1449900.0,3.0,3.0,2361.0,House
Ontario,hamilton-on,999900.0,2.0,2.0,3500.0,House
Ontario,hamilton-on,1299000.0,3.0,3.0,1500.0,House
Ontario,hamilton-on,1299000.0,3.0,3.0,1490.0,House
Ontario,hamilton-on,199900.0,1.0,1.0,411.0,Apt/Condo
Ontario,hamilton-on,745000.0,3.0,2.0,1379.0,House
Ontario,hamilton-on,1349900.0,4.0,4.0,2316.0,Townhouse
Ontario,hamilton-on,529900.0,3.0,2.0,1339.0,
Ontario,hamilton-on,1299000.0,3.0,3.0,2540.0,
Ontario,hamilton-on,849900.0,3.0,1.0,1449.0,
Ontario,hamilton-on,789000.0,4.0,4.0,2032.0,Townhouse
Ontario,hamilton-on,1149000.0,5.0,4.0,2891.0,House
Ontario,hamilton-on,333800.0,2.0,2.0,950.0,Apt/Condo
Ontario,hamilton-on,425000.0,1.0,1.0,642.0,Apt/Condo
Ontario,hamilton-on,759000.0,2.0,2.0,1199.0,Apt/Condo
Ontario,hamilton-on,889900.0,3.0,3.0,1788.0,Townhouse
Ontario,hamilton-on,889900.0,3.0,3.0,1788.0,Townhouse
Ontario,hamilton-on,1550000.0,13.0,10.0,6316.0,Multifamily
Ontario,hamilton-on,524990.0,2.0,2.0,1350.0,Apt/Condo
Ontario,hamilton-on,1897900.0,3.0,2.0,2317.0,House
Ontario,hamilton-on,1869900.0,4.0,3.0,2980.0,House
Ontario,hamilton-on,2345000.0,3.0,2.0,2839.0,House
Ontario,hamilton-on,1999000.0,4.0,3.0,3500.0,House
Ontario,hamilton-on,2999900.0,12.0,10.0,7644.0,Multifamily
Ontario,hamilton-on,1399000.0,0.0,,,Land/Lot
Ontario,hamilton-on,399900.0,3.0,2.0,1500.0,House
Ontario,hamilton-on,859900.0,5.0,3.0,1076.0,House
Ontario,hamilton-on,749900.0,5.0,2.0,1100.0,House
Ontario,hamilton-on,749900.0,5.0,3.0,2500.0,Triplex
Ontario,hamilton-on,499000.0,1.0,1.0,778.0,Apt/Condo
Ontario,hamilton-on,529900.0,3.0,2.0,1339.0,
Ontario,hamilton-on,1299000.0,3.0,3.0,2540.0,
Ontario,hamilton-on,849900.0,3.0,1.0,1449.0,
Ontario,hamilton-on,629000.0,2.0,2.0,1065.0,Apt/Condo
Ontario,hamilton-on,529000.0,1.0,1.0,711.0,Apt/Condo
Ontario,hamilton-on,599000.0,2.0,2.0,958.0,Apt/Condo
Ontario,hamilton-on,459000.0,1.0,1.0,613.0,Apt/Condo
Ontario,hamilton-on,599000.0,2.0,2.0,922.0,Apt/Condo
Ontario,hamilton-on,569000.0,5.0,3.0,1500.0,House
Ontario,hamilton-on,759900.0,7.0,2.0,2203.0,House
Ontario,hamilton-on,540000.0,2.0,3.0,1045.0,House
Ontario,hamilton-on,995000.0,4.0,5.0,4029.0,House
Ontario,hamilton-on,799900.0,2.0,2.0,1409.0,Townhouse
Ontario,hamilton-on,729900.0,2.0,4.0,1415.0,Townhouse
Ontario,hamilton-on,2199500.0,3.0,4.0,5067.0,House
Ontario,hamilton-on,650000.0,3.0,2.0,1469.0,House
Ontario,hamilton-on,499000.0,2.0,2.0,668.0,House
Ontario,hamilton-on,759000.0,3.0,3.0,1100.0,Townhouse
Ontario,hamilton-on,859900.0,3.0,2.0,1378.0,House
Ontario,hamilton-on,499000.0,3.0,2.0,1399.0,Townhouse
Ontario,hamilton-on,399900.0,3.0,2.0,1100.0,House
Ontario,hamilton-on,1049000.0,4.0,3.0,1463.0,House
Ontario,hamilton-on,998000.0,3.0,4.0,1387.0,House
Ontario,hamilton-on,529900.0,3.0,2.0,1339.0,
Ontario,hamilton-on,1299000.0,3.0,3.0,2540.0,
Ontario,hamilton-on,849900.0,3.0,1.0,1449.0,
Ontario,hamilton-on,899900.0,6.0,4.0,1500.0,House
Ontario,hamilton-on,2899000.0,7.0,5.0,3500.0,House
Ontario,hamilton-on,569900.0,2.0,2.0,1026.0,House
Ontario,hamilton-on,299900.0,1.0,1.0,622.0,Apt/Condo
Ontario,hamilton-on,5699900.0,25.0,20.0,17080.0,Apt/Condo
Ontario,hamilton-on,799000.0,3.0,4.0,1930.0,Townhouse
Ontario,hamilton-on,475000.0,2.0,2.0,700.0,House
Ontario,hamilton-on,748800.0,2.0,2.0,1100.0,House
Ontario,hamilton-on,799990.0,5.0,3.0,2000.0,House
Ontario,hamilton-on,799000.0,6.0,4.0,2500.0,Triplex
Ontario,hamilton-on,619999.0,3.0,4.0,1599.0,Townhouse
Ontario,hamilton-on,699900.0,3.0,3.0,1583.0,Townhouse
Ontario,hamilton-on,1849900.0,5.0,4.0,5000.0,House
Ontario,hamilton-on,1050000.0,4.0,3.0,2000.0,House
Ontario,hamilton-on,719007.0,5.0,2.0,1100.0,House
Ontario,hamilton-on,415000.0,2.0,1.0,888.0,House
Ontario,hamilton-on,928800.0,4.0,4.0,2000.0,Townhouse
Ontario,hamilton-on,634900.0,2.0,3.0,1116.0,House
Ontario,hamilton-on,799999.0,5.0,2.0,1500.0,House
Ontario,hamilton-on,834900.0,3.0,4.0,1844.0,Townhouse
Ontario,hamilton-on,529900.0,3.0,2.0,1339.0,
Ontario,hamilton-on,1299000.0,3.0,3.0,2540.0,
Ontario,hamilton-on,849900.0,3.0,1.0,1449.0,
Ontario,hamilton-on,1899000.0,4.0,2.0,2530.0,House
Ontario,hamilton-on,549900.0,3.0,1.0,1200.0,House
Ontario,hamilton-on,750000.0,3.0,3.0,2500.0,Triplex
Ontario,hamilton-on,449900.0,3.0,2.0,962.0,House
Ontario,hamilton-on,755000.0,4.0,3.0,1465.0,Townhouse
Ontario,hamilton-on,699000.0,1.0,2.0,1075.0,Townhouse
Ontario,hamilton-on,799900.0,3.0,3.0,2000.0,House
Ontario,hamilton-on,449000.0,2.0,1.0,790.0,House
Ontario,hamilton-on,699900.0,3.0,3.0,1531.0,Townhouse
Ontario,hamilton-on,739000.0,4.0,2.0,1788.0,House
Ontario,hamilton-on,799900.0,3.0,1.0,1290.0,House
Ontario,hamilton-on,899900.0,0.0,,,Land/Lot
Ontario,hamilton-on,759900.0,5.0,2.0,1500.0,House
Ontario,hamilton-on,399100.0,1.0,1.0,547.0,Apt/Condo
Ontario,hamilton-on,1250000.0,4.0,2.0,1350.0,House
Ontario,hamilton-on,285000.0,1.0,1.0,799.0,Apt/Condo
Ontario,hamilton-on,799900.0,6.0,4.0,2575.0,Multifamily
Ontario,hamilton-on,1299000.0,4.0,3.0,700.0,House
Ontario,hamilton-on,749900.0,3.0,4.0,1438.0,Apt/Condo
Ontario,hamilton-on,799000.0,5.0,4.0,1500.0,Townhouse
Ontario,hamilton-on,529900.0,3.0,2.0,1339.0,
Ontario,hamilton-on,1299000.0,3.0,3.0,2540.0,
Ontario,hamilton-on,849900.0,3.0,1.0,1449.0,
Ontario,hamilton-on,829900.0,3.0,3.0,1655.0,House
Ontario,hamilton-on,1499900.0,4.0,4.0,3053.0,House
Ontario,hamilton-on,869900.0,6.0,4.0,1199.0,House
Ontario,hamilton-on,399900.0,1.0,2.0,753.0,Apt/Condo
Ontario,hamilton-on,939900.0,6.0,3.0,2148.0,House
Ontario,hamilton-on,980000.0,4.0,4.0,1950.0,House
Ontario,hamilton-on,699000.0,3.0,3.0,1800.0,Apt/Condo
Ontario,hamilton-on,699000.0,4.0,2.0,1120.0,House
Ontario,hamilton-on,529990.0,1.0,1.0,704.0,Apt/Condo
Ontario,hamilton-on,739900.0,3.0,3.0,1484.0,Townhouse
Ontario,hamilton-on,929900.0,3.0,2.0,1718.0,House
Ontario,hamilton-on,2300000.0,3.0,4.0,2500.0,House
Ontario,hamilton-on,1499900.0,5.0,5.0,3421.0,House
Ontario,hamilton-on,998000.0,4.0,3.0,2500.0,House
Ontario,hamilton-on,1495000.0,6.0,4.0,3500.0,House
Ontario,hamilton-on,749900.0,3.0,3.0,1130.0,House
Ontario,hamilton-on,449990.0,4.0,1.0,1140.0,House
Ontario,hamilton-on,1179900.0,4.0,4.0,2321.0,House
Ontario,hamilton-on,644900.0,3.0,2.0,1038.0,House
Ontario,hamilton-on,699777.0,3.0,3.0,1593.0,Townhouse
Ontario,hamilton-on,529900.0,3.0,2.0,1339.0,
Ontario,hamilton-on,1299000.0,3.0,3.0,2540.0,
Ontario,hamilton-on,849900.0,3.0,1.0,1449.0,
Ontario,hamilton-on,549000.0,4.0,2.0,1101.0,House
Ontario,hamilton-on,589900.0,2.0,2.0,1199.0,Townhouse
Ontario,hamilton-on,929000.0,4.0,3.0,2500.0,House
Ontario,hamilton-on,999900.0,4.0,3.0,2365.0,House
Ontario,hamilton-on,750000.0,3.0,4.0,2000.0,House
Ontario,hamilton-on,1495000.0,3.0,4.0,2298.0,Townhouse
Ontario,hamilton-on,649999.0,4.0,2.0,1100.0,House
Ontario,hamilton-on,659900.0,2.0,3.0,1067.0,Townhouse
Ontario,hamilton-on,950000.0,4.0,2.0,2000.0,House
Ontario,hamilton-on,1189000.0,5.0,2.0,1477.0,House
Ontario,hamilton-on,949900.0,3.0,3.0,2275.0,House
Ontario,hamilton-on,399900.0,2.0,2.0,1103.0,House
Ontario,hamilton-on,549900.0,2.0,2.0,1143.0,Apt/Condo
Ontario,hamilton-on,679000.0,2.0,3.0,1676.0,House
Ontario,hamilton-on,774900.0,5.0,3.0,1652.0,House
Ontario,hamilton-on,769900.0,4.0,2.0,1830.0,House
Ontario,hamilton-on,789000.0,2.0,2.0,1200.0,Apt/Condo
Ontario,hamilton-on,493000.0,2.0,1.0,1305.0,House
Ontario,hamilton-on,449900.0,3.0,2.0,948.0,Townhouse
Ontario,hamilton-on,799900.0,3.0,3.0,1100.0,House
Ontario,hamilton-on,529900.0,3.0,2.0,1339.0,
Ontario,hamilton-on,1299000.0,3.0,3.0,2540.0,
Ontario,hamilton-on,849900.0,3.0,1.0,1449.0,
Ontario,hamilton-on,749900.0,4.0,2.0,1082.0,House
Ontario,hamilton-on,1699000.0,6.0,3.0,2525.0,House
Ontario,hamilton-on,699693.0,4.0,2.0,700.0,House
Ontario,hamilton-on,949900.0,3.0,3.0,1972.0,House
Ontario,hamilton-on,599900.0,3.0,2.0,1090.0,House
Ontario,hamilton-on,1400000.0,4.0,4.0,2150.0,House
Ontario,hamilton-on,679000.0,5.0,2.0,1300.0,House
Ontario,hamilton-on,518000.0,2.0,2.0,892.0,Apt/Condo
Ontario,hamilton-on,499900.0,3.0,2.0,1310.0,House
Ontario,hamilton-on,474999.0,3.0,1.0,1414.0,Townhouse
Ontario,hamilton-on,719900.0,3.0,2.0,1060.0,House
Ontario,hamilton-on,1449000.0,4.0,3.0,2326.0,House
Ontario,hamilton-on,1899999.0,6.0,5.0,3696.0,House
Ontario,hamilton-on,779000.0,3.0,2.0,1431.0,House
Ontario,hamilton-on,388888.0,3.0,1.0,889.0,House
Ontario,hamilton-on,525000.0,3.0,1.0,1063.0,House
Ontario,hamilton-on,689900.0,5.0,2.0,1209.0,House
Ontario,hamilton-on,1799999.0,3.0,1.0,1100.0,House
Ontario,hamilton-on,1799999.0,3.0,1.0,986.0,House
Ontario,hamilton-on,999000.0,5.0,6.0,2000.0,House
Ontario,hamilton-on,529900.0,3.0,2.0,1339.0,
Ontario,hamilton-on,1299000.0,3.0,3.0,2540.0,
Ontario,hamilton-on,849900.0,3.0,1.0,1449.0,
Ontario,hamilton-on,1495000.0,4.0,4.0,2870.0,House
Ontario,hamilton-on,429900.0,2.0,1.0,1065.0,Townhouse
Ontario,hamilton-on,1159000.0,5.0,4.0,2500.0,House
Ontario,hamilton-on,818890.0,3.0,3.0,1516.0,Townhouse
Ontario,hamilton-on,809999.0,5.0,2.0,900.0,House
Ontario,hamilton-on,774990.0,5.0,3.0,1939.0,House
Ontario,hamilton-on,548888.0,3.0,2.0,1177.0,House
Ontario,hamilton-on,689900.0,3.0,3.0,1068.0,Townhouse
Ontario,hamilton-on,3699000.0,0.0,,,Land/Lot
Ontario,hamilton-on,778800.0,3.0,3.0,1122.0,House
Ontario,hamilton-on,284000.0,2.0,1.0,725.0,Apt/Condo
Ontario,hamilton-on,584900.0,3.0,2.0,1103.0,House
Ontario,hamilton-on,669900.0,3.0,3.0,1676.0,Townhouse
Ontario,hamilton-on,639000.0,2.0,2.0,742.0,House
Ontario,hamilton-on,1149900.0,5.0,4.0,2500.0,House
Ontario,hamilton-on,549900.0,2.0,2.0,760.0,Apt/Condo
Ontario,hamilton-on,415000.0,2.0,2.0,799.0,Apt/Condo
Ontario,hamilton-on,739900.0,5.0,2.0,1100.0,House
Ontario,hamilton-on,1291000.0,5.0,4.0,2683.0,House
Ontario,hamilton-on,624900.0,3.0,2.0,1100.0,House
Ontario,hamilton-on,529900.0,3.0,2.0,1339.0,
Ontario,hamilton-on,1299000.0,3.0,3.0,2540.0,
Ontario,hamilton-on,849900.0,3.0,1.0,1449.0,
Ontario,hamilton-on,199900.0,2.0,1.0,600.0,House
Ontario,hamilton-on,1249900.0,3.0,1.0,1670.0,House
Ontario,hamilton-on,1585000.0,3.0,3.0,2545.0,House
Ontario,hamilton-on,438000.0,2.0,2.0,1070.0,Apt/Condo
Ontario,hamilton-on,594000.0,3.0,3.0,1160.0,Townhouse
Ontario,hamilton-on,799900.0,3.0,2.0,1580.0,House
Ontario,hamilton-on,499000.0,3.0,2.0,1231.0,House
Ontario,hamilton-on,349900.0,2.0,2.0,1032.0,Apt/Condo
Ontario,hamilton-on,359000.0,4.0,1.0,1100.0,House
Ontario,hamilton-on,699900.0,3.0,3.0,1347.0,Townhouse
Ontario,hamilton-on,879888.0,3.0,2.0,1037.0,House
Ontario,hamilton-on,724900.0,4.0,2.0,2000.0,House
Ontario,hamilton-on,1199000.0,4.0,3.0,2500.0,House
Ontario,hamilton-on,1995000.0,5.0,4.0,3105.0,House
Ontario,hamilton-on,739000.0,3.0,4.0,1500.0,Townhouse
Ontario,hamilton-on,1700000.0,3.0,4.0,2411.0,House
Ontario,hamilton-on,469000.0,2.0,2.0,1030.0,House
Ontario,hamilton-on,1097000.0,5.0,4.0,2500.0,House
Ontario,hamilton-on,449000.0,3.0,1.0,1034.0,House
Ontario,hamilton-on,949999.0,5.0,2.0,1106.0,House
Ontario,hamilton-on,529900.0,3.0,2.0,1339.0,
Ontario,hamilton-on,1299000.0,3.0,3.0,2540.0,
Ontario,hamilton-on,849900.0,3.0,1.0,1449.0,
Ontario,hamilton-on,1395000.0,4.0,5.0,2814.0,House
Ontario,hamilton-on,399999.0,3.0,1.0,1068.0,House
Ontario,hamilton-on,418888.0,2.0,2.0,1500.0,House
Ontario,hamilton-on,369000.0,1.0,1.0,550.0,Apt/Condo
Ontario,hamilton-on,749990.0,5.0,2.0,1100.0,House
Ontario,hamilton-on,899999.0,4.0,3.0,1675.0,House
Ontario,hamilton-on,979900.0,5.0,4.0,1919.0,House
Ontario,hamilton-on,569999.0,2.0,2.0,1300.0,Townhouse
Ontario,hamilton-on,849900.0,3.0,3.0,1650.0,House
Ontario,hamilton-on,748888.0,3.0,3.0,1580.0,Townhouse
Ontario,hamilton-on,549999.0,3.0,2.0,679.0,House
Ontario,hamilton-on,799000.0,3.0,4.0,1650.0,House
Ontario,hamilton-on,774999.0,4.0,4.0,1616.0,Townhouse
Ontario,hamilton-on,849900.0,3.0,3.0,2000.0,House
Ontario,hamilton-on,544777.0,3.0,2.0,1350.0,Townhouse
Ontario,hamilton-on,329900.0,1.0,1.0,650.0,Apt/Condo
Ontario,hamilton-on,999000.0,3.0,4.0,1934.0,House
Ontario,hamilton-on,875000.0,4.0,4.0,1840.0,House
Ontario,hamilton-on,789900.0,3.0,3.0,2000.0,Townhouse
Ontario,hamilton-on,1599777.0,6.0,4.0,2542.0,House
Ontario,hamilton-on,529900.0,3.0,2.0,1339.0,
Ontario,hamilton-on,1299000.0,3.0,3.0,2540.0,
Ontario,hamilton-on,849900.0,3.0,1.0,1449.0,
Ontario,hamilton-on,1599777.0,6.0,4.0,2542.0,House
Ontario,hamilton-on,849900.0,4.0,3.0,2000.0,Townhouse
Ontario,hamilton-on,1679000.0,5.0,3.0,3675.0,House
Ontario,hamilton-on,739900.0,3.0,2.0,1279.0,Townhouse
Ontario,hamilton-on,650000.0,2.0,2.0,1204.0,Townhouse
Ontario,hamilton-on,409900.0,1.0,1.0,564.0,Apt/Condo
Ontario,hamilton-on,919900.0,4.0,4.0,2250.0,House
Ontario,hamilton-on,609000.0,3.0,3.0,1999.0,Townhouse
Ontario,hamilton-on,628000.0,3.0,4.0,1805.0,Townhouse
Ontario,hamilton-on,798500.0,3.0,3.0,1349.0,House
Ontario,hamilton-on,799000.0,5.0,4.0,2264.0,House
Ontario,hamilton-on,1399999.0,5.0,4.0,2595.0,House
Ontario,hamilton-on,569000.0,2.0,2.0,1200.0,Townhouse
Ontario,hamilton-on,684999.0,3.0,2.0,1500.0,House
Ontario,hamilton-on,699990.0,4.0,4.0,1100.0,Townhouse
Ontario,hamilton-on,549900.0,2.0,1.0,762.0,House
Ontario,hamilton-on,479997.0,4.0,2.0,1468.0,House
Ontario,hamilton-on,1395000.0,4.0,4.0,3500.0,House
Ontario,hamilton-on,868000.0,5.0,4.0,1614.0,House
Ontario,hamilton-on,774900.0,4.0,2.0,1350.0,House
Ontario,hamilton-on,529900.0,3.0,2.0,1339.0,
Ontario,hamilton-on,1299000.0,3.0,3.0,2540.0,
Ontario,hamilton-on,849900.0,3.0,1.0,1449.0,
Ontario,hamilton-on,1999900.0,4.0,3.0,2934.0,House
Ontario,hamilton-on,709900.0,3.0,3.0,1430.0,Townhouse
Ontario,hamilton-on,589850.0,3.0,1.0,930.0,House
Ontario,hamilton-on,399999.0,1.0,1.0,668.0,Apt/Condo
Ontario,hamilton-on,599900.0,2.0,1.0,1050.0,Apt/Condo
Ontario,hamilton-on,599900.0,2.0,1.0,870.0,House
Ontario,hamilton-on,419000.0,3.0,2.0,1402.0,House
Ontario,hamilton-on,299900.0,3.0,1.0,1104.0,House
Ontario,hamilton-on,759000.0,3.0,3.0,1500.0,Townhouse
Ontario,hamilton-on,839999.0,3.0,3.0,1587.0,House
Ontario,hamilton-on,599000.0,1.0,1.0,912.0,Townhouse
Ontario,hamilton-on,674990.0,2.0,2.0,1089.0,House
Ontario,hamilton-on,629000.0,1.0,1.0,850.0,Townhouse
Ontario,hamilton-on,339900.0,3.0,1.0,1072.0,House
Ontario,hamilton-on,749000.0,4.0,4.0,2249.0,Townhouse
Ontario,hamilton-on,1375000.0,4.0,2.0,1832.0,House
Ontario,hamilton-on,599000.0,3.0,2.0,1200.0,Townhouse
Ontario,hamilton-on,210000.0,0.0,1.0,550.0,Apt/Condo
Ontario,hamilton-on,915000.0,3.0,3.0,2187.0,House
Ontario,hamilton-on,499900.0,3.0,2.0,1050.0,House
Ontario,hamilton-on,529900.0,3.0,2.0,1339.0,
Ontario,hamilton-on,1299000.0,3.0,3.0,2540.0,
Ontario,hamilton-on,849900.0,3.0,1.0,1449.0,
Ontario,hamilton-on,399900.0,3.0,1.0,1068.0,House
Ontario,hamilton-on,314000.0,1.0,1.0,540.0,Apt/Condo
Ontario,hamilton-on,449000.0,3.0,2.0,1377.0,Apt/Condo
Ontario,hamilton-on,679000.0,3.0,1.0,867.0,House
Ontario,hamilton-on,794900.0,4.0,2.0,1161.0,House
Ontario,hamilton-on,564900.0,2.0,1.0,907.0,House
Ontario,hamilton-on,399900.0,1.0,1.0,570.0,Apt/Condo
Ontario,hamilton-on,749999.0,3.0,2.0,1029.0,House
Ontario,hamilton-on,489000.0,2.0,2.0,1291.0,Apt/Condo
Ontario,hamilton-on,799900.0,3.0,3.0,1900.0,House
Ontario,hamilton-on,569000.0,1.0,1.0,,Apt/Condo
Ontario,hamilton-on,899500.0,5.0,3.0,2025.0,House
Ontario,hamilton-on,2499900.0,6.0,4.0,5522.0,House
Ontario,hamilton-on,799000.0,2.0,3.0,1364.0,Townhouse
Ontario,hamilton-on,699900.0,3.0,2.0,1777.0,Townhouse
Ontario,hamilton-on,839999.0,6.0,3.0,1581.0,House
Ontario,hamilton-on,999900.0,4.0,4.0,2419.0,House
Ontario,hamilton-on,747700.0,3.0,3.0,1550.0,Townhouse
Ontario,hamilton-on,479900.0,2.0,2.0,1183.0,Apt/Condo
Ontario,hamilton-on,789900.0,4.0,2.0,1100.0,House
Ontario,hamilton-on,529900.0,3.0,2.0,1339.0,
Ontario,hamilton-on,1299000.0,3.0,3.0,2540.0,
Ontario,hamilton-on,849900.0,3.0,1.0,1449.0,
Ontario,hamilton-on,649777.0,3.0,4.0,1500.0,Townhouse
Ontario,hamilton-on,869900.0,2.0,2.0,1638.0,Apt/Condo
Ontario,hamilton-on,1199000.0,3.0,2.0,1500.0,House
Ontario,hamilton-on,699900.0,3.0,3.0,1310.0,Townhouse
Ontario,hamilton-on,1299900.0,6.0,4.0,3000.0,House
Ontario,hamilton-on,729000.0,3.0,2.0,1213.0,House
Ontario,hamilton-on,625000.0,2.0,2.0,1101.0,House
Ontario,hamilton-on,425000.0,1.0,1.0,637.0,Apt/Condo
Ontario,hamilton-on,599900.0,4.0,1.0,1157.0,House
Ontario,hamilton-on,1149999.0,4.0,4.0,2084.0,House
Ontario,hamilton-on,999999.0,4.0,4.0,1881.0,House
Ontario,hamilton-on,699900.0,3.0,3.0,1500.0,House
Ontario,hamilton-on,689900.0,3.0,1.0,1319.0,House
Ontario,hamilton-on,849000.0,3.0,4.0,1688.0,Townhouse
Ontario,hamilton-on,300000.0,3.0,1.0,1088.0,Apt/Condo
Ontario,hamilton-on,979900.0,2.0,2.0,1415.0,Townhouse
Ontario,hamilton-on,739900.0,3.0,2.0,1144.0,House
Ontario,hamilton-on,1699900.0,6.0,4.0,3327.0,House
Ontario,hamilton-on,599900.0,5.0,2.0,1549.0,Townhouse
Ontario,hamilton-on,699000.0,3.0,3.0,2000.0,House
Ontario,hamilton-on,529900.0,3.0,2.0,1339.0,
Ontario,hamilton-on,1299000.0,3.0,3.0,2540.0,
Ontario,hamilton-on,849900.0,3.0,1.0,1449.0,
Ontario,hamilton-on,704000.0,3.0,3.0,2000.0,Townhouse
Ontario,hamilton-on,450000.0,1.0,1.0,593.0,Apt/Condo
Ontario,hamilton-on,369900.0,2.0,2.0,907.0,Townhouse
Ontario,hamilton-on,500000.0,3.0,2.0,1200.0,Townhouse
Ontario,hamilton-on,689000.0,4.0,2.0,957.0,House
Ontario,hamilton-on,499000.0,3.0,3.0,1500.0,House
Ontario,hamilton-on,349999.0,0.0,1.0,663.0,Apt/Condo
Ontario,hamilton-on,379000.0,2.0,1.0,780.0,House
Ontario,hamilton-on,619900.0,3.0,3.0,1200.0,Townhouse
Ontario,hamilton-on,823900.0,4.0,3.0,2443.0,House
Ontario,hamilton-on,699999.0,3.0,3.0,1366.0,Townhouse
Ontario,hamilton-on,645800.0,3.0,2.0,1365.0,Apt/Condo
Ontario,hamilton-on,849900.0,3.0,3.0,2000.0,House
Ontario,hamilton-on,449900.0,2.0,1.0,783.0,House
Ontario,hamilton-on,1799999.0,5.0,3.0,3187.0,House
Ontario,hamilton-on,439900.0,3.0,1.0,1011.0,House
Ontario,hamilton-on,499999.0,4.0,2.0,1100.0,House
Ontario,hamilton-on,1169000.0,4.0,3.0,2500.0,House
Ontario,hamilton-on,599900.0,5.0,3.0,700.0,House
Ontario,hamilton-on,599900.0,5.0,3.0,730.0,House
Ontario,hamilton-on,529900.0,3.0,2.0,1339.0,
Ontario,hamilton-on,1299000.0,3.0,3.0,2540.0,
Ontario,hamilton-on,849900.0,3.0,1.0,1449.0,
Ontario,hamilton-on,799900.0,2.0,1.0,1130.0,House
Ontario,hamilton-on,699900.0,4.0,3.0,1605.0,House
Ontario,hamilton-on,599000.0,3.0,2.0,1388.0,House
Ontario,hamilton-on,1249900.0,4.0,3.0,1800.0,House
Ontario,hamilton-on,1889900.0,4.0,4.0,2734.0,House
Ontario,hamilton-on,524900.0,2.0,1.0,703.0,House
Ontario,hamilton-on,1099999.0,3.0,3.0,1873.0,House
Ontario,hamilton-on,849900.0,3.0,2.0,1140.0,House
Ontario,hamilton-on,989800.0,3.0,3.0,1100.0,House
Ontario,hamilton-on,489900.0,2.0,2.0,1055.0,Apt/Condo
Ontario,hamilton-on,399900.0,1.0,1.0,575.0,Apt/Condo
Ontario,hamilton-on,934000.0,4.0,3.0,2000.0,House
Ontario,hamilton-on,824900.0,3.0,4.0,1837.0,Townhouse
Ontario,hamilton-on,789999.0,4.0,2.0,1267.0,House
Ontario,hamilton-on,749900.0,2.0,2.0,1056.0,House
Ontario,hamilton-on,649900.0,5.0,2.0,1166.0,House
Ontario,hamilton-on,649998.0,3.0,3.0,1285.0,Townhouse
Ontario,hamilton-on,549900.0,3.0,2.0,615.0,House
Ontario,hamilton-on,539900.0,2.0,2.0,1597.0,House
Ontario,hamilton-on,699900.0,4.0,2.0,1297.0,House
Ontario,hamilton-on,529900.0,3.0,2.0,1339.0,
Ontario,hamilton-on,1299000.0,3.0,3.0,2540.0,
Ontario,hamilton-on,849900.0,3.0,1.0,1449.0,
Ontario,hamilton-on,499900.0,2.0,1.0,620.0,House
Ontario,hamilton-on,979900.0,2.0,2.0,1426.0,Townhouse
Ontario,hamilton-on,3499000.0,4.0,5.0,4323.0,House
Ontario,hamilton-on,799900.0,8.0,3.0,1508.0,House
Ontario,hamilton-on,764900.0,5.0,2.0,1443.0,House
Ontario,hamilton-on,699999.0,3.0,2.0,1100.0,House
Ontario,hamilton-on,549900.0,5.0,3.0,1100.0,House
Ontario,hamilton-on,1499900.0,5.0,5.0,4173.0,House
Ontario,hamilton-on,1180000.0,4.0,3.0,1570.0,House
Ontario,hamilton-on,2290000.0,0.0,,,Land/Lot
Ontario,hamilton-on,1099000.0,4.0,3.0,1985.0,House
Ontario,hamilton-on,449700.0,1.0,1.0,810.0,House
Ontario,hamilton-on,3600000.0,0.0,,,Land/Lot
Ontario,hamilton-on,349900.0,1.0,1.0,,Apt/Condo
Ontario,hamilton-on,1349000.0,5.0,4.0,2500.0,House
Ontario,hamilton-on,998000.0,5.0,4.0,2228.0,House
Ontario,hamilton-on,459900.0,3.0,1.0,1073.0,House
Ontario,hamilton-on,549900.0,3.0,2.0,1158.0,Duplex
Ontario,hamilton-on,399900.0,3.0,2.0,1272.0,House
Ontario,hamilton-on,449900.0,3.0,1.0,1049.0,House
Ontario,hamilton-on,529900.0,3.0,2.0,1339.0,
Ontario,hamilton-on,1299000.0,3.0,3.0,2540.0,
Ontario,hamilton-on,849900.0,3.0,1.0,1449.0,
Ontario,hamilton-on,689900.0,3.0,2.0,935.0,House
Ontario,hamilton-on,350000.0,1.0,1.0,599.0,Apt/Condo
Ontario,hamilton-on,1239900.0,4.0,3.0,2517.0,House
Ontario,hamilton-on,829900.0,3.0,2.0,1100.0,House
Ontario,hamilton-on,1499000.0,4.0,3.0,3112.0,House
Ontario,hamilton-on,485000.0,3.0,2.0,1074.0,Townhouse
Ontario,hamilton-on,1399000.0,4.0,4.0,3194.0,House
Ontario,hamilton-on,749900.0,3.0,3.0,1581.0,Townhouse
Ontario,hamilton-on,399900.0,1.0,1.0,657.0,Apt/Condo
Ontario,hamilton-on,629000.0,3.0,3.0,1322.0,House
Ontario,hamilton-on,1579900.0,7.0,6.0,3604.0,House
Ontario,hamilton-on,599900.0,2.0,2.0,887.0,Apt/Condo
Ontario,hamilton-on,774900.0,4.0,4.0,1500.0,House
Ontario,hamilton-on,618900.0,3.0,2.0,1450.0,Townhouse
Ontario,hamilton-on,914900.0,3.0,4.0,1875.0,House
Ontario,hamilton-on,765000.0,3.0,3.0,2000.0,Townhouse
Ontario,hamilton-on,1090000.0,6.0,3.0,2500.0,House
Ontario,hamilton-on,869900.0,3.0,3.0,1930.0,House
Ontario,hamilton-on,799999.0,3.0,3.0,1780.0,Townhouse
Ontario,hamilton-on,885000.0,3.0,1.0,1220.0,House
Ontario,hamilton-on,529900.0,3.0,2.0,1339.0,
Ontario,hamilton-on,1299000.0,3.0,3.0,2540.0,
Ontario,hamilton-on,849900.0,3.0,1.0,1449.0,
Ontario,hamilton-on,715000.0,3.0,3.0,1353.0,Townhouse
Ontario,hamilton-on,529000.0,3.0,1.0,1096.0,House
Ontario,hamilton-on,2700000.0,4.0,4.0,2000.0,House
Ontario,hamilton-on,499999.0,3.0,3.0,984.0,House
Ontario,hamilton-on,649000.0,3.0,1.0,960.0,House
Ontario,hamilton-on,649999.0,2.0,1.0,1100.0,House
Ontario,hamilton-on,439000.0,4.0,2.0,1200.0,Townhouse
Ontario,hamilton-on,1249990.0,5.0,4.0,2627.0,House
Ontario,hamilton-on,675000.0,3.0,3.0,2000.0,Townhouse
Ontario,hamilton-on,599999.0,4.0,2.0,1038.0,House
Ontario,hamilton-on,1149900.0,4.0,3.0,2836.0,House
Ontario,hamilton-on,835000.0,3.0,3.0,1877.0,Townhouse
Ontario,hamilton-on,849900.0,3.0,3.0,1610.0,Townhouse
Ontario,hamilton-on,664914.0,3.0,2.0,1193.0,House
Ontario,hamilton-on,1079900.0,4.0,3.0,1982.0,House
Ontario,hamilton-on,649900.0,3.0,3.0,1592.0,Townhouse
Ontario,hamilton-on,1149900.0,3.0,3.0,2796.0,House
Ontario,hamilton-on,568888.0,3.0,2.0,1500.0,House
Ontario,hamilton-on,1049000.0,4.0,2.0,1124.0,House
Ontario,hamilton-on,1456000.0,5.0,5.0,3068.0,House
Ontario,hamilton-on,529900.0,3.0,2.0,1339.0,
Ontario,hamilton-on,1299000.0,3.0,3.0,2540.0,
Ontario,hamilton-on,849900.0,3.0,1.0,1449.0,
Ontario,hamilton-on,1100000.0,3.0,3.0,2509.0,House
Ontario,hamilton-on,1329900.0,3.0,3.0,1427.0,House
Ontario,hamilton-on,689000.0,3.0,3.0,1330.0,Townhouse
Ontario,hamilton-on,580000.0,3.0,3.0,1800.0,Townhouse
Ontario,hamilton-on,699000.0,3.0,3.0,1100.0,Townhouse
Ontario,hamilton-on,649000.0,2.0,2.0,1254.0,House
Ontario,hamilton-on,368000.0,2.0,1.0,599.0,Apt/Condo
Ontario,hamilton-on,899000.0,3.0,2.0,2757.0,House
Ontario,hamilton-on,525000.0,2.0,1.0,700.0,Apt/Condo
Ontario,hamilton-on,999800.0,4.0,3.0,2000.0,House
Ontario,hamilton-on,999000.0,5.0,4.0,2605.0,House
Ontario,hamilton-on,799900.0,4.0,4.0,2000.0,Townhouse
Ontario,hamilton-on,709900.0,3.0,3.0,1100.0,Townhouse
Ontario,hamilton-on,690000.0,2.0,2.0,1260.0,Apt/Condo
Ontario,hamilton-on,434900.0,2.0,1.0,946.0,Apt/Condo
Ontario,hamilton-on,799900.0,6.0,2.0,1127.0,House
Ontario,hamilton-on,689999.0,4.0,3.0,1155.0,House
Ontario,hamilton-on,850000.0,3.0,2.0,1058.0,House
Ontario,hamilton-on,699900.0,3.0,2.0,1500.0,Townhouse
Ontario,hamilton-on,580000.0,3.0,3.0,1800.0,Townhouse
Ontario,hamilton-on,529900.0,3.0,2.0,1339.0,
Ontario,hamilton-on,1299000.0,3.0,3.0,2540.0,
Ontario,hamilton-on,849900.0,3.0,1.0,1449.0,
Ontario,hamilton-on,1250000.0,5.0,5.0,2063.0,House
Ontario,hamilton-on,1095000.0,5.0,4.0,2629.0,House
Ontario,hamilton-on,479000.0,2.0,2.0,935.0,Apt/Condo
Ontario,hamilton-on,499999.0,3.0,2.0,1300.0,House
Ontario,hamilton-on,919000.0,3.0,3.0,1609.0,Townhouse
Ontario,hamilton-on,629900.0,3.0,3.0,1416.0,Townhouse
Ontario,hamilton-on,699999.0,4.0,2.0,1279.0,House
Ontario,hamilton-on,829000.0,7.0,4.0,2526.0,Multifamily
Ontario,hamilton-on,749000.0,3.0,3.0,1700.0,Multifamily
Ontario,hamilton-on,699900.0,3.0,3.0,1500.0,Townhouse
Ontario,hamilton-on,479900.0,4.0,2.0,1100.0,House
Ontario,hamilton-on,3499900.0,4.0,7.0,5750.0,House
Ontario,hamilton-on,395000.0,1.0,1.0,836.0,Apt/Condo
Ontario,hamilton-on,699800.0,3.0,3.0,1748.0,Townhouse
Ontario,hamilton-on,699900.0,4.0,2.0,1786.0,House
Ontario,hamilton-on,999900.0,3.0,2.0,1269.0,House
Ontario,hamilton-on,731000.0,3.0,3.0,1840.0,Townhouse
Ontario,hamilton-on,959999.0,4.0,3.0,2500.0,House
Ontario,hamilton-on,1329900.0,4.0,5.0,2356.0,House
Ontario,hamilton-on,679888.0,2.0,2.0,950.0,Townhouse
Ontario,hamilton-on,529900.0,3.0,2.0,1339.0,
Ontario,hamilton-on,1299000.0,3.0,3.0,2540.0,
Ontario,hamilton-on,849900.0,3.0,1.0,1449.0,
Ontario,hamilton-on,788888.0,6.0,2.0,1055.0,House
Ontario,hamilton-on,574000.0,2.0,2.0,1159.0,Townhouse
Ontario,hamilton-on,1135000.0,4.0,3.0,2014.0,House
Ontario,hamilton-on,999900.0,3.0,2.0,1269.0,House
Ontario,hamilton-on,949999.0,4.0,4.0,2192.0,House
Ontario,hamilton-on,739900.0,3.0,4.0,1470.0,Townhouse
Ontario,hamilton-on,679000.0,3.0,3.0,2000.0,Townhouse
Ontario,hamilton-on,1489000.0,4.0,3.0,2280.0,Townhouse
Ontario,hamilton-on,559000.0,2.0,1.0,899.0,Apt/Condo
Ontario,hamilton-on,749997.0,3.0,3.0,1931.0,Townhouse
Ontario,hamilton-on,799000.0,3.0,2.0,1205.0,House
Ontario,hamilton-on,579900.0,3.0,3.0,747.0,House
Ontario,hamilton-on,1199999.0,2.0,2.0,1529.0,House
Ontario,hamilton-on,749900.0,5.0,2.0,1012.0,Duplex
Ontario,hamilton-on,3988900.0,5.0,7.0,4000.0,House
Ontario,hamilton-on,748000.0,6.0,2.0,1100.0,House
Ontario,hamilton-on,1349000.0,4.0,4.0,2000.0,House
Ontario,hamilton-on,899900.0,3.0,3.0,1772.0,House
Ontario,hamilton-on,1089000.0,5.0,4.0,2000.0,House
Ontario,hamilton-on,1349999.0,14.0,4.0,2266.0,House
Ontario,hamilton-on,529900.0,3.0,2.0,1339.0,
Ontario,hamilton-on,1299000.0,3.0,3.0,2540.0,
Ontario,hamilton-on,849900.0,3.0,1.0,1449.0,
British Columbia,vancouver-bc,,,,,
British Columbia,vancouver-bc,4580000.0,7.0,5.0,3892.0,House
British Columbia,vancouver-bc,5598000.0,4.0,5.0,3833.0,House
British Columbia,vancouver-bc,1649000.0,2.0,2.0,1229.0,Apt/Condo
British Columbia,vancouver-bc,1598000.0,5.0,2.0,1700.0,House
British Columbia,vancouver-bc,599900.0,1.0,1.0,728.0,Apt/Condo
British Columbia,vancouver-bc,1299000.0,3.0,3.0,1702.0,Townhouse
British Columbia,vancouver-bc,898000.0,2.0,1.0,928.0,Apt/Condo
British Columbia,vancouver-bc,1238000.0,3.0,3.0,1153.0,Duplex
British Columbia,vancouver-bc,1098000.0,3.0,2.0,1016.0,Duplex
British Columbia,vancouver-bc,1388000.0,2.0,3.0,1877.0,Townhouse
British Columbia,vancouver-bc,1298000.0,3.0,3.0,1153.0,Duplex
British Columbia,vancouver-bc,1098000.0,3.0,2.0,1006.0,Duplex
British Columbia,vancouver-bc,1238000.0,3.0,3.0,1153.0,Duplex
British Columbia,vancouver-bc,4928000.0,4.0,4.0,2787.0,House
British Columbia,vancouver-bc,1049000.0,2.0,2.0,1087.0,Apt/Condo
British Columbia,vancouver-bc,1700000.0,3.0,1.0,2078.0,House
British Columbia,vancouver-bc,1850000.0,2.0,2.0,1208.0,Apt/Condo
British Columbia,vancouver-bc,2456900.0,4.0,4.0,1795.0,Duplex
British Columbia,vancouver-bc,4280000.0,5.0,7.0,5035.0,House
British Columbia,vancouver-bc,1219900.0,2.0,2.0,1167.0,Apt/Condo
British Columbia,vancouver-bc,520000.0,0.0,1.0,455.0,Apt/Condo
British Columbia,vancouver-bc,2899900.0,3.0,2.0,1684.0,
British Columbia,vancouver-bc,2799900.0,3.0,2.0,1709.0,
British Columbia,vancouver-bc,1998000.0,6.0,3.0,2822.0,
British Columbia,vancouver-bc,,,,,
British Columbia,vancouver-bc,899000.0,2.0,2.0,881.0,Apt/Condo
British Columbia,vancouver-bc,1750000.0,5.0,3.0,2080.0,House
British Columbia,vancouver-bc,718900.0,2.0,2.0,810.0,Apt/Condo
British Columbia,vancouver-bc,1688000.0,2.0,2.0,1259.0,Apt/Condo
British Columbia,vancouver-bc,775000.0,2.0,1.0,730.0,Apt/Condo
British Columbia,vancouver-bc,2438900.0,4.0,4.0,1834.0,Duplex
British Columbia,vancouver-bc,3148000.0,5.0,4.0,2327.0,Duplex
British Columbia,vancouver-bc,2475000.0,0.0,,,Land/Lot
British Columbia,vancouver-bc,2475000.0,0.0,,,Land/Lot
British Columbia,vancouver-bc,1998000.0,3.0,3.0,1813.0,Townhouse
British Columbia,vancouver-bc,2500000.0,4.0,4.0,1531.0,Duplex
British Columbia,vancouver-bc,1750000.0,2.0,2.0,1103.0,Apt/Condo
British Columbia,vancouver-bc,588000.0,1.0,1.0,600.0,Apt/Condo
British Columbia,vancouver-bc,2399000.0,7.0,4.0,2785.0,House
British Columbia,vancouver-bc,725000.0,1.0,1.0,808.0,Townhouse
British Columbia,vancouver-bc,1599000.0,3.0,4.0,1392.0,Duplex
British Columbia,vancouver-bc,1498000.0,3.0,2.0,1351.0,Townhouse
British Columbia,vancouver-bc,874900.0,1.0,1.0,755.0,Apt/Condo
British Columbia,vancouver-bc,1499900.0,3.0,3.0,1206.0,Townhouse
British Columbia,vancouver-bc,748000.0,1.0,1.0,615.0,Apt/Condo
British Columbia,vancouver-bc,759000.0,1.0,1.0,668.0,Apt/Condo
British Columbia,vancouver-bc,2899900.0,3.0,2.0,1684.0,
British Columbia,vancouver-bc,2799900.0,3.0,2.0,1709.0,
British Columbia,vancouver-bc,1998000.0,6.0,3.0,2822.0,
British Columbia,vancouver-bc,,,,,
British Columbia,vancouver-bc,799000.0,1.0,1.0,787.0,Apt/Condo
British Columbia,vancouver-bc,2488000.0,4.0,4.0,1656.0,Duplex
British Columbia,vancouver-bc,1068800.0,2.0,2.0,1284.0,Townhouse
British Columbia,vancouver-bc,525000.0,1.0,1.0,585.0,Apt/Condo
British Columbia,vancouver-bc,1398000.0,3.0,3.0,1196.0,Duplex
British Columbia,vancouver-bc,2899900.0,3.0,3.0,1684.0,Duplex
British Columbia,vancouver-bc,2400000.0,5.0,2.0,2332.0,House
British Columbia,vancouver-bc,2880000.0,4.0,3.0,2508.0,House
British Columbia,vancouver-bc,599000.0,0.0,1.0,644.0,House
British Columbia,vancouver-bc,1549900.0,3.0,3.0,1248.0,Townhouse
British Columbia,vancouver-bc,2168000.0,3.0,4.0,1546.0,Duplex
British Columbia,vancouver-bc,1998000.0,3.0,4.0,1536.0,Duplex
British Columbia,vancouver-bc,2499000.0,6.0,4.0,2918.0,House
British Columbia,vancouver-bc,7200000.0,3.0,3.0,3621.0,Apt/Condo
British Columbia,vancouver-bc,1699900.0,5.0,2.0,2321.0,House
British Columbia,vancouver-bc,699000.0,1.0,1.0,637.0,Apt/Condo
British Columbia,vancouver-bc,1999000.0,3.0,3.0,1683.0,Duplex
British Columbia,vancouver-bc,549900.0,1.0,1.0,553.0,Apt/Condo
British Columbia,vancouver-bc,775000.0,1.0,1.0,909.0,Apt/Condo
British Columbia,vancouver-bc,3299000.0,5.0,4.0,3174.0,House
British Columbia,vancouver-bc,2249900.0,3.0,3.0,1792.0,Duplex
British Columbia,vancouver-bc,2899900.0,3.0,2.0,1684.0,
British Columbia,vancouver-bc,2799900.0,3.0,2.0,1709.0,
British Columbia,vancouver-bc,1998000.0,6.0,3.0,2822.0,
British Columbia,vancouver-bc,,,,,
British Columbia,vancouver-bc,775000.0,1.0,1.0,909.0,Apt/Condo
British Columbia,vancouver-bc,1319900.0,3.0,3.0,1326.0,Townhouse
British Columbia,vancouver-bc,3299000.0,5.0,4.0,3174.0,House
British Columbia,vancouver-bc,2249900.0,3.0,3.0,1792.0,Duplex
British Columbia,vancouver-bc,999900.0,2.0,2.0,917.0,Apt/Condo
British Columbia,vancouver-bc,949000.0,2.0,2.0,951.0,Apt/Condo
British Columbia,vancouver-bc,3688000.0,11.0,10.0,4193.0,House
British Columbia,vancouver-bc,579000.0,1.0,1.0,702.0,Apt/Condo
British Columbia,vancouver-bc,549000.0,1.0,1.0,644.0,Apt/Condo
British Columbia,vancouver-bc,2438000.0,5.0,4.0,2369.0,House
British Columbia,vancouver-bc,599000.0,1.0,1.0,464.0,Apt/Condo
British Columbia,vancouver-bc,749000.0,1.0,1.0,644.0,Apt/Condo
British Columbia,vancouver-bc,659000.0,1.0,1.0,576.0,Apt/Condo
British Columbia,vancouver-bc,749000.0,1.0,1.0,813.0,Apt/Condo
British Columbia,vancouver-bc,2469000.0,4.0,4.0,1701.0,Duplex
British Columbia,vancouver-bc,1498000.0,3.0,3.0,1272.0,Duplex
British Columbia,vancouver-bc,4950000.0,4.0,4.0,3611.0,House
British Columbia,vancouver-bc,1998000.0,5.0,4.0,2211.0,Duplex
British Columbia,vancouver-bc,1868000.0,2.0,2.0,1008.0,Apt/Condo
British Columbia,vancouver-bc,1149000.0,3.0,2.0,1911.0,Apt/Condo
British Columbia,vancouver-bc,469900.0,1.0,1.0,582.0,Apt/Condo
British Columbia,vancouver-bc,2899900.0,3.0,2.0,1684.0,
British Columbia,vancouver-bc,2799900.0,3.0,2.0,1709.0,
British Columbia,vancouver-bc,1998000.0,6.0,3.0,2822.0,
British Columbia,vancouver-bc,,,,,
British Columbia,vancouver-bc,578000.0,1.0,1.0,522.0,Apt/Condo
British Columbia,vancouver-bc,375000.0,1.0,1.0,612.0,Apt/Condo
British Columbia,vancouver-bc,2799900.0,3.0,3.0,1709.0,Duplex
British Columbia,vancouver-bc,749999.0,2.0,1.0,860.0,Apt/Condo
British Columbia,vancouver-bc,725000.0,1.0,1.0,708.0,Apt/Condo
British Columbia,vancouver-bc,1950000.0,4.0,2.0,2012.0,House
British Columbia,vancouver-bc,1998000.0,6.0,3.0,2822.0,House
British Columbia,vancouver-bc,1950000.0,4.0,2.0,1617.0,House
British Columbia,vancouver-bc,1850000.0,6.0,3.0,1760.0,House
British Columbia,vancouver-bc,699000.0,1.0,1.0,708.0,Apt/Condo
British Columbia,vancouver-bc,499900.0,1.0,1.0,585.0,Apt/Condo
British Columbia,vancouver-bc,1488000.0,3.0,4.0,1407.0,Duplex
British Columbia,vancouver-bc,1449000.0,3.0,3.0,1682.0,Duplex
British Columbia,vancouver-bc,682500.0,2.0,1.0,768.0,Apt/Condo
British Columbia,vancouver-bc,688000.0,1.0,1.0,586.0,Apt/Condo
British Columbia,vancouver-bc,928800.0,2.0,2.0,1010.0,Apt/Condo
British Columbia,vancouver-bc,2088800.0,3.0,4.0,1710.0,Duplex
British Columbia,vancouver-bc,2798000.0,2.0,3.0,1582.0,Townhouse
British Columbia,vancouver-bc,4098000.0,4.0,4.0,3576.0,House
British Columbia,vancouver-bc,599000.0,1.0,1.0,669.0,Apt/Condo
British Columbia,vancouver-bc,1299900.0,3.0,2.0,1020.0,Apt/Condo
British Columbia,vancouver-bc,2899900.0,3.0,2.0,1684.0,
British Columbia,vancouver-bc,2799900.0,3.0,2.0,1709.0,
British Columbia,vancouver-bc,1998000.0,6.0,3.0,2822.0,
British Columbia,vancouver-bc,,,,,
British Columbia,vancouver-bc,4290000.0,11.0,9.0,4080.0,House
British Columbia,vancouver-bc,849990.0,2.0,2.0,786.0,Apt/Condo
British Columbia,vancouver-bc,2399000.0,4.0,2.0,2657.0,House
British Columbia,vancouver-bc,1399000.0,3.0,3.0,1372.0,Duplex
British Columbia,vancouver-bc,4680000.0,6.0,7.0,4064.0,House
British Columbia,vancouver-bc,1249900.0,2.0,2.0,1143.0,Apt/Condo
British Columbia,vancouver-bc,939900.0,2.0,2.0,1228.0,Apt/Condo
British Columbia,vancouver-bc,1460000.0,3.0,4.0,1490.0,Duplex
British Columbia,vancouver-bc,878000.0,2.0,2.0,1048.0,Apt/Condo
British Columbia,vancouver-bc,549900.0,1.0,1.0,538.0,Apt/Condo
British Columbia,vancouver-bc,4878000.0,3.0,4.0,3954.0,House
British Columbia,vancouver-bc,1020000.0,2.0,2.0,1135.0,Apt/Condo
British Columbia,vancouver-bc,2380000.0,5.0,4.0,2398.0,House
British Columbia,vancouver-bc,5990000.0,9.0,6.0,6555.0,House
British Columbia,vancouver-bc,949800.0,1.0,2.0,794.0,Apt/Condo
British Columbia,vancouver-bc,1548800.0,2.0,1.0,1450.0,House
British Columbia,vancouver-bc,788880.0,1.0,1.0,550.0,Apt/Condo
British Columbia,vancouver-bc,799000.0,1.0,1.0,685.0,Apt/Condo
British Columbia,vancouver-bc,2998000.0,5.0,3.0,3006.0,House
British Columbia,vancouver-bc,1080000.0,2.0,2.0,812.0,Apt/Condo
British Columbia,vancouver-bc,2990000.0,7.0,8.0,3490.0,House
British Columbia,vancouver-bc,2899900.0,3.0,2.0,1684.0,
British Columbia,vancouver-bc,2799900.0,3.0,2.0,1709.0,
British Columbia,vancouver-bc,1998000.0,6.0,3.0,2822.0,
British Columbia,vancouver-bc,,,,,
British Columbia,vancouver-bc,824900.0,2.0,1.0,918.0,Apt/Condo
British Columbia,vancouver-bc,849990.0,2.0,2.0,786.0,Apt/Condo
British Columbia,vancouver-bc,1548000.0,3.0,4.0,1547.0,Duplex
British Columbia,vancouver-bc,1068000.0,1.0,2.0,963.0,Apt/Condo
British Columbia,vancouver-bc,1388000.0,2.0,2.0,1066.0,Apt/Condo
British Columbia,vancouver-bc,1180000.0,2.0,2.0,960.0,Apt/Condo
British Columbia,vancouver-bc,2448800.0,3.0,3.0,1531.0,Duplex
British Columbia,vancouver-bc,2498800.0,3.0,3.0,1531.0,Duplex
British Columbia,vancouver-bc,449000.0,1.0,1.0,545.0,Apt/Condo
British Columbia,vancouver-bc,280000.0,1.0,1.0,585.0,Apt/Condo
British Columbia,vancouver-bc,3900000.0,0.0,4.0,2392.0,House
British Columbia,vancouver-bc,5500000.0,6.0,5.0,5180.0,House
British Columbia,vancouver-bc,550000.0,1.0,1.0,721.0,Apt/Condo
British Columbia,vancouver-bc,3900000.0,0.0,4.0,3936.0,House
British Columbia,vancouver-bc,769900.0,1.0,1.0,673.0,Apt/Condo
British Columbia,vancouver-bc,545000.0,1.0,1.0,594.0,Apt/Condo
British Columbia,vancouver-bc,517000.0,1.0,1.0,667.0,Apt/Condo
British Columbia,vancouver-bc,1029900.0,2.0,2.0,1354.0,Apt/Condo
British Columbia,vancouver-bc,649900.0,1.0,1.0,584.0,Apt/Condo
British Columbia,vancouver-bc,7488000.0,5.0,7.0,5558.0,House
British Columbia,vancouver-bc,2399000.0,3.0,4.0,1733.0,Duplex
British Columbia,vancouver-bc,2899900.0,3.0,2.0,1684.0,
British Columbia,vancouver-bc,2799900.0,3.0,2.0,1709.0,
British Columbia,vancouver-bc,1998000.0,6.0,3.0,2822.0,
British Columbia,vancouver-bc,,,,,
British Columbia,vancouver-bc,8880000.0,6.0,8.0,3603.0,House
British Columbia,vancouver-bc,799800.0,1.0,1.0,747.0,Apt/Condo
British Columbia,vancouver-bc,675000.0,2.0,2.0,799.0,Apt/Condo
British Columbia,vancouver-bc,1495000.0,2.0,2.0,972.0,Apt/Condo
British Columbia,vancouver-bc,1190000.0,2.0,2.0,1103.0,Apt/Condo
British Columbia,vancouver-bc,1249000.0,3.0,3.0,1172.0,Duplex
British Columbia,vancouver-bc,579900.0,0.0,1.0,567.0,Apt/Condo
British Columbia,vancouver-bc,1598000.0,2.0,2.0,1051.0,Apt/Condo
British Columbia,vancouver-bc,2399000.0,3.0,4.0,1733.0,Duplex
British Columbia,vancouver-bc,2449000.0,3.0,4.0,1696.0,Duplex
British Columbia,vancouver-bc,999000.0,2.0,2.0,1002.0,Apt/Condo
British Columbia,vancouver-bc,1899000.0,0.0,,,Land/Lot
British Columbia,vancouver-bc,1899000.0,5.0,5.0,2728.0,House
British Columbia,vancouver-bc,439000.0,0.0,1.0,383.0,Apt/Condo
British Columbia,vancouver-bc,375000.0,1.0,1.0,612.0,Apt/Condo
British Columbia,vancouver-bc,1799000.0,5.0,3.0,2645.0,House
British Columbia,vancouver-bc,495000.0,1.0,1.0,480.0,Apt/Condo
British Columbia,vancouver-bc,698000.0,1.0,1.0,590.0,Apt/Condo
British Columbia,vancouver-bc,1079000.0,2.0,3.0,884.0,Duplex
British Columbia,vancouver-bc,1018800.0,2.0,2.0,908.0,Apt/Condo
British Columbia,vancouver-bc,2295000.0,3.0,3.0,1835.0,Apt/Condo
British Columbia,vancouver-bc,2899900.0,3.0,2.0,1684.0,
British Columbia,vancouver-bc,2799900.0,3.0,2.0,1709.0,
British Columbia,vancouver-bc,1998000.0,6.0,3.0,2822.0,
British Columbia,vancouver-bc,,,,,
British Columbia,vancouver-bc,609900.0,1.0,1.0,637.0,Apt/Condo
British Columbia,vancouver-bc,3355880.0,3.0,3.0,3124.0,House
British Columbia,vancouver-bc,1058000.0,2.0,2.0,951.0,Apt/Condo
British Columbia,vancouver-bc,1298000.0,3.0,3.0,1153.0,Duplex
British Columbia,vancouver-bc,1638000.0,4.0,4.0,1694.0,Duplex
British Columbia,vancouver-bc,1638000.0,4.0,4.0,1643.0,Duplex
British Columbia,vancouver-bc,2249000.0,2.0,1.0,1907.0,House
British Columbia,vancouver-bc,2500000.0,2.0,3.0,1435.0,Apt/Condo
British Columbia,vancouver-bc,558800.0,1.0,1.0,524.0,Apt/Condo
British Columbia,vancouver-bc,1339888.0,3.0,4.0,1327.0,Duplex
British Columbia,vancouver-bc,1299888.0,3.0,4.0,1302.0,Duplex
British Columbia,vancouver-bc,1198000.0,2.0,2.0,930.0,Apt/Condo
British Columbia,vancouver-bc,1598000.0,3.0,4.0,1532.0,Duplex
British Columbia,vancouver-bc,1499000.0,4.0,4.0,1564.0,Duplex
British Columbia,vancouver-bc,1788000.0,2.0,3.0,1685.0,Apt/Condo
British Columbia,vancouver-bc,3750000.0,3.0,4.0,2779.0,House
British Columbia,vancouver-bc,1448000.0,3.0,3.0,1161.0,Duplex
British Columbia,vancouver-bc,2199000.0,6.0,3.0,2406.0,House
British Columbia,vancouver-bc,1349000.0,2.0,3.0,1570.0,Townhouse
British Columbia,vancouver-bc,3488000.0,5.0,5.0,4073.0,House
British Columbia,vancouver-bc,1599000.0,2.0,2.0,1257.0,Apt/Condo
British Columbia,vancouver-bc,2899900.0,3.0,2.0,1684.0,
British Columbia,vancouver-bc,2799900.0,3.0,2.0,1709.0,
British Columbia,vancouver-bc,1998000.0,6.0,3.0,2822.0,
British Columbia,vancouver-bc,,,,,
British Columbia,vancouver-bc,1599000.0,2.0,2.0,1257.0,Apt/Condo
British Columbia,vancouver-bc,5598000.0,4.0,5.0,3833.0,House
British Columbia,vancouver-bc,1099000.0,2.0,2.0,1010.0,Apt/Condo
British Columbia,vancouver-bc,619800.0,1.0,1.0,694.0,Apt/Condo
British Columbia,vancouver-bc,1549900.0,3.0,3.0,1150.0,House
British Columbia,vancouver-bc,1288000.0,2.0,2.0,1197.0,Apt/Condo
British Columbia,vancouver-bc,1459900.0,3.0,3.0,1150.0,House
British Columbia,vancouver-bc,1899000.0,3.0,2.0,2309.0,House
British Columbia,vancouver-bc,599900.0,1.0,1.0,552.0,Apt/Condo
British Columbia,vancouver-bc,1048800.0,2.0,2.0,991.0,Apt/Condo
British Columbia,vancouver-bc,1949900.0,3.0,4.0,1565.0,Duplex
British Columbia,vancouver-bc,815000.0,2.0,2.0,866.0,Apt/Condo
British Columbia,vancouver-bc,849000.0,2.0,2.0,750.0,Apt/Condo
British Columbia,vancouver-bc,579000.0,1.0,1.0,631.0,Apt/Condo
British Columbia,vancouver-bc,2099900.0,4.0,4.0,1618.0,Duplex
British Columbia,vancouver-bc,528000.0,1.0,1.0,465.0,Apt/Condo
British Columbia,vancouver-bc,799900.0,2.0,2.0,1108.0,Apt/Condo
British Columbia,vancouver-bc,815000.0,2.0,2.0,817.0,Apt/Condo
British Columbia,vancouver-bc,1686000.0,3.0,3.0,1290.0,Townhouse
British Columbia,vancouver-bc,2698000.0,2.0,1.0,6605.0,House
British Columbia,vancouver-bc,1899900.0,3.0,4.0,1708.0,Duplex
British Columbia,vancouver-bc,2899900.0,3.0,2.0,1684.0,
British Columbia,vancouver-bc,2799900.0,3.0,2.0,1709.0,
British Columbia,vancouver-bc,1998000.0,6.0,3.0,2822.0,
British Columbia,vancouver-bc,,,,,
British Columbia,vancouver-bc,1849900.0,3.0,4.0,1728.0,Duplex
British Columbia,vancouver-bc,2289000.0,2.0,2.0,1535.0,Apt/Condo
British Columbia,vancouver-bc,2499900.0,4.0,5.0,1961.0,Duplex
British Columbia,vancouver-bc,599900.0,1.0,1.0,839.0,Apt/Condo
British Columbia,vancouver-bc,3500000.0,4.0,2.0,1610.0,House
British Columbia,vancouver-bc,1999000.0,6.0,4.0,2392.0,House
British Columbia,vancouver-bc,1469000.0,2.0,3.0,1166.0,Townhouse
British Columbia,vancouver-bc,2299000.0,5.0,5.0,2342.0,House
British Columbia,vancouver-bc,999000.0,3.0,2.0,1183.0,Apt/Condo
British Columbia,vancouver-bc,2698000.0,3.0,1.0,6605.0,House
British Columbia,vancouver-bc,1899000.0,4.0,2.0,1862.0,House
British Columbia,vancouver-bc,2760000.0,3.0,3.0,1545.0,Apt/Condo
British Columbia,vancouver-bc,1499900.0,3.0,2.0,1594.0,House
British Columbia,vancouver-bc,610000.0,1.0,1.0,580.0,Apt/Condo
British Columbia,vancouver-bc,899000.0,2.0,2.0,836.0,Apt/Condo
British Columbia,vancouver-bc,668800.0,1.0,1.0,514.0,Apt/Condo
British Columbia,vancouver-bc,1288000.0,3.0,3.0,1332.0,Apt/Condo
British Columbia,vancouver-bc,1299000.0,2.0,2.0,1230.0,Apt/Condo
British Columbia,vancouver-bc,899000.0,1.0,1.0,778.0,Apt/Condo
British Columbia,vancouver-bc,4850000.0,5.0,5.0,3319.0,House
British Columbia,vancouver-bc,579000.0,1.0,1.0,576.0,Apt/Condo
British Columbia,vancouver-bc,2899900.0,3.0,2.0,1684.0,
British Columbia,vancouver-bc,2799900.0,3.0,2.0,1709.0,
British Columbia,vancouver-bc,1998000.0,6.0,3.0,2822.0,
British Columbia,vancouver-bc,,,,,
British Columbia,vancouver-bc,1510000.0,4.0,1.0,1893.0,House
British Columbia,vancouver-bc,1759000.0,2.0,3.0,1373.0,Townhouse
British Columbia,vancouver-bc,1049000.0,2.0,2.0,979.0,Apt/Condo
British Columbia,vancouver-bc,749000.0,2.0,1.0,717.0,Apt/Condo
British Columbia,vancouver-bc,619000.0,1.0,1.0,645.0,Apt/Condo
British Columbia,vancouver-bc,1910000.0,3.0,2.0,1300.0,Apt/Condo
British Columbia,vancouver-bc,1565000.0,2.0,3.0,1423.0,Townhouse
British Columbia,vancouver-bc,659000.0,1.0,1.0,653.0,Apt/Condo
British Columbia,vancouver-bc,4998000.0,7.0,4.0,4968.0,House
British Columbia,vancouver-bc,668000.0,1.0,1.0,539.0,Apt/Condo
British Columbia,vancouver-bc,1109000.0,2.0,2.0,1123.0,Apt/Condo
British Columbia,vancouver-bc,5200000.0,5.0,7.0,4814.0,House
British Columbia,vancouver-bc,1399900.0,2.0,1.0,832.0,House
British Columbia,vancouver-bc,549000.0,2.0,1.0,638.0,Apt/Condo
British Columbia,vancouver-bc,675000.0,1.0,1.0,553.0,Apt/Condo
British Columbia,vancouver-bc,988000.0,2.0,2.0,862.0,Apt/Condo
British Columbia,vancouver-bc,3549000.0,6.0,5.0,3676.0,House
British Columbia,vancouver-bc,774999.0,2.0,1.0,726.0,Apt/Condo
British Columbia,vancouver-bc,999000.0,2.0,2.0,907.0,Townhouse
British Columbia,vancouver-bc,1330000.0,2.0,2.0,1138.0,Apt/Condo
British Columbia,vancouver-bc,549000.0,1.0,1.0,605.0,Apt/Condo
British Columbia,vancouver-bc,2899900.0,3.0,2.0,1684.0,
British Columbia,vancouver-bc,2799900.0,3.0,2.0,1709.0,
British Columbia,vancouver-bc,1998000.0,6.0,3.0,2822.0,
British Columbia,vancouver-bc,,,,,
British Columbia,vancouver-bc,549000.0,1.0,1.0,605.0,Apt/Condo
British Columbia,vancouver-bc,759000.0,1.0,1.0,605.0,Apt/Condo
British Columbia,vancouver-bc,3495000.0,3.0,3.0,1891.0,Apt/Condo
British Columbia,vancouver-bc,599000.0,1.0,1.0,553.0,Apt/Condo
British Columbia,vancouver-bc,549000.0,1.0,1.0,561.0,Apt/Condo
British Columbia,vancouver-bc,2398000.0,4.0,3.0,1862.0,Townhouse
British Columbia,vancouver-bc,398000.0,1.0,1.0,480.0,Apt/Condo
British Columbia,vancouver-bc,1585000.0,2.0,2.0,1655.0,Apt/Condo
British Columbia,vancouver-bc,1539900.0,3.0,3.0,1317.0,Townhouse
British Columbia,vancouver-bc,679900.0,1.0,1.0,778.0,Apt/Condo
British Columbia,vancouver-bc,679000.0,1.0,1.0,629.0,Apt/Condo
British Columbia,vancouver-bc,630000.0,2.0,2.0,990.0,Apt/Condo
British Columbia,vancouver-bc,1049900.0,3.0,2.0,1047.0,Townhouse
British Columbia,vancouver-bc,2048000.0,3.0,4.0,1695.0,Duplex
British Columbia,vancouver-bc,2599000.0,10.0,6.0,3778.0,House
British Columbia,vancouver-bc,1400000.0,4.0,3.0,2998.0,House
British Columbia,vancouver-bc,3098000.0,4.0,4.0,2312.0,House
British Columbia,vancouver-bc,1539900.0,3.0,2.0,1269.0,Apt/Condo
British Columbia,vancouver-bc,749999.0,2.0,1.0,905.0,Apt/Condo
British Columbia,vancouver-bc,998000.0,2.0,2.0,1032.0,Apt/Condo
British Columbia,vancouver-bc,1548000.0,2.0,2.0,1385.0,Townhouse
British Columbia,vancouver-bc,2899900.0,3.0,2.0,1684.0,
British Columbia,vancouver-bc,2799900.0,3.0,2.0,1709.0,
British Columbia,vancouver-bc,1998000.0,6.0,3.0,2822.0,
British Columbia,vancouver-bc,,,,,
British Columbia,vancouver-bc,1385000.0,2.0,2.0,1126.0,Apt/Condo
British Columbia,vancouver-bc,1759000.0,2.0,3.0,1373.0,Townhouse
British Columbia,vancouver-bc,1099000.0,2.0,2.0,1027.0,Apt/Condo
British Columbia,vancouver-bc,749900.0,1.0,1.0,782.0,Apt/Condo
British Columbia,vancouver-bc,799000.0,1.0,1.0,757.0,Apt/Condo
British Columbia,vancouver-bc,610000.0,1.0,1.0,523.0,Apt/Condo
British Columbia,vancouver-bc,3989000.0,4.0,4.0,2345.0,House
British Columbia,vancouver-bc,3465000.0,4.0,3.0,3019.0,House
British Columbia,vancouver-bc,2999998.0,3.0,3.0,1884.0,Apt/Condo
British Columbia,vancouver-bc,1498000.0,3.0,2.0,1602.0,Apt/Condo
British Columbia,vancouver-bc,1299000.0,2.0,2.0,834.0,Apt/Condo
British Columbia,vancouver-bc,698800.0,1.0,1.0,604.0,Apt/Condo
British Columbia,vancouver-bc,1895000.0,3.0,3.0,1651.0,Apt/Condo
British Columbia,vancouver-bc,5530000.0,5.0,7.0,4711.0,House
British Columbia,vancouver-bc,849000.0,2.0,2.0,859.0,Apt/Condo
British Columbia,vancouver-bc,579900.0,1.0,1.0,519.0,Apt/Condo
British Columbia,vancouver-bc,569000.0,1.0,1.0,665.0,Apt/Condo
British Columbia,vancouver-bc,599000.0,1.0,1.0,605.0,Apt/Condo
British Columbia,vancouver-bc,10800000.0,4.0,2.0,4681.0,House
British Columbia,vancouver-bc,3468000.0,6.0,7.0,3116.0,House
British Columbia,vancouver-bc,1749900.0,3.0,3.0,1500.0,Townhouse
British Columbia,vancouver-bc,2899900.0,3.0,2.0,1684.0,
British Columbia,vancouver-bc,2799900.0,3.0,2.0,1709.0,
British Columbia,vancouver-bc,1998000.0,6.0,3.0,2822.0,
British Columbia,vancouver-bc,,,,,
British Columbia,vancouver-bc,2870000.0,5.0,4.0,2406.0,House
British Columbia,vancouver-bc,2598000.0,3.0,3.0,1882.0,Apt/Condo
British Columbia,vancouver-bc,1288888.0,3.0,4.0,1303.0,Duplex
British Columbia,vancouver-bc,1248000.0,7.0,4.0,4990.0,House
British Columbia,vancouver-bc,548000.0,1.0,1.0,887.0,Apt/Condo
British Columbia,vancouver-bc,1445000.0,2.0,2.0,1021.0,Apt/Condo
British Columbia,vancouver-bc,1599900.0,4.0,3.0,1714.0,House
British Columbia,vancouver-bc,630000.0,1.0,1.0,682.0,Apt/Condo
British Columbia,vancouver-bc,1798000.0,3.0,4.0,1606.0,Duplex
British Columbia,vancouver-bc,5580000.0,6.0,7.0,4709.0,House
British Columbia,vancouver-bc,785000.0,2.0,1.0,698.0,Apt/Condo
British Columbia,vancouver-bc,819000.0,2.0,1.0,891.0,Apt/Condo
British Columbia,vancouver-bc,1088000.0,3.0,3.0,2398.0,House
British Columbia,vancouver-bc,1499000.0,3.0,3.0,1503.0,Duplex
British Columbia,vancouver-bc,4498000.0,3.0,4.0,2862.0,Apt/Condo
British Columbia,vancouver-bc,1399900.0,2.0,2.0,1225.0,Apt/Condo
British Columbia,vancouver-bc,1449000.0,3.0,3.0,1426.0,Duplex
British Columbia,vancouver-bc,599000.0,1.0,1.0,741.0,Apt/Condo
British Columbia,vancouver-bc,1249000.0,2.0,2.0,1165.0,Townhouse
British Columbia,vancouver-bc,836690.0,3.0,2.0,1420.0,Townhouse
British Columbia,vancouver-bc,2299000.0,4.0,4.0,1900.0,Duplex
British Columbia,vancouver-bc,2899900.0,3.0,2.0,1684.0,
British Columbia,vancouver-bc,2799900.0,3.0,2.0,1709.0,
British Columbia,vancouver-bc,1998000.0,6.0,3.0,2822.0,
British Columbia,vancouver-bc,,,,,
British Columbia,vancouver-bc,2388880.0,4.0,3.0,1973.0,Townhouse
British Columbia,vancouver-bc,4850000.0,5.0,5.0,3319.0,House
British Columbia,vancouver-bc,7990000.0,4.0,4.0,2769.0,Apt/Condo
British Columbia,vancouver-bc,1549000.0,3.0,3.0,1278.0,Townhouse
British Columbia,vancouver-bc,1688000.0,2.0,2.0,929.0,Apt/Condo
British Columbia,vancouver-bc,539900.0,1.0,1.0,620.0,Apt/Condo
British Columbia,vancouver-bc,569500.0,1.0,1.0,649.0,Apt/Condo
British Columbia,vancouver-bc,599900.0,1.0,1.0,520.0,Apt/Condo
British Columbia,vancouver-bc,2399000.0,3.0,3.0,1891.0,Townhouse
British Columbia,vancouver-bc,749000.0,1.0,1.0,641.0,Apt/Condo
British Columbia,vancouver-bc,938000.0,2.0,2.0,878.0,Apt/Condo
British Columbia,vancouver-bc,1189900.0,3.0,2.0,924.0,Townhouse
British Columbia,vancouver-bc,589900.0,1.0,1.0,490.0,Townhouse
British Columbia,vancouver-bc,4399000.0,6.0,5.0,4189.0,House
British Columbia,vancouver-bc,669000.0,1.0,1.0,630.0,Apt/Condo
British Columbia,vancouver-bc,3588000.0,6.0,4.0,3573.0,House
British Columbia,vancouver-bc,5750000.0,7.0,8.0,5957.0,House
British Columbia,vancouver-bc,1325000.0,4.0,3.0,2676.0,House
British Columbia,vancouver-bc,1299999.0,3.0,1.0,1434.0,House
British Columbia,vancouver-bc,1249999.0,2.0,2.0,1036.0,Apt/Condo
British Columbia,vancouver-bc,1074800.0,1.0,1.0,889.0,Apt/Condo
British Columbia,vancouver-bc,2899900.0,3.0,2.0,1684.0,
British Columbia,vancouver-bc,2799900.0,3.0,2.0,1709.0,
British Columbia,vancouver-bc,1998000.0,6.0,3.0,2822.0,
British Columbia,vancouver-bc,,,,,
British Columbia,vancouver-bc,2225880.0,2.0,4.0,1607.0,Townhouse
British Columbia,vancouver-bc,1049000.0,3.0,2.0,1077.0,Apt/Condo
British Columbia,vancouver-bc,2990000.0,5.0,3.0,2470.0,House
British Columbia,vancouver-bc,2298000.0,3.0,3.0,2470.0,Apt/Condo
British Columbia,vancouver-bc,1128000.0,3.0,3.0,1236.0,Duplex
British Columbia,vancouver-bc,1988000.0,4.0,4.0,1651.0,Duplex
British Columbia,vancouver-bc,1668000.0,5.0,2.0,2166.0,House
British Columbia,vancouver-bc,1138000.0,3.0,3.0,1236.0,Duplex
British Columbia,vancouver-bc,799000.0,1.0,1.0,765.0,Apt/Condo
British Columbia,vancouver-bc,1948000.0,4.0,4.0,1605.0,Duplex
British Columbia,vancouver-bc,998000.0,2.0,2.0,1147.0,Apt/Condo
British Columbia,vancouver-bc,1098000.0,3.0,2.0,1183.0,Duplex
British Columbia,vancouver-bc,628000.0,1.0,1.0,475.0,Apt/Condo
British Columbia,vancouver-bc,499000.0,1.0,1.0,516.0,Apt/Condo
British Columbia,vancouver-bc,789000.0,1.0,1.0,703.0,Townhouse
British Columbia,vancouver-bc,1488000.0,2.0,2.0,1059.0,Townhouse
British Columbia,vancouver-bc,625000.0,1.0,1.0,744.0,Apt/Condo
British Columbia,vancouver-bc,1198000.0,2.0,2.0,1650.0,Apt/Condo
British Columbia,vancouver-bc,649800.0,2.0,2.0,772.0,Apt/Condo
British Columbia,vancouver-bc,534800.0,1.0,1.0,612.0,Apt/Condo
British Columbia,vancouver-bc,2488000.0,4.0,4.0,1656.0,Duplex
British Columbia,vancouver-bc,2899900.0,3.0,2.0,1684.0,
British Columbia,vancouver-bc,2799900.0,3.0,2.0,1709.0,
British Columbia,vancouver-bc,1998000.0,6.0,3.0,2822.0,
British Columbia,vancouver-bc,,,,,
British Columbia,vancouver-bc,1599000.0,3.0,3.0,1631.0,Townhouse
British Columbia,vancouver-bc,1299900.0,3.0,3.0,1055.0,Duplex
British Columbia,vancouver-bc,949000.0,2.0,2.0,885.0,Apt/Condo
British Columbia,vancouver-bc,1799000.0,6.0,4.0,1942.0,House
British Columbia,vancouver-bc,988000.0,2.0,1.0,929.0,Apt/Condo
British Columbia,vancouver-bc,2370000.0,2.0,3.0,1987.0,Townhouse
British Columbia,vancouver-bc,625000.0,1.0,1.0,684.0,Apt/Condo
British Columbia,vancouver-bc,1299900.0,3.0,3.0,1055.0,Duplex
British Columbia,vancouver-bc,1369000.0,2.0,2.0,1085.0,Apt/Condo
British Columbia,vancouver-bc,1899900.0,5.0,2.0,2180.0,House
British Columbia,vancouver-bc,2380000.0,4.0,4.0,1907.0,Duplex
British Columbia,vancouver-bc,1980000.0,4.0,5.0,1652.0,Duplex
British Columbia,vancouver-bc,1529000.0,3.0,4.0,1756.0,Duplex
British Columbia,vancouver-bc,399000.0,1.0,1.0,533.0,Apt/Condo
British Columbia,vancouver-bc,588000.0,1.0,1.0,642.0,Apt/Condo
British Columbia,vancouver-bc,1638000.0,5.0,4.0,1756.0,Duplex
British Columbia,vancouver-bc,1628000.0,2.0,3.0,1282.0,Townhouse
British Columbia,vancouver-bc,2498000.0,3.0,4.0,1566.0,Duplex
British Columbia,vancouver-bc,3190000.0,9.0,9.0,4403.0,House
British Columbia,vancouver-bc,5598000.0,4.0,5.0,3833.0,House
British Columbia,vancouver-bc,3230000.0,5.0,4.0,3373.0,House
British Columbia,vancouver-bc,2899900.0,3.0,2.0,1684.0,
British Columbia,vancouver-bc,2799900.0,3.0,2.0,1709.0,
British Columbia,vancouver-bc,1998000.0,6.0,3.0,2822.0,
British Columbia,vancouver-bc,,,,,
British Columbia,vancouver-bc,1249000.0,2.0,2.0,1319.0,Townhouse
British Columbia,vancouver-bc,568000.0,2.0,2.0,1001.0,Apt/Condo
British Columbia,vancouver-bc,1268000.0,2.0,1.0,1048.0,Apt/Condo
British Columbia,vancouver-bc,2238000.0,4.0,4.0,1585.0,Duplex
British Columbia,vancouver-bc,1638000.0,5.0,4.0,1756.0,Duplex
British Columbia,vancouver-bc,1838000.0,5.0,4.0,1672.0,Townhouse
British Columbia,vancouver-bc,1788800.0,2.0,2.0,1557.0,Apt/Condo
British Columbia,vancouver-bc,1588000.0,4.0,4.0,1891.0,House
British Columbia,vancouver-bc,1799000.0,3.0,3.0,1525.0,Duplex
British Columbia,vancouver-bc,1928000.0,3.0,3.0,1422.0,Duplex
British Columbia,vancouver-bc,1299000.0,3.0,3.0,1301.0,Duplex
British Columbia,vancouver-bc,2288800.0,4.0,4.0,1822.0,Duplex
British Columbia,vancouver-bc,1198000.0,2.0,2.0,1137.0,Townhouse
British Columbia,vancouver-bc,520000.0,1.0,1.0,625.0,Apt/Condo
British Columbia,vancouver-bc,899800.0,2.0,2.0,1253.0,Apt/Condo
British Columbia,vancouver-bc,1650000.0,4.0,4.0,1514.0,Duplex
British Columbia,vancouver-bc,479900.0,1.0,1.0,554.0,Apt/Condo
British Columbia,vancouver-bc,1298900.0,2.0,2.0,1015.0,Townhouse
British Columbia,vancouver-bc,8680000.0,6.0,8.0,5281.0,House
British Columbia,vancouver-bc,778900.0,1.0,1.0,706.0,Apt/Condo
British Columbia,vancouver-bc,989000.0,2.0,2.0,950.0,Apt/Condo
British Columbia,vancouver-bc,2899900.0,3.0,2.0,1684.0,
British Columbia,vancouver-bc,2799900.0,3.0,2.0,1709.0,
British Columbia,vancouver-bc,1998000.0,6.0,3.0,2822.0,
British Columbia,vancouver-bc,,,,,
British Columbia,vancouver-bc,998000.0,2.0,1.0,926.0,Apt/Condo
British Columbia,vancouver-bc,4850000.0,5.0,5.0,3319.0,House
British Columbia,vancouver-bc,560000.0,1.0,1.0,489.0,Apt/Condo
British Columbia,vancouver-bc,899888.0,2.0,2.0,1006.0,Apt/Condo
British Columbia,vancouver-bc,4399000.0,4.0,4.0,3836.0,House
British Columbia,vancouver-bc,1599999.0,3.0,1.0,1772.0,House
British Columbia,vancouver-bc,3380000.0,3.0,3.0,2032.0,House
British Columbia,vancouver-bc,2828000.0,5.0,4.0,2622.0,House
British Columbia,vancouver-bc,2499900.0,2.0,3.0,1730.0,Apt/Condo
British Columbia,vancouver-bc,485000.0,1.0,1.0,583.0,Apt/Condo
British Columbia,vancouver-bc,489000.0,1.0,1.0,723.0,Apt/Condo
British Columbia,vancouver-bc,2650000.0,4.0,2.0,2311.0,House
British Columbia,vancouver-bc,1649000.0,2.0,3.0,1427.0,Townhouse
British Columbia,vancouver-bc,1898000.0,2.0,1.0,2070.0,House
British Columbia,vancouver-bc,599000.0,1.0,1.0,624.0,Apt/Condo
British Columbia,vancouver-bc,599900.0,1.0,1.0,689.0,Apt/Condo
British Columbia,vancouver-bc,1938000.0,5.0,4.0,1539.0,Duplex
British Columbia,vancouver-bc,1499000.0,4.0,3.0,1533.0,Duplex
British Columbia,vancouver-bc,999000.0,2.0,2.0,957.0,Apt/Condo
British Columbia,vancouver-bc,477100.0,1.0,1.0,710.0,Apt/Condo
British Columbia,vancouver-bc,928000.0,2.0,2.0,882.0,Apt/Condo
British Columbia,vancouver-bc,2899900.0,3.0,2.0,1684.0,
British Columbia,vancouver-bc,2799900.0,3.0,2.0,1709.0,
British Columbia,vancouver-bc,1998000.0,6.0,3.0,2822.0,
British Columbia,vancouver-bc,,,,,
British Columbia,vancouver-bc,788000.0,2.0,2.0,888.0,Apt/Condo
British Columbia,vancouver-bc,439000.0,0.0,1.0,383.0,Apt/Condo
British Columbia,vancouver-bc,1399000.0,2.0,2.0,972.0,Apt/Condo
British Columbia,vancouver-bc,488000.0,0.0,1.0,419.0,Apt/Condo
British Columbia,vancouver-bc,3780000.0,5.0,6.0,3299.0,House
British Columbia,vancouver-bc,2199900.0,2.0,3.0,2055.0,Apt/Condo
British Columbia,vancouver-bc,1499000.0,4.0,3.0,1533.0,Duplex
British Columbia,vancouver-bc,2828000.0,5.0,4.0,2622.0,House
British Columbia,vancouver-bc,2149000.0,4.0,4.0,2334.0,Duplex
British Columbia,vancouver-bc,1799000.0,3.0,3.0,1492.0,Townhouse
British Columbia,vancouver-bc,1399000.0,3.0,3.0,1323.0,Townhouse
British Columbia,vancouver-bc,1899000.0,3.0,4.0,1769.0,Duplex
British Columbia,vancouver-bc,659000.0,1.0,1.0,577.0,Apt/Condo
British Columbia,vancouver-bc,1998000.0,5.0,4.0,1566.0,Duplex
British Columbia,vancouver-bc,568000.0,2.0,2.0,1001.0,Apt/Condo
British Columbia,vancouver-bc,8980000.0,4.0,4.0,5739.0,House
British Columbia,vancouver-bc,769000.0,2.0,2.0,751.0,Apt/Condo
British Columbia,vancouver-bc,649900.0,1.0,1.0,497.0,Apt/Condo
British Columbia,vancouver-bc,3389000.0,7.0,8.0,3586.0,House
British Columbia,vancouver-bc,4990000.0,4.0,2.0,2553.0,House
British Columbia,vancouver-bc,7290000.0,5.0,7.0,5477.0,House
British Columbia,vancouver-bc,2899900.0,3.0,2.0,1684.0,
British Columbia,vancouver-bc,2799900.0,3.0,2.0,1709.0,
British Columbia,vancouver-bc,1998000.0,6.0,3.0,2822.0,
British Columbia,vancouver-bc,,,,,
British Columbia,vancouver-bc,1750000.0,5.0,3.0,2080.0,House
British Columbia,vancouver-bc,1088000.0,3.0,3.0,2398.0,House
British Columbia,vancouver-bc,2888000.0,5.0,4.0,2641.0,House
British Columbia,vancouver-bc,1999000.0,4.0,4.0,2087.0,Duplex
British Columbia,vancouver-bc,525000.0,1.0,1.0,440.0,Apt/Condo
British Columbia,vancouver-bc,1648000.0,5.0,4.0,2010.0,House
British Columbia,vancouver-bc,3098888.0,6.0,7.0,3323.0,House
British Columbia,vancouver-bc,2438000.0,7.0,3.0,2918.0,House
British Columbia,vancouver-bc,1499000.0,3.0,2.0,1478.0,Duplex
British Columbia,vancouver-bc,415000.0,1.0,1.0,503.0,Apt/Condo
British Columbia,vancouver-bc,548000.0,1.0,1.0,505.0,Apt/Condo
British Columbia,vancouver-bc,999000.0,2.0,2.0,1140.0,Apt/Condo
British Columbia,vancouver-bc,768000.0,1.0,1.0,648.0,Apt/Condo
British Columbia,vancouver-bc,3780000.0,4.0,3.0,2066.0,House
British Columbia,vancouver-bc,2388000.0,3.0,3.0,1428.0,Townhouse
British Columbia,vancouver-bc,2998000.0,4.0,3.0,3699.0,House
British Columbia,vancouver-bc,2259900.0,3.0,3.0,1837.0,Townhouse
British Columbia,vancouver-bc,1859900.0,3.0,3.0,1426.0,Townhouse
British Columbia,vancouver-bc,2489900.0,3.0,3.0,1799.0,Townhouse
British Columbia,vancouver-bc,1298000.0,1.0,1.0,778.0,Apt/Condo
British Columbia,vancouver-bc,819900.0,2.0,2.0,860.0,Apt/Condo
British Columbia,vancouver-bc,2899900.0,3.0,2.0,1684.0,
British Columbia,vancouver-bc,2799900.0,3.0,2.0,1709.0,
British Columbia,vancouver-bc,1998000.0,6.0,3.0,2822.0,
British Columbia,vancouver-bc,,,,,
British Columbia,vancouver-bc,824999.0,1.0,1.0,774.0,Apt/Condo
British Columbia,vancouver-bc,768000.0,1.0,1.0,648.0,Apt/Condo
British Columbia,vancouver-bc,1318000.0,3.0,4.0,1312.0,Duplex
British Columbia,vancouver-bc,725000.0,1.0,1.0,727.0,Apt/Condo
British Columbia,vancouver-bc,2289000.0,2.0,2.0,1535.0,Apt/Condo
British Columbia,vancouver-bc,899000.0,2.0,2.0,932.0,Apt/Condo
British Columbia,vancouver-bc,4150000.0,9.0,9.0,6216.0,House
British Columbia,vancouver-bc,3499000.0,6.0,4.0,3071.0,House
British Columbia,vancouver-bc,2398000.0,3.0,4.0,1549.0,Duplex
British Columbia,vancouver-bc,1089900.0,3.0,2.0,949.0,Apt/Condo
British Columbia,vancouver-bc,2348000.0,3.0,4.0,1524.0,Duplex
British Columbia,vancouver-bc,869900.0,2.0,2.0,859.0,Apt/Condo
British Columbia,vancouver-bc,479900.0,1.0,1.0,414.0,Apt/Condo
British Columbia,vancouver-bc,1408000.0,3.0,2.0,1270.0,Townhouse
British Columbia,vancouver-bc,588000.0,1.0,1.0,563.0,Apt/Condo
British Columbia,vancouver-bc,1488000.0,2.0,3.0,1862.0,Townhouse
British Columbia,vancouver-bc,869000.0,2.0,2.0,1049.0,Apt/Condo
British Columbia,vancouver-bc,1938000.0,3.0,2.0,1616.0,Townhouse
British Columbia,vancouver-bc,1788888.0,3.0,4.0,1774.0,Duplex
British Columbia,vancouver-bc,599000.0,1.0,1.0,614.0,Apt/Condo
British Columbia,vancouver-bc,900000.0,1.0,1.0,638.0,Apt/Condo
British Columbia,vancouver-bc,2899900.0,3.0,2.0,1684.0,
British Columbia,vancouver-bc,2799900.0,3.0,2.0,1709.0,
British Columbia,vancouver-bc,1998000.0,6.0,3.0,2822.0,
British Columbia,vancouver-bc,,,,,
British Columbia,vancouver-bc,3299000.0,6.0,5.0,2387.0,Duplex
British Columbia,vancouver-bc,375000.0,1.0,1.0,612.0,Apt/Condo
British Columbia,vancouver-bc,2800000.0,3.0,2.0,,Apt/Condo
British Columbia,vancouver-bc,1090000.0,1.0,1.0,655.0,Apt/Condo
British Columbia,vancouver-bc,3899000.0,5.0,3.0,2469.0,House
British Columbia,vancouver-bc,8988000.0,3.0,4.0,3636.0,Apt/Condo
British Columbia,vancouver-bc,1585000.0,3.0,2.0,1649.0,House
British Columbia,vancouver-bc,1625000.0,2.0,3.0,1264.0,Townhouse
British Columbia,vancouver-bc,1515000.0,2.0,2.0,1260.0,Apt/Condo
British Columbia,vancouver-bc,900000.0,1.0,1.0,839.0,Apt/Condo
British Columbia,vancouver-bc,765000.0,2.0,2.0,798.0,Apt/Condo
British Columbia,vancouver-bc,1549000.0,3.0,3.0,1369.0,Townhouse
British Columbia,vancouver-bc,578000.0,1.0,1.0,519.0,Apt/Condo
British Columbia,vancouver-bc,1855500.0,6.0,4.0,2241.0,House
British Columbia,vancouver-bc,1289000.0,3.0,1.0,1182.0,House
British Columbia,vancouver-bc,1480000.0,3.0,1.0,880.0,House
British Columbia,vancouver-bc,2149900.0,4.0,3.0,1521.0,Townhouse
British Columbia,vancouver-bc,1749888.0,4.0,4.0,1880.0,Duplex
British Columbia,vancouver-bc,2960000.0,3.0,3.0,2180.0,House
British Columbia,vancouver-bc,659000.0,1.0,1.0,708.0,Apt/Condo
British Columbia,vancouver-bc,1800000.0,2.0,3.0,1323.0,Apt/Condo
British Columbia,vancouver-bc,2899900.0,3.0,2.0,1684.0,
British Columbia,vancouver-bc,2799900.0,3.0,2.0,1709.0,
British Columbia,vancouver-bc,1998000.0,6.0,3.0,2822.0,
British Columbia,vancouver-bc,,,,,
British Columbia,vancouver-bc,2368000.0,3.0,3.0,1510.0,Apt/Condo
British Columbia,vancouver-bc,5750000.0,7.0,8.0,5957.0,House
British Columbia,vancouver-bc,1699000.0,2.0,2.0,1119.0,Apt/Condo
British Columbia,vancouver-bc,2499000.0,4.0,4.0,2256.0,Townhouse
British Columbia,vancouver-bc,1549000.0,3.0,3.0,1356.0,Townhouse
British Columbia,vancouver-bc,750000.0,2.0,1.0,1207.0,Apt/Condo
British Columbia,vancouver-bc,3389000.0,7.0,5.0,2644.0,House
British Columbia,vancouver-bc,1749888.0,4.0,2.0,2673.0,House
British Columbia,vancouver-bc,1998888.0,3.0,3.0,1241.0,Townhouse
British Columbia,vancouver-bc,1898000.0,3.0,4.0,1550.0,Duplex
British Columbia,vancouver-bc,1998000.0,3.0,4.0,1527.0,Duplex
British Columbia,vancouver-bc,999000.0,2.0,2.0,976.0,Apt/Condo
British Columbia,vancouver-bc,2898000.0,3.0,4.0,2851.0,House
British Columbia,vancouver-bc,699000.0,1.0,1.0,595.0,Apt/Condo
British Columbia,vancouver-bc,1358888.0,2.0,2.0,830.0,Townhouse
British Columbia,vancouver-bc,439000.0,1.0,1.0,430.0,Apt/Condo
British Columbia,vancouver-bc,2550000.0,7.0,5.0,3232.0,House
British Columbia,vancouver-bc,1898000.0,3.0,3.0,1232.0,Townhouse
British Columbia,vancouver-bc,869000.0,1.0,1.0,765.0,Apt/Condo
British Columbia,vancouver-bc,544800.0,1.0,1.0,691.0,Apt/Condo
British Columbia,vancouver-bc,1250000.0,2.0,2.0,1074.0,Apt/Condo
British Columbia,vancouver-bc,2899900.0,3.0,2.0,1684.0,
British Columbia,vancouver-bc,2799900.0,3.0,2.0,1709.0,
British Columbia,vancouver-bc,1998000.0,6.0,3.0,2822.0,
British Columbia,victoria-bc,570000.0,1.0,1.0,905.0,Apt/Condo
British Columbia,victoria-bc,455000.0,1.0,1.0,455.0,Apt/Condo
British Columbia,victoria-bc,479000.0,1.0,1.0,533.0,Apt/Condo
British Columbia,victoria-bc,825000.0,2.0,2.0,803.0,Apt/Condo
British Columbia,victoria-bc,319000.0,0.0,1.0,391.0,Apt/Condo
British Columbia,victoria-bc,549000.0,2.0,2.0,762.0,Apt/Condo
British Columbia,victoria-bc,449000.0,1.0,1.0,548.0,Apt/Condo
British Columbia,victoria-bc,979000.0,3.0,2.0,1552.0,Apt/Condo
British Columbia,victoria-bc,399900.0,1.0,1.0,726.0,Apt/Condo
British Columbia,victoria-bc,749900.0,3.0,2.0,1525.0,Townhouse
British Columbia,victoria-bc,650000.0,1.0,1.0,605.0,Apt/Condo
British Columbia,victoria-bc,599999.0,1.0,2.0,954.0,Apt/Condo
British Columbia,victoria-bc,1699900.0,6.0,2.0,2342.0,House
British Columbia,victoria-bc,699900.0,2.0,2.0,1071.0,Apt/Condo
British Columbia,victoria-bc,599900.0,2.0,2.0,1096.0,Apt/Condo
British Columbia,victoria-bc,399900.0,2.0,1.0,854.0,Apt/Condo
British Columbia,victoria-bc,2200000.0,6.0,4.0,3083.0,House
British Columbia,victoria-bc,365000.0,1.0,1.0,683.0,Apt/Condo
British Columbia,victoria-bc,999000.0,2.0,2.0,1231.0,Apt/Condo
British Columbia,victoria-bc,339900.0,1.0,1.0,420.0,Apt/Condo
British Columbia,victoria-bc,879000.0,2.0,2.0,1125.0,Apt/Condo
British Columbia,victoria-bc,1475000.0,4.0,4.0,2652.0,
British Columbia,victoria-bc,2599000.0,4.0,4.0,3385.0,
British Columbia,victoria-bc,434000.0,2.0,1.0,755.0,
British Columbia,victoria-bc,1999999.0,6.0,5.0,3051.0,Fourplex
British Columbia,victoria-bc,2599000.0,4.0,4.0,3385.0,House
British Columbia,victoria-bc,579000.0,2.0,2.0,1107.0,Apt/Condo
British Columbia,victoria-bc,1029000.0,4.0,3.0,1306.0,Townhouse
British Columbia,victoria-bc,899000.0,3.0,2.0,1293.0,Townhouse
British Columbia,victoria-bc,849000.0,3.0,3.0,1152.0,Townhouse
British Columbia,victoria-bc,3000000.0,6.0,7.0,5343.0,House
British Columbia,victoria-bc,989000.0,3.0,3.0,1157.0,Townhouse
British Columbia,victoria-bc,1785000.0,3.0,3.0,1807.0,Apt/Condo
British Columbia,victoria-bc,499900.0,1.0,1.0,590.0,Apt/Condo
British Columbia,victoria-bc,3995000.0,3.0,4.0,4007.0,House
British Columbia,victoria-bc,1700000.0,7.0,4.0,3704.0,Fourplex
British Columbia,victoria-bc,949900.0,2.0,1.0,1149.0,House
British Columbia,victoria-bc,2599000.0,4.0,4.0,3385.0,House
British Columbia,victoria-bc,413000.0,1.0,1.0,414.0,Apt/Condo
British Columbia,victoria-bc,575000.0,1.0,1.0,540.0,Apt/Condo
British Columbia,victoria-bc,525000.0,1.0,1.0,487.0,Apt/Condo
British Columbia,victoria-bc,1199000.0,2.0,2.0,1734.0,Apt/Condo
British Columbia,victoria-bc,375000.0,0.0,1.0,389.0,Apt/Condo
British Columbia,victoria-bc,649000.0,2.0,1.0,850.0,Apt/Condo
British Columbia,victoria-bc,899000.0,2.0,1.0,1236.0,House
British Columbia,victoria-bc,1475000.0,4.0,4.0,2652.0,
British Columbia,victoria-bc,2599000.0,4.0,4.0,3385.0,
British Columbia,victoria-bc,434000.0,2.0,1.0,755.0,
British Columbia,victoria-bc,1175000.0,3.0,2.0,1851.0,Apt/Condo
British Columbia,victoria-bc,849000.0,3.0,3.0,1152.0,Townhouse
British Columbia,victoria-bc,1399900.0,3.0,2.0,1880.0,House
British Columbia,victoria-bc,624900.0,1.0,1.0,711.0,Apt/Condo
British Columbia,victoria-bc,399900.0,1.0,1.0,505.0,Apt/Condo
British Columbia,victoria-bc,865000.0,2.0,2.0,977.0,Apt/Condo
British Columbia,victoria-bc,5000000.0,5.0,5.0,4558.0,House
British Columbia,victoria-bc,1950000.0,0.0,,,Multifamily
British Columbia,victoria-bc,850000.0,0.0,0.0,,Land/Lot
British Columbia,victoria-bc,889000.0,2.0,2.0,984.0,Apt/Condo
British Columbia,victoria-bc,899900.0,3.0,1.0,1208.0,House
British Columbia,victoria-bc,455000.0,1.0,1.0,455.0,Apt/Condo
British Columbia,victoria-bc,419000.0,1.0,1.0,564.0,Apt/Condo
British Columbia,victoria-bc,635000.0,1.0,1.0,718.0,Apt/Condo
British Columbia,victoria-bc,975000.0,3.0,3.0,1418.0,Townhouse
British Columbia,victoria-bc,349900.0,1.0,1.0,505.0,Apt/Condo
British Columbia,victoria-bc,434000.0,2.0,1.0,755.0,Apt/Condo
British Columbia,victoria-bc,1289000.0,3.0,2.0,1811.0,Apt/Condo
British Columbia,victoria-bc,449000.0,2.0,2.0,1062.0,Apt/Condo
British Columbia,victoria-bc,795000.0,2.0,2.0,913.0,Apt/Condo
British Columbia,victoria-bc,445000.0,2.0,1.0,909.0,Apt/Condo
British Columbia,victoria-bc,1475000.0,4.0,4.0,2652.0,
British Columbia,victoria-bc,2599000.0,4.0,4.0,3385.0,
British Columbia,victoria-bc,434000.0,2.0,1.0,755.0,
British Columbia,victoria-bc,549000.0,2.0,2.0,973.0,Apt/Condo
British Columbia,victoria-bc,2599000.0,4.0,4.0,3385.0,House
British Columbia,victoria-bc,920000.0,3.0,2.0,2305.0,House
British Columbia,victoria-bc,539900.0,2.0,2.0,807.0,Apt/Condo
British Columbia,victoria-bc,795000.0,3.0,3.0,1418.0,Townhouse
British Columbia,victoria-bc,515000.0,2.0,2.0,870.0,Apt/Condo
British Columbia,victoria-bc,395000.0,0.0,1.0,473.0,Apt/Condo
British Columbia,victoria-bc,980000.0,2.0,2.0,967.0,Apt/Condo
British Columbia,victoria-bc,424900.0,0.0,1.0,353.0,Apt/Condo
British Columbia,victoria-bc,799000.0,2.0,2.0,988.0,Townhouse
British Columbia,victoria-bc,825000.0,3.0,2.0,961.0,Townhouse
British Columbia,victoria-bc,774000.0,2.0,2.0,824.0,Townhouse
British Columbia,victoria-bc,520000.0,1.0,1.0,681.0,Apt/Condo
British Columbia,victoria-bc,1299900.0,2.0,2.0,1416.0,Apt/Condo
British Columbia,victoria-bc,849999.0,4.0,4.0,1987.0,Duplex
British Columbia,victoria-bc,949900.0,2.0,2.0,1003.0,Apt/Condo
British Columbia,victoria-bc,399900.0,0.0,1.0,427.0,Apt/Condo
British Columbia,victoria-bc,1475000.0,4.0,4.0,2652.0,House
British Columbia,victoria-bc,699000.0,2.0,2.0,600.0,Apt/Condo
British Columbia,victoria-bc,110000.0,2.0,2.0,783.0,Apt/Condo
British Columbia,victoria-bc,1795000.0,5.0,2.0,2586.0,Duplex
British Columbia,victoria-bc,1475000.0,4.0,4.0,2652.0,
British Columbia,victoria-bc,2599000.0,4.0,4.0,3385.0,
British Columbia,victoria-bc,434000.0,2.0,1.0,755.0,
British Columbia,victoria-bc,1199000.0,4.0,3.0,2363.0,House
British Columbia,victoria-bc,849000.0,3.0,3.0,1152.0,Townhouse
British Columbia,victoria-bc,639900.0,2.0,2.0,762.0,Apt/Condo
British Columbia,victoria-bc,1200000.0,0.0,0.0,,Land/Lot
British Columbia,victoria-bc,1129900.0,4.0,2.0,2187.0,House
British Columbia,victoria-bc,924900.0,3.0,2.0,1613.0,Duplex
British Columbia,victoria-bc,1349000.0,4.0,3.0,2055.0,House
British Columbia,victoria-bc,549000.0,1.0,1.0,1024.0,Apt/Condo
British Columbia,victoria-bc,1299900.0,3.0,2.0,1777.0,House
British Columbia,victoria-bc,469900.0,1.0,1.0,510.0,Apt/Condo
British Columbia,victoria-bc,469999.0,2.0,1.0,839.0,Apt/Condo
British Columbia,victoria-bc,2290000.0,0.0,,,Multifamily
British Columbia,victoria-bc,569900.0,2.0,2.0,786.0,Apt/Condo
British Columbia,victoria-bc,503000.0,2.0,2.0,985.0,Apt/Condo
British Columbia,victoria-bc,2890000.0,5.0,4.0,3461.0,House
British Columbia,victoria-bc,1050000.0,2.0,2.0,1312.0,Apt/Condo
British Columbia,victoria-bc,1875000.0,4.0,4.0,3528.0,Triplex
British Columbia,victoria-bc,798000.0,3.0,3.0,1430.0,Townhouse
British Columbia,victoria-bc,249000.0,1.0,1.0,565.0,Apt/Condo
British Columbia,victoria-bc,1180000.0,5.0,2.0,2187.0,House
British Columbia,victoria-bc,749999.0,2.0,2.0,999.0,Apt/Condo
British Columbia,victoria-bc,1475000.0,4.0,4.0,2652.0,
British Columbia,victoria-bc,2599000.0,4.0,4.0,3385.0,
British Columbia,victoria-bc,434000.0,2.0,1.0,755.0,
British Columbia,victoria-bc,799000.0,2.0,2.0,1260.0,Apt/Condo
British Columbia,victoria-bc,455000.0,1.0,1.0,455.0,Apt/Condo
British Columbia,victoria-bc,799000.0,3.0,1.0,1025.0,House
British Columbia,victoria-bc,574900.0,1.0,1.0,684.0,Apt/Condo
British Columbia,victoria-bc,437000.0,1.0,1.0,694.0,Apt/Condo
British Columbia,victoria-bc,425000.0,2.0,2.0,1012.0,Apt/Condo
British Columbia,victoria-bc,698000.0,2.0,2.0,986.0,Apt/Condo
British Columbia,victoria-bc,349900.0,1.0,1.0,591.0,Apt/Condo
British Columbia,victoria-bc,1999000.0,2.0,3.0,1655.0,Apt/Condo
British Columbia,victoria-bc,419900.0,1.0,1.0,623.0,Apt/Condo
British Columbia,victoria-bc,749900.0,1.0,1.0,725.0,Apt/Condo
British Columbia,victoria-bc,950000.0,2.0,2.0,1448.0,Apt/Condo
British Columbia,victoria-bc,1249900.0,2.0,3.0,1538.0,Apt/Condo
British Columbia,victoria-bc,1465000.0,3.0,2.0,2076.0,House
British Columbia,victoria-bc,989800.0,3.0,3.0,1445.0,Townhouse
British Columbia,victoria-bc,479990.0,1.0,1.0,527.0,Apt/Condo
British Columbia,victoria-bc,539900.0,2.0,2.0,1060.0,Apt/Condo
British Columbia,victoria-bc,1350000.0,4.0,1.0,2922.0,House
British Columbia,victoria-bc,1549900.0,5.0,4.0,3072.0,House
British Columbia,victoria-bc,575000.0,1.0,1.0,506.0,Apt/Condo
British Columbia,victoria-bc,775000.0,2.0,1.0,656.0,House
British Columbia,victoria-bc,1475000.0,4.0,4.0,2652.0,
British Columbia,victoria-bc,2599000.0,4.0,4.0,3385.0,
British Columbia,victoria-bc,434000.0,2.0,1.0,755.0,
British Columbia,victoria-bc,550000.0,2.0,2.0,1001.0,Apt/Condo
British Columbia,victoria-bc,2599000.0,4.0,4.0,3385.0,House
British Columbia,victoria-bc,469000.0,2.0,2.0,1058.0,Apt/Condo
British Columbia,victoria-bc,1200000.0,2.0,3.0,1600.0,Townhouse
British Columbia,victoria-bc,899000.0,3.0,2.0,1740.0,Duplex
British Columbia,victoria-bc,1175000.0,3.0,1.0,1538.0,House
British Columbia,victoria-bc,999000.0,2.0,2.0,1329.0,House
British Columbia,victoria-bc,510000.0,2.0,2.0,972.0,Apt/Condo
British Columbia,victoria-bc,999900.0,7.0,4.0,2994.0,Fourplex
British Columbia,victoria-bc,660000.0,1.0,1.0,995.0,Apt/Condo
British Columbia,victoria-bc,899900.0,2.0,2.0,1085.0,Apt/Condo
British Columbia,victoria-bc,649900.0,3.0,2.0,1140.0,Townhouse
British Columbia,victoria-bc,599900.0,1.0,1.0,675.0,Apt/Condo
British Columbia,victoria-bc,899000.0,2.0,2.0,1207.0,Apt/Condo
British Columbia,victoria-bc,657500.0,2.0,1.0,949.0,Apt/Condo
British Columbia,victoria-bc,965000.0,3.0,2.0,1537.0,House
British Columbia,victoria-bc,1379000.0,3.0,2.0,1454.0,House
British Columbia,victoria-bc,1145000.0,3.0,3.0,1778.0,Townhouse
British Columbia,victoria-bc,649900.0,3.0,2.0,1358.0,Townhouse
British Columbia,victoria-bc,1274900.0,3.0,2.0,2157.0,House
British Columbia,victoria-bc,1499000.0,2.0,2.0,1231.0,Apt/Condo
British Columbia,victoria-bc,1475000.0,4.0,4.0,2652.0,
British Columbia,victoria-bc,2599000.0,4.0,4.0,3385.0,
British Columbia,victoria-bc,434000.0,2.0,1.0,755.0,
British Columbia,victoria-bc,399900.0,2.0,1.0,745.0,Apt/Condo
British Columbia,victoria-bc,2599000.0,4.0,4.0,3385.0,House
British Columbia,victoria-bc,474900.0,2.0,2.0,958.0,Apt/Condo
British Columbia,victoria-bc,1950000.0,0.0,,,Multifamily
British Columbia,victoria-bc,370000.0,0.0,1.0,542.0,Apt/Condo
British Columbia,victoria-bc,599000.0,2.0,2.0,753.0,Townhouse
British Columbia,victoria-bc,849000.0,3.0,2.0,1109.0,Townhouse
British Columbia,victoria-bc,875000.0,3.0,2.0,1238.0,Townhouse
British Columbia,victoria-bc,665000.0,2.0,1.0,1033.0,Apt/Condo
British Columbia,victoria-bc,549000.0,2.0,2.0,997.0,Apt/Condo
British Columbia,victoria-bc,579000.0,1.0,1.0,737.0,Apt/Condo
British Columbia,victoria-bc,469000.0,1.0,1.0,573.0,Apt/Condo
British Columbia,victoria-bc,499000.0,1.0,1.0,511.0,Apt/Condo
British Columbia,victoria-bc,4995000.0,3.0,3.0,4234.0,Apt/Condo
British Columbia,victoria-bc,599900.0,1.0,1.0,795.0,Apt/Condo
British Columbia,victoria-bc,849900.0,2.0,2.0,828.0,Apt/Condo
British Columbia,victoria-bc,1149900.0,2.0,2.0,1517.0,Apt/Condo
British Columbia,victoria-bc,415000.0,0.0,1.0,354.0,Apt/Condo
British Columbia,victoria-bc,850000.0,3.0,2.0,1240.0,Duplex
British Columbia,victoria-bc,799000.0,3.0,1.0,944.0,House
British Columbia,victoria-bc,1475000.0,3.0,2.0,2314.0,House
British Columbia,victoria-bc,1475000.0,4.0,4.0,2652.0,
British Columbia,victoria-bc,2599000.0,4.0,4.0,3385.0,
British Columbia,victoria-bc,434000.0,2.0,1.0,755.0,
British Columbia,victoria-bc,972000.0,2.0,2.0,1391.0,Apt/Condo
British Columbia,victoria-bc,455000.0,1.0,1.0,455.0,Apt/Condo
British Columbia,victoria-bc,899900.0,2.0,2.0,1174.0,House
British Columbia,victoria-bc,499000.0,2.0,2.0,1058.0,Apt/Condo
British Columbia,victoria-bc,395000.0,1.0,1.0,637.0,Apt/Condo
British Columbia,victoria-bc,549500.0,1.0,1.0,652.0,Apt/Condo
British Columbia,victoria-bc,1390000.0,2.0,3.0,1145.0,Apt/Condo
British Columbia,victoria-bc,575000.0,2.0,1.0,1038.0,Apt/Condo
British Columbia,victoria-bc,2149000.0,4.0,4.0,2863.0,Duplex
British Columbia,victoria-bc,424900.0,1.0,1.0,496.0,Apt/Condo
British Columbia,victoria-bc,478000.0,1.0,1.0,385.0,Apt/Condo
British Columbia,victoria-bc,1099000.0,2.0,2.0,935.0,Apt/Condo
British Columbia,victoria-bc,449900.0,1.0,1.0,434.0,Apt/Condo
British Columbia,victoria-bc,1499000.0,4.0,4.0,3058.0,Townhouse
British Columbia,victoria-bc,399900.0,1.0,1.0,445.0,Apt/Condo
British Columbia,victoria-bc,1449900.0,2.0,2.0,1741.0,Apt/Condo
British Columbia,victoria-bc,2350000.0,0.0,,,Multifamily
British Columbia,victoria-bc,1850000.0,4.0,3.0,2594.0,House
British Columbia,victoria-bc,1299000.0,3.0,2.0,1551.0,House
British Columbia,victoria-bc,438000.0,1.0,1.0,480.0,Apt/Condo
British Columbia,victoria-bc,434900.0,2.0,2.0,1178.0,Apt/Condo
British Columbia,victoria-bc,1475000.0,4.0,4.0,2652.0,
British Columbia,victoria-bc,2599000.0,4.0,4.0,3385.0,
British Columbia,victoria-bc,434000.0,2.0,1.0,755.0,
British Columbia,victoria-bc,424900.0,1.0,1.0,596.0,Apt/Condo
British Columbia,victoria-bc,599900.0,2.0,2.0,1096.0,Apt/Condo
British Columbia,victoria-bc,839999.0,2.0,1.0,1093.0,House
British Columbia,victoria-bc,839900.0,2.0,1.0,820.0,Duplex
British Columbia,victoria-bc,999000.0,2.0,2.0,1284.0,Apt/Condo
British Columbia,victoria-bc,549900.0,2.0,2.0,981.0,Apt/Condo
British Columbia,victoria-bc,739900.0,2.0,1.0,779.0,Townhouse
British Columbia,victoria-bc,759000.0,3.0,2.0,1108.0,Townhouse
British Columbia,victoria-bc,918000.0,3.0,2.0,2225.0,House
British Columbia,victoria-bc,1099900.0,4.0,2.0,1250.0,House
British Columbia,victoria-bc,514900.0,2.0,1.0,959.0,Apt/Condo
British Columbia,victoria-bc,429900.0,0.0,1.0,492.0,Apt/Condo
British Columbia,victoria-bc,825000.0,1.0,2.0,850.0,Apt/Condo
British Columbia,victoria-bc,409900.0,1.0,1.0,436.0,Apt/Condo
British Columbia,victoria-bc,419000.0,1.0,1.0,804.0,Apt/Condo
British Columbia,victoria-bc,420000.0,1.0,1.0,525.0,Apt/Condo
British Columbia,victoria-bc,714900.0,3.0,2.0,1156.0,Townhouse
British Columbia,victoria-bc,640000.0,2.0,1.0,762.0,Apt/Condo
British Columbia,victoria-bc,369900.0,1.0,1.0,478.0,Apt/Condo
British Columbia,victoria-bc,1075000.0,5.0,2.0,1863.0,House
British Columbia,victoria-bc,1250000.0,2.0,2.0,1125.0,Apt/Condo
British Columbia,victoria-bc,1475000.0,4.0,4.0,2652.0,
British Columbia,victoria-bc,2599000.0,4.0,4.0,3385.0,
British Columbia,victoria-bc,434000.0,2.0,1.0,755.0,
British Columbia,victoria-bc,1099900.0,5.0,2.0,2333.0,Duplex
British Columbia,victoria-bc,599900.0,2.0,2.0,1096.0,Apt/Condo
British Columbia,victoria-bc,439900.0,1.0,1.0,540.0,Apt/Condo
British Columbia,victoria-bc,724900.0,2.0,1.0,948.0,Apt/Condo
British Columbia,victoria-bc,1150000.0,3.0,3.0,1198.0,Townhouse
British Columbia,victoria-bc,950000.0,2.0,2.0,1465.0,Duplex
British Columbia,victoria-bc,1244000.0,3.0,3.0,1645.0,Townhouse
British Columbia,victoria-bc,415000.0,1.0,1.0,569.0,Apt/Condo
British Columbia,victoria-bc,1599999.0,7.0,5.0,3924.0,Duplex
British Columbia,victoria-bc,850000.0,2.0,2.0,1465.0,Duplex
British Columbia,victoria-bc,2595000.0,3.0,3.0,2013.0,Apt/Condo
British Columbia,victoria-bc,380000.0,1.0,1.0,612.0,Apt/Condo
British Columbia,victoria-bc,699000.0,2.0,2.0,903.0,Apt/Condo
British Columbia,victoria-bc,1649000.0,5.0,3.0,2417.0,House
British Columbia,victoria-bc,1279499.0,2.0,2.0,1375.0,Apt/Condo
British Columbia,victoria-bc,1274900.0,0.0,0.0,,Land/Lot
British Columbia,victoria-bc,495000.0,2.0,2.0,974.0,Apt/Condo
British Columbia,victoria-bc,785000.0,2.0,2.0,1091.0,Apt/Condo
British Columbia,victoria-bc,342000.0,0.0,1.0,464.0,Apt/Condo
British Columbia,victoria-bc,349900.0,0.0,1.0,512.0,Apt/Condo
British Columbia,victoria-bc,1274900.0,2.0,2.0,1443.0,Apt/Condo
British Columbia,victoria-bc,1475000.0,4.0,4.0,2652.0,
British Columbia,victoria-bc,2599000.0,4.0,4.0,3385.0,
British Columbia,victoria-bc,434000.0,2.0,1.0,755.0,
British Columbia,victoria-bc,625000.0,2.0,2.0,1115.0,Townhouse
British Columbia,victoria-bc,2599000.0,4.0,4.0,3385.0,House
British Columbia,victoria-bc,1275000.0,2.0,3.0,1567.0,House
British Columbia,victoria-bc,435000.0,1.0,1.0,526.0,Apt/Condo
British Columbia,victoria-bc,1250000.0,5.0,3.0,2043.0,House
British Columbia,victoria-bc,549900.0,1.0,1.0,534.0,Apt/Condo
British Columbia,victoria-bc,539000.0,1.0,1.0,605.0,Apt/Condo
British Columbia,victoria-bc,1225000.0,2.0,1.0,864.0,House
British Columbia,victoria-bc,869900.0,2.0,1.0,851.0,House
British Columbia,victoria-bc,949900.0,2.0,2.0,953.0,Apt/Condo
British Columbia,victoria-bc,674999.0,2.0,2.0,1081.0,Townhouse
British Columbia,victoria-bc,2850000.0,7.0,5.0,4897.0,House
British Columbia,victoria-bc,349900.0,1.0,1.0,447.0,Apt/Condo
British Columbia,victoria-bc,1199000.0,2.0,2.0,1350.0,Apt/Condo
British Columbia,victoria-bc,649000.0,1.0,1.0,625.0,Apt/Condo
British Columbia,victoria-bc,1050000.0,3.0,3.0,1544.0,Townhouse
British Columbia,victoria-bc,599000.0,2.0,2.0,720.0,Apt/Condo
British Columbia,victoria-bc,435000.0,1.0,1.0,653.0,Apt/Condo
British Columbia,victoria-bc,899000.0,2.0,2.0,1684.0,Townhouse
British Columbia,victoria-bc,559900.0,2.0,2.0,806.0,Apt/Condo
British Columbia,victoria-bc,545000.0,2.0,2.0,1077.0,Apt/Condo
British Columbia,victoria-bc,1475000.0,4.0,4.0,2652.0,
British Columbia,victoria-bc,2599000.0,4.0,4.0,3385.0,
British Columbia,victoria-bc,434000.0,2.0,1.0,755.0,
British Columbia,victoria-bc,915000.0,3.0,1.0,1310.0,Duplex
British Columbia,victoria-bc,599900.0,2.0,2.0,1096.0,Apt/Condo
British Columbia,victoria-bc,750000.0,2.0,2.0,920.0,Apt/Condo
British Columbia,victoria-bc,815000.0,3.0,1.0,1586.0,Duplex
British Columbia,victoria-bc,489000.0,1.0,1.0,581.0,Apt/Condo
British Columbia,victoria-bc,3000000.0,5.0,4.0,3458.0,House
British Columbia,victoria-bc,460000.0,0.0,1.0,491.0,Apt/Condo
British Columbia,victoria-bc,1164000.0,5.0,2.0,2003.0,House
British Columbia,victoria-bc,819000.0,2.0,2.0,865.0,Apt/Condo
British Columbia,victoria-bc,840000.0,2.0,2.0,1018.0,Apt/Condo
British Columbia,victoria-bc,1175000.0,2.0,2.0,1436.0,Apt/Condo
British Columbia,victoria-bc,539000.0,2.0,2.0,1187.0,Apt/Condo
British Columbia,victoria-bc,749000.0,2.0,2.0,1489.0,Townhouse
British Columbia,victoria-bc,365000.0,1.0,1.0,447.0,Apt/Condo
British Columbia,victoria-bc,599900.0,1.0,1.0,507.0,Apt/Condo
British Columbia,victoria-bc,576500.0,2.0,1.0,722.0,Apt/Condo
British Columbia,victoria-bc,735000.0,1.0,1.0,1193.0,House
British Columbia,victoria-bc,1499000.0,5.0,2.0,2957.0,House
British Columbia,victoria-bc,539900.0,2.0,2.0,987.0,Apt/Condo
British Columbia,victoria-bc,795000.0,2.0,2.0,1309.0,Apt/Condo
British Columbia,victoria-bc,1749900.0,6.0,2.0,3034.0,House
British Columbia,victoria-bc,1475000.0,4.0,4.0,2652.0,
British Columbia,victoria-bc,2599000.0,4.0,4.0,3385.0,
British Columbia,victoria-bc,434000.0,2.0,1.0,755.0,
British Columbia,victoria-bc,490000.0,2.0,2.0,812.0,Apt/Condo
British Columbia,victoria-bc,599900.0,2.0,2.0,1096.0,Apt/Condo
British Columbia,victoria-bc,949818.0,2.0,2.0,1050.0,Apt/Condo
British Columbia,victoria-bc,1550000.0,6.0,3.0,2400.0,House
British Columbia,victoria-bc,595000.0,2.0,2.0,913.0,Apt/Condo
British Columbia,victoria-bc,319000.0,0.0,1.0,373.0,Apt/Condo
British Columbia,victoria-bc,430000.0,0.0,1.0,430.0,Apt/Condo
British Columbia,victoria-bc,855000.0,2.0,2.0,1072.0,Apt/Condo
British Columbia,victoria-bc,542500.0,1.0,1.0,597.0,Apt/Condo
British Columbia,victoria-bc,629000.0,1.0,1.0,707.0,Apt/Condo
British Columbia,victoria-bc,1095000.0,3.0,3.0,1989.0,House
British Columbia,victoria-bc,975000.0,2.0,3.0,1006.0,Townhouse
British Columbia,victoria-bc,749900.0,2.0,1.0,882.0,House
British Columbia,victoria-bc,429900.0,1.0,1.0,497.0,Apt/Condo
British Columbia,victoria-bc,684000.0,2.0,2.0,847.0,Apt/Condo
British Columbia,victoria-bc,599900.0,2.0,2.0,865.0,Apt/Condo
British Columbia,victoria-bc,480000.0,1.0,1.0,613.0,Apt/Condo
British Columbia,victoria-bc,1200000.0,2.0,2.0,1036.0,Apt/Condo
British Columbia,victoria-bc,659900.0,2.0,2.0,1156.0,Apt/Condo
British Columbia,victoria-bc,499900.0,2.0,2.0,1106.0,Apt/Condo
British Columbia,victoria-bc,539900.0,2.0,2.0,1128.0,Apt/Condo
British Columbia,victoria-bc,1475000.0,4.0,4.0,2652.0,
British Columbia,victoria-bc,2599000.0,4.0,4.0,3385.0,
British Columbia,victoria-bc,434000.0,2.0,1.0,755.0,
British Columbia,victoria-bc,949000.0,3.0,3.0,2076.0,Apt/Condo
British Columbia,victoria-bc,2599000.0,4.0,4.0,3385.0,House
British Columbia,victoria-bc,1299000.0,3.0,4.0,2020.0,Townhouse
British Columbia,victoria-bc,829000.0,2.0,2.0,1020.0,Apt/Condo
British Columbia,victoria-bc,529000.0,2.0,2.0,989.0,Apt/Condo
British Columbia,victoria-bc,1815000.0,6.0,7.0,4332.0,Duplex
British Columbia,victoria-bc,299900.0,1.0,1.0,483.0,Apt/Condo
British Columbia,victoria-bc,1999900.0,6.0,5.0,4143.0,Fourplex
British Columbia,victoria-bc,390000.0,1.0,1.0,687.0,Apt/Condo
British Columbia,victoria-bc,559900.0,1.0,1.0,621.0,Apt/Condo
British Columbia,victoria-bc,629900.0,1.0,1.0,616.0,Apt/Condo
British Columbia,victoria-bc,349900.0,1.0,1.0,643.0,Apt/Condo
British Columbia,victoria-bc,2099000.0,7.0,5.0,3202.0,House
British Columbia,victoria-bc,796999.0,2.0,1.0,875.0,Apt/Condo
British Columbia,victoria-bc,469000.0,1.0,1.0,579.0,Apt/Condo
British Columbia,victoria-bc,799000.0,2.0,2.0,1066.0,Apt/Condo
British Columbia,victoria-bc,1060000.0,4.0,2.0,1568.0,Duplex
British Columbia,victoria-bc,1399000.0,6.0,3.0,2913.0,House
British Columbia,victoria-bc,1699900.0,4.0,3.0,3437.0,Triplex
British Columbia,victoria-bc,2799000.0,4.0,5.0,3217.0,House
British Columbia,victoria-bc,410000.0,1.0,1.0,508.0,Apt/Condo
British Columbia,victoria-bc,1475000.0,4.0,4.0,2652.0,
British Columbia,victoria-bc,2599000.0,4.0,4.0,3385.0,
British Columbia,victoria-bc,434000.0,2.0,1.0,755.0,
British Columbia,victoria-bc,449500.0,1.0,1.0,781.0,Apt/Condo
British Columbia,victoria-bc,2599000.0,4.0,4.0,3385.0,House
British Columbia,victoria-bc,759000.0,3.0,2.0,1104.0,Townhouse
British Columbia,victoria-bc,1450000.0,6.0,3.0,3820.0,House
British Columbia,victoria-bc,649900.0,2.0,2.0,1290.0,Townhouse
British Columbia,victoria-bc,649000.0,1.0,1.0,705.0,Apt/Condo
British Columbia,victoria-bc,1995000.0,4.0,4.0,3039.0,House
British Columbia,victoria-bc,539900.0,1.0,1.0,524.0,Apt/Condo
British Columbia,victoria-bc,395000.0,1.0,1.0,604.0,Apt/Condo
British Columbia,victoria-bc,1197000.0,2.0,2.0,1071.0,Apt/Condo
British Columbia,victoria-bc,729900.0,1.0,2.0,790.0,Apt/Condo
British Columbia,victoria-bc,424900.0,1.0,1.0,452.0,Apt/Condo
British Columbia,victoria-bc,2098000.0,0.0,,,Multifamily
British Columbia,victoria-bc,1149900.0,2.0,2.0,1514.0,Apt/Condo
British Columbia,victoria-bc,479000.0,1.0,1.0,544.0,Apt/Condo
British Columbia,victoria-bc,399000.0,1.0,1.0,439.0,Apt/Condo
British Columbia,victoria-bc,1149000.0,4.0,4.0,2073.0,House
British Columbia,victoria-bc,539900.0,2.0,2.0,1074.0,Apt/Condo
British Columbia,victoria-bc,949900.0,2.0,2.0,895.0,Apt/Condo
British Columbia,victoria-bc,1150000.0,3.0,3.0,2000.0,Duplex
British Columbia,victoria-bc,669000.0,2.0,2.0,1074.0,Apt/Condo
British Columbia,victoria-bc,1475000.0,4.0,4.0,2652.0,
British Columbia,victoria-bc,2599000.0,4.0,4.0,3385.0,
British Columbia,victoria-bc,434000.0,2.0,1.0,755.0,
British Columbia,victoria-bc,1088000.0,2.0,2.0,1019.0,Apt/Condo
British Columbia,victoria-bc,849000.0,3.0,3.0,1152.0,Townhouse
British Columbia,victoria-bc,849000.0,2.0,2.0,1275.0,Apt/Condo
British Columbia,victoria-bc,659800.0,2.0,2.0,919.0,Apt/Condo
British Columbia,victoria-bc,1399900.0,2.0,2.0,1451.0,Apt/Condo
British Columbia,victoria-bc,775000.0,2.0,1.0,911.0,House
British Columbia,victoria-bc,1199900.0,7.0,3.0,2866.0,House
British Columbia,victoria-bc,899900.0,2.0,2.0,985.0,Townhouse
British Columbia,victoria-bc,587500.0,2.0,2.0,902.0,Apt/Condo
British Columbia,victoria-bc,555000.0,1.0,1.0,635.0,Apt/Condo
British Columbia,victoria-bc,479900.0,1.0,1.0,785.0,Apt/Condo
British Columbia,victoria-bc,549000.0,2.0,2.0,1106.0,Apt/Condo
British Columbia,victoria-bc,2000000.0,0.0,0.0,,Land/Lot
British Columbia,victoria-bc,619000.0,2.0,1.0,840.0,Apt/Condo
British Columbia,victoria-bc,939000.0,3.0,3.0,1512.0,Townhouse
British Columbia,victoria-bc,789000.0,1.0,2.0,1028.0,Apt/Condo
British Columbia,victoria-bc,574700.0,2.0,2.0,803.0,Apt/Condo
British Columbia,victoria-bc,899900.0,2.0,2.0,939.0,Apt/Condo
British Columbia,victoria-bc,340000.0,1.0,1.0,630.0,Apt/Condo
British Columbia,victoria-bc,450000.0,2.0,2.0,1082.0,Apt/Condo
British Columbia,victoria-bc,819900.0,2.0,2.0,856.0,Apt/Condo
British Columbia,victoria-bc,1475000.0,4.0,4.0,2652.0,
British Columbia,victoria-bc,2599000.0,4.0,4.0,3385.0,
British Columbia,victoria-bc,434000.0,2.0,1.0,755.0,
British Columbia,victoria-bc,699000.0,2.0,2.0,871.0,Apt/Condo
British Columbia,victoria-bc,599900.0,2.0,2.0,1096.0,Apt/Condo
British Columbia,victoria-bc,819900.0,2.0,2.0,856.0,Apt/Condo
British Columbia,victoria-bc,444900.0,1.0,1.0,695.0,Apt/Condo
British Columbia,victoria-bc,399900.0,1.0,1.0,456.0,Apt/Condo
British Columbia,victoria-bc,1099000.0,2.0,2.0,1247.0,Apt/Condo
British Columbia,victoria-bc,999900.0,2.0,2.0,1991.0,Apt/Condo
British Columbia,victoria-bc,709000.0,2.0,2.0,1325.0,Apt/Condo
British Columbia,victoria-bc,650000.0,2.0,2.0,816.0,Apt/Condo
British Columbia,victoria-bc,385000.0,0.0,1.0,453.0,Apt/Condo
British Columbia,victoria-bc,1100000.0,4.0,2.0,1664.0,House
British Columbia,victoria-bc,1073000.0,2.0,2.0,1011.0,Apt/Condo
British Columbia,victoria-bc,2590000.0,4.0,3.0,2029.0,House
British Columbia,victoria-bc,1095000.0,2.0,2.0,1212.0,Apt/Condo
British Columbia,victoria-bc,1185000.0,2.0,2.0,1233.0,Apt/Condo
British Columbia,victoria-bc,585000.0,1.0,1.0,602.0,Apt/Condo
British Columbia,victoria-bc,885000.0,2.0,2.0,1502.0,Apt/Condo
British Columbia,victoria-bc,890000.0,2.0,2.0,960.0,Apt/Condo
British Columbia,victoria-bc,699000.0,1.0,1.0,698.0,Apt/Condo
British Columbia,victoria-bc,849000.0,2.0,2.0,1189.0,Apt/Condo
British Columbia,victoria-bc,2999995.0,5.0,5.0,3991.0,House
British Columbia,victoria-bc,1475000.0,4.0,4.0,2652.0,
British Columbia,victoria-bc,2599000.0,4.0,4.0,3385.0,
British Columbia,victoria-bc,434000.0,2.0,1.0,755.0,
British Columbia,victoria-bc,460000.0,1.0,1.0,510.0,Apt/Condo
British Columbia,victoria-bc,599900.0,2.0,2.0,1096.0,Apt/Condo
British Columbia,victoria-bc,3149900.0,6.0,5.0,2949.0,House
British Columbia,victoria-bc,1425000.0,2.0,2.0,1571.0,Apt/Condo
British Columbia,victoria-bc,875000.0,2.0,3.0,1000.0,Townhouse
British Columbia,victoria-bc,499900.0,2.0,2.0,1029.0,Apt/Condo
British Columbia,victoria-bc,349900.0,0.0,1.0,401.0,Apt/Condo
British Columbia,victoria-bc,549900.0,1.0,1.0,550.0,Apt/Condo
British Columbia,victoria-bc,349900.0,1.0,1.0,669.0,Apt/Condo
British Columbia,victoria-bc,875000.0,3.0,3.0,1636.0,Townhouse
British Columbia,victoria-bc,699000.0,3.0,2.0,1289.0,Townhouse
British Columbia,victoria-bc,424900.0,2.0,1.0,687.0,Apt/Condo
British Columbia,victoria-bc,365000.0,1.0,1.0,686.0,Apt/Condo
British Columbia,victoria-bc,499000.0,1.0,1.0,535.0,Apt/Condo
British Columbia,victoria-bc,625000.0,1.0,2.0,855.0,Apt/Condo
British Columbia,victoria-bc,939000.0,2.0,2.0,1130.0,Apt/Condo
British Columbia,victoria-bc,415000.0,1.0,1.0,567.0,Apt/Condo
British Columbia,victoria-bc,590000.0,2.0,1.0,762.0,Apt/Condo
British Columbia,victoria-bc,695000.0,2.0,2.0,724.0,Apt/Condo
British Columbia,victoria-bc,574900.0,2.0,2.0,776.0,Apt/Condo
British Columbia,victoria-bc,1249900.0,2.0,2.0,1061.0,Apt/Condo
British Columbia,victoria-bc,1475000.0,4.0,4.0,2652.0,
British Columbia,victoria-bc,2599000.0,4.0,4.0,3385.0,
British Columbia,victoria-bc,434000.0,2.0,1.0,755.0,
British Columbia,victoria-bc,695000.0,2.0,2.0,1217.0,Apt/Condo
British Columbia,victoria-bc,849000.0,3.0,3.0,1152.0,Townhouse
British Columbia,victoria-bc,879000.0,8.0,4.0,3044.0,House
British Columbia,victoria-bc,589500.0,2.0,2.0,1008.0,Apt/Condo
British Columbia,victoria-bc,799000.0,2.0,2.0,1562.0,Apt/Condo
British Columbia,victoria-bc,1199900.0,2.0,3.0,1538.0,Apt/Condo
British Columbia,victoria-bc,1800000.0,0.0,1.0,3588.0,House
British Columbia,victoria-bc,825000.0,2.0,2.0,1129.0,Townhouse
British Columbia,victoria-bc,249900.0,1.0,1.0,449.0,Apt/Condo
British Columbia,victoria-bc,320000.0,0.0,1.0,296.0,Apt/Condo
British Columbia,victoria-bc,449000.0,1.0,1.0,581.0,Apt/Condo
British Columbia,victoria-bc,695000.0,1.0,1.0,716.0,Apt/Condo
British Columbia,victoria-bc,1125000.0,2.0,3.0,1488.0,Townhouse
British Columbia,victoria-bc,1225000.0,2.0,2.0,1181.0,Apt/Condo
British Columbia,victoria-bc,625000.0,2.0,1.0,803.0,Apt/Condo
British Columbia,victoria-bc,3498000.0,7.0,6.0,4022.0,House
British Columbia,victoria-bc,998000.0,2.0,2.0,970.0,Apt/Condo
British Columbia,victoria-bc,425000.0,2.0,1.0,743.0,Apt/Condo
British Columbia,victoria-bc,239900.0,1.0,1.0,633.0,Apt/Condo
British Columbia,victoria-bc,328800.0,1.0,1.0,613.0,Apt/Condo
British Columbia,victoria-bc,2500000.0,3.0,3.0,2683.0,House
British Columbia,victoria-bc,1475000.0,4.0,4.0,2652.0,
British Columbia,victoria-bc,2599000.0,4.0,4.0,3385.0,
British Columbia,victoria-bc,434000.0,2.0,1.0,755.0,
British Columbia,victoria-bc,619900.0,2.0,1.0,1006.0,Apt/Condo
British Columbia,victoria-bc,599900.0,2.0,2.0,1096.0,Apt/Condo
British Columbia,victoria-bc,1700000.0,0.0,,,Multifamily
British Columbia,victoria-bc,219900.0,1.0,1.0,704.0,Apt/Condo
British Columbia,victoria-bc,579000.0,1.0,1.0,703.0,Apt/Condo
British Columbia,victoria-bc,459000.0,2.0,1.0,907.0,Apt/Condo
British Columbia,victoria-bc,365900.0,1.0,1.0,470.0,Apt/Condo
British Columbia,victoria-bc,999995.0,4.0,3.0,1510.0,Townhouse
British Columbia,victoria-bc,439000.0,1.0,1.0,614.0,Apt/Condo
British Columbia,victoria-bc,383000.0,1.0,1.0,626.0,Apt/Condo
British Columbia,victoria-bc,974500.0,2.0,2.0,852.0,Apt/Condo
British Columbia,victoria-bc,1050000.0,3.0,2.0,1100.0,House
British Columbia,victoria-bc,595000.0,2.0,1.0,805.0,Apt/Condo
British Columbia,victoria-bc,774900.0,3.0,2.0,1340.0,House
British Columbia,victoria-bc,599000.0,0.0,1.0,540.0,Apt/Condo
British Columbia,victoria-bc,724900.0,2.0,2.0,1080.0,Apt/Condo
British Columbia,victoria-bc,759900.0,2.0,3.0,1112.0,Townhouse
British Columbia,victoria-bc,879900.0,3.0,3.0,1346.0,Townhouse
British Columbia,victoria-bc,999900.0,4.0,4.0,1649.0,Townhouse
British Columbia,victoria-bc,3950000.0,2.0,4.0,4155.0,Apt/Condo
British Columbia,victoria-bc,749500.0,2.0,2.0,1227.0,Apt/Condo
British Columbia,victoria-bc,1475000.0,4.0,4.0,2652.0,
British Columbia,victoria-bc,2599000.0,4.0,4.0,3385.0,
British Columbia,victoria-bc,434000.0,2.0,1.0,755.0,
British Columbia,victoria-bc,1540000.0,3.0,2.0,1507.0,Apt/Condo
British Columbia,victoria-bc,455000.0,1.0,1.0,455.0,Apt/Condo
British Columbia,victoria-bc,499000.0,1.0,1.0,550.0,Apt/Condo
British Columbia,victoria-bc,875000.0,0.0,0.0,,Land/Lot
British Columbia,victoria-bc,382500.0,1.0,1.0,612.0,Apt/Condo
British Columbia,victoria-bc,399900.0,1.0,1.0,486.0,Apt/Condo
British Columbia,victoria-bc,799500.0,2.0,1.0,807.0,Apt/Condo
British Columbia,victoria-bc,499900.0,3.0,2.0,1543.0,House
British Columbia,victoria-bc,1649000.0,3.0,4.0,2291.0,Duplex
British Columbia,victoria-bc,499000.0,1.0,1.0,571.0,Apt/Condo
British Columbia,victoria-bc,399000.0,0.0,1.0,353.0,Apt/Condo
British Columbia,victoria-bc,465000.0,2.0,2.0,880.0,Apt/Condo
British Columbia,victoria-bc,1399000.0,5.0,4.0,2161.0,House
British Columbia,victoria-bc,479900.0,1.0,1.0,539.0,Apt/Condo
British Columbia,victoria-bc,800000.0,3.0,3.0,1616.0,Townhouse
British Columbia,victoria-bc,1375000.0,3.0,3.0,1729.0,Apt/Condo
British Columbia,victoria-bc,739000.0,2.0,1.0,790.0,Apt/Condo
British Columbia,victoria-bc,848888.0,2.0,2.0,930.0,Apt/Condo
British Columbia,victoria-bc,349000.0,0.0,1.0,473.0,Apt/Condo
British Columbia,victoria-bc,565000.0,1.0,1.0,615.0,Apt/Condo
British Columbia,victoria-bc,1318900.0,2.0,2.0,1075.0,Apt/Condo
British Columbia,victoria-bc,1475000.0,4.0,4.0,2652.0,
British Columbia,victoria-bc,2599000.0,4.0,4.0,3385.0,
British Columbia,victoria-bc,434000.0,2.0,1.0,755.0,
British Columbia,victoria-bc,1036900.0,2.0,2.0,878.0,Apt/Condo
British Columbia,victoria-bc,849000.0,3.0,3.0,1152.0,Townhouse
British Columbia,victoria-bc,789900.0,1.0,1.0,656.0,Apt/Condo
British Columbia,victoria-bc,834900.0,1.0,1.0,708.0,Apt/Condo
British Columbia,victoria-bc,699000.0,2.0,3.0,1173.0,Apt/Condo
British Columbia,victoria-bc,657500.0,2.0,2.0,862.0,Apt/Condo
British Columbia,victoria-bc,825000.0,2.0,2.0,796.0,Apt/Condo
British Columbia,victoria-bc,1498000.0,6.0,4.0,2798.0,Fourplex
British Columbia,victoria-bc,1399000.0,3.0,2.0,1123.0,Townhouse
British Columbia,victoria-bc,1349000.0,3.0,2.0,1163.0,Townhouse
British Columbia,victoria-bc,1999900.0,2.0,3.0,1630.0,Apt/Condo
British Columbia,victoria-bc,1125000.0,0.0,0.0,,Land/Lot
British Columbia,victoria-bc,60000.0,1.0,1.0,534.0,Apt/Condo
British Columbia,victoria-bc,449000.0,1.0,1.0,445.0,Apt/Condo
British Columbia,victoria-bc,1985000.0,0.0,,,Land/Lot
British Columbia,victoria-bc,524999.0,1.0,1.0,475.0,Apt/Condo
British Columbia,victoria-bc,895000.0,3.0,3.0,2337.0,Townhouse
British Columbia,victoria-bc,1250000.0,2.0,2.0,1036.0,Apt/Condo
British Columbia,victoria-bc,475000.0,2.0,2.0,947.0,Apt/Condo
British Columbia,victoria-bc,949000.0,4.0,2.0,1901.0,House
British Columbia,victoria-bc,607500.0,2.0,2.0,860.0,Apt/Condo
British Columbia,victoria-bc,1475000.0,4.0,4.0,2652.0,
British Columbia,victoria-bc,2599000.0,4.0,4.0,3385.0,
British Columbia,victoria-bc,434000.0,2.0,1.0,755.0,
British Columbia,victoria-bc,514000.0,2.0,2.0,879.0,Apt/Condo
British Columbia,victoria-bc,2599000.0,4.0,4.0,3385.0,House
British Columbia,victoria-bc,1195000.0,2.0,2.0,1018.0,Apt/Condo
British Columbia,victoria-bc,599900.0,2.0,2.0,1253.0,Apt/Condo
British Columbia,victoria-bc,1349999.0,2.0,,1438.0,Apt/Condo
British Columbia,victoria-bc,319000.0,0.0,1.0,310.0,Apt/Condo
British Columbia,victoria-bc,480000.0,1.0,1.0,543.0,Apt/Condo
British Columbia,victoria-bc,199900.0,1.0,1.0,680.0,Apt/Condo
British Columbia,victoria-bc,679000.0,2.0,1.0,783.0,Apt/Condo
British Columbia,victoria-bc,598500.0,1.0,1.0,654.0,Apt/Condo
British Columbia,victoria-bc,699000.0,2.0,2.0,820.0,House
British Columbia,victoria-bc,549000.0,1.0,1.0,624.0,Apt/Condo
British Columbia,victoria-bc,335000.0,2.0,1.0,865.0,Apt/Condo
British Columbia,victoria-bc,2989000.0,2.0,3.0,2912.0,Apt/Condo
British Columbia,victoria-bc,1500000.0,0.0,0.0,,Land/Lot
British Columbia,victoria-bc,998000.0,2.0,2.0,1007.0,Apt/Condo
British Columbia,victoria-bc,1499000.0,4.0,4.0,3957.0,Fourplex
British Columbia,victoria-bc,447000.0,1.0,1.0,545.0,Apt/Condo
British Columbia,victoria-bc,999000.0,3.0,2.0,1892.0,House
British Columbia,victoria-bc,679999.0,2.0,2.0,1093.0,Townhouse
British Columbia,victoria-bc,649900.0,2.0,1.0,874.0,Apt/Condo
British Columbia,victoria-bc,1475000.0,4.0,4.0,2652.0,
British Columbia,victoria-bc,2599000.0,4.0,4.0,3385.0,
British Columbia,victoria-bc,434000.0,2.0,1.0,755.0,
British Columbia,victoria-bc,579900.0,1.0,1.0,606.0,Apt/Condo
British Columbia,victoria-bc,2599000.0,4.0,4.0,3385.0,House
British Columbia,victoria-bc,669900.0,2.0,2.0,1109.0,Apt/Condo
British Columbia,victoria-bc,929000.0,3.0,2.0,1342.0,House
British Columbia,victoria-bc,468000.0,1.0,1.0,536.0,Apt/Condo
British Columbia,victoria-bc,3650000.0,3.0,2.0,2236.0,Apt/Condo
British Columbia,victoria-bc,549000.0,2.0,1.0,626.0,House
British Columbia,victoria-bc,2750000.0,0.0,,,Multifamily
British Columbia,victoria-bc,1095000.0,2.0,2.0,1210.0,Apt/Condo
British Columbia,victoria-bc,1150000.0,0.0,2.0,2299.0,House
British Columbia,victoria-bc,2199900.0,0.0,,,Multifamily
British Columbia,victoria-bc,1475000.0,4.0,4.0,2652.0,
British Columbia,victoria-bc,2599000.0,4.0,4.0,3385.0,
British Columbia,victoria-bc,434000.0,2.0,1.0,755.0,
British Columbia,nanaimo-bc,1375000.0,4.0,4.0,3656.0,House
British Columbia,nanaimo-bc,595000.0,0.0,0.0,,Land/Lot
British Columbia,nanaimo-bc,489900.0,3.0,2.0,1514.0,Mfd/Mobile Home
British Columbia,nanaimo-bc,2495900.0,5.0,8.0,5107.0,House
British Columbia,nanaimo-bc,449900.0,2.0,2.0,1014.0,Townhouse
British Columbia,nanaimo-bc,929900.0,7.0,4.0,3425.0,House
British Columbia,nanaimo-bc,1079900.0,5.0,4.0,2761.0,House
British Columbia,nanaimo-bc,609000.0,4.0,2.0,1794.0,House
British Columbia,nanaimo-bc,699000.0,3.0,3.0,1500.0,House
British Columbia,nanaimo-bc,550000.0,2.0,2.0,1045.0,Apt/Condo
British Columbia,nanaimo-bc,13500000.0,0.0,,,Multifamily
British Columbia,nanaimo-bc,337000.0,2.0,1.0,881.0,Apt/Condo
British Columbia,nanaimo-bc,749900.0,4.0,3.0,2536.0,House
British Columbia,nanaimo-bc,425000.0,3.0,1.0,1075.0,Mfd/Mobile Home
British Columbia,nanaimo-bc,1119000.0,3.0,3.0,2520.0,House
British Columbia,nanaimo-bc,969900.0,5.0,4.0,2505.0,House
British Columbia,nanaimo-bc,1300000.0,0.0,0.0,,Land/Lot
British Columbia,nanaimo-bc,969900.0,4.0,3.0,2535.0,House
British Columbia,nanaimo-bc,1545500.0,5.0,6.0,2955.0,House
British Columbia,nanaimo-bc,400000.0,2.0,2.0,1349.0,Townhouse
British Columbia,nanaimo-bc,3500000.0,4.0,3.0,3418.0,House
British Columbia,nanaimo-bc,349900.0,1.0,1.0,906.0,
British Columbia,nanaimo-bc,1499900.0,4.0,2.0,1752.0,
British Columbia,nanaimo-bc,825000.0,3.0,2.0,1415.0,
British Columbia,nanaimo-bc,515000.0,2.0,1.0,893.0,House
British Columbia,nanaimo-bc,569900.0,2.0,2.0,1190.0,Townhouse
British Columbia,nanaimo-bc,439900.0,2.0,2.0,1242.0,Mfd/Mobile Home
British Columbia,nanaimo-bc,319900.0,2.0,2.0,918.0,Mfd/Mobile Home
British Columbia,nanaimo-bc,714999.0,6.0,6.0,2451.0,House
British Columbia,nanaimo-bc,450000.0,3.0,2.0,1336.0,Townhouse
British Columbia,nanaimo-bc,1499900.0,4.0,2.0,1752.0,House
British Columbia,nanaimo-bc,1177700.0,6.0,4.0,3152.0,House
British Columbia,nanaimo-bc,1184900.0,6.0,4.0,3170.0,House
British Columbia,nanaimo-bc,399900.0,1.0,2.0,851.0,Apt/Condo
British Columbia,nanaimo-bc,929000.0,5.0,4.0,2779.0,House
British Columbia,nanaimo-bc,929000.0,5.0,4.0,2779.0,House
British Columbia,nanaimo-bc,789900.0,3.0,2.0,1420.0,House
British Columbia,nanaimo-bc,619000.0,2.0,2.0,1435.0,Townhouse
British Columbia,nanaimo-bc,595000.0,0.0,0.0,,Land/Lot
British Columbia,nanaimo-bc,340000.0,2.0,1.0,788.0,Apt/Condo
British Columbia,nanaimo-bc,275000.0,2.0,1.0,718.0,Apt/Condo
British Columbia,nanaimo-bc,515000.0,3.0,2.0,1532.0,Mfd/Mobile Home
British Columbia,nanaimo-bc,870000.0,5.0,3.0,1917.0,House
British Columbia,nanaimo-bc,499900.0,1.0,1.0,787.0,Apt/Condo
British Columbia,nanaimo-bc,569900.0,2.0,2.0,1190.0,Townhouse
British Columbia,nanaimo-bc,349900.0,1.0,1.0,906.0,
British Columbia,nanaimo-bc,1499900.0,4.0,2.0,1752.0,
British Columbia,nanaimo-bc,825000.0,3.0,2.0,1415.0,
British Columbia,nanaimo-bc,950000.0,3.0,3.0,2800.0,Townhouse
British Columbia,nanaimo-bc,569900.0,2.0,2.0,1190.0,Townhouse
British Columbia,nanaimo-bc,578900.0,2.0,2.0,1072.0,Apt/Condo
British Columbia,nanaimo-bc,734900.0,3.0,3.0,1785.0,House
British Columbia,nanaimo-bc,1080000.0,3.0,1.0,1100.0,House
British Columbia,nanaimo-bc,429900.0,3.0,2.0,1026.0,Townhouse
British Columbia,nanaimo-bc,1198000.0,6.0,5.0,4404.0,House
British Columbia,nanaimo-bc,1350000.0,4.0,4.0,3705.0,House
British Columbia,nanaimo-bc,700000.0,3.0,2.0,1242.0,Apt/Condo
British Columbia,nanaimo-bc,2500.0,0.0,,,Land/Lot
British Columbia,nanaimo-bc,1675000.0,5.0,4.0,3080.0,House
British Columbia,nanaimo-bc,295000.0,1.0,1.0,687.0,Apt/Condo
British Columbia,nanaimo-bc,729999.0,4.0,3.0,2030.0,House
British Columbia,nanaimo-bc,685000.0,2.0,2.0,1389.0,Townhouse
British Columbia,nanaimo-bc,1098000.0,5.0,3.0,2835.0,House
British Columbia,nanaimo-bc,688888.0,3.0,2.0,1348.0,House
British Columbia,nanaimo-bc,1150000.0,3.0,3.0,2847.0,Duplex
British Columbia,nanaimo-bc,995000.0,4.0,3.0,2163.0,House
British Columbia,nanaimo-bc,539900.0,2.0,2.0,1149.0,Apt/Condo
British Columbia,nanaimo-bc,579900.0,2.0,2.0,1206.0,Townhouse
British Columbia,nanaimo-bc,879000.0,6.0,3.0,2196.0,House
British Columbia,nanaimo-bc,349900.0,1.0,1.0,906.0,
British Columbia,nanaimo-bc,1499900.0,4.0,2.0,1752.0,
British Columbia,nanaimo-bc,825000.0,3.0,2.0,1415.0,
British Columbia,nanaimo-bc,999000.0,3.0,2.0,1614.0,House
British Columbia,nanaimo-bc,595000.0,0.0,0.0,,Land/Lot
British Columbia,nanaimo-bc,1299000.0,2.0,2.0,1472.0,House
British Columbia,nanaimo-bc,979900.0,4.0,4.0,2496.0,House
British Columbia,nanaimo-bc,1379900.0,6.0,4.0,3230.0,House
British Columbia,nanaimo-bc,699900.0,3.0,2.0,1964.0,House
British Columbia,nanaimo-bc,1099990.0,4.0,3.0,2820.0,House
British Columbia,nanaimo-bc,789900.0,3.0,3.0,2183.0,House
British Columbia,nanaimo-bc,349900.0,1.0,1.0,906.0,Townhouse
British Columbia,nanaimo-bc,669000.0,3.0,2.0,1436.0,House
British Columbia,nanaimo-bc,679900.0,3.0,2.0,1456.0,House
British Columbia,nanaimo-bc,979900.0,5.0,3.0,2320.0,House
British Columbia,nanaimo-bc,349900.0,3.0,2.0,1188.0,Mfd/Mobile Home
British Columbia,nanaimo-bc,950000.0,2.0,2.0,1808.0,Apt/Condo
British Columbia,nanaimo-bc,459000.0,2.0,1.0,942.0,Mfd/Mobile Home
British Columbia,nanaimo-bc,814900.0,4.0,3.0,2189.0,House
British Columbia,nanaimo-bc,429900.0,1.0,2.0,759.0,Apt/Condo
British Columbia,nanaimo-bc,619900.0,2.0,2.0,1378.0,Townhouse
British Columbia,nanaimo-bc,449900.0,0.0,0.0,,Land/Lot
British Columbia,nanaimo-bc,1999900.0,3.0,4.0,3596.0,House
British Columbia,nanaimo-bc,398000.0,2.0,1.0,1067.0,Townhouse
British Columbia,nanaimo-bc,349900.0,1.0,1.0,906.0,
British Columbia,nanaimo-bc,1499900.0,4.0,2.0,1752.0,
British Columbia,nanaimo-bc,825000.0,3.0,2.0,1415.0,
British Columbia,nanaimo-bc,749999.0,5.0,3.0,2318.0,Duplex
British Columbia,nanaimo-bc,569900.0,2.0,2.0,1190.0,Townhouse
British Columbia,nanaimo-bc,249900.0,0.0,0.0,,Land/Lot
British Columbia,nanaimo-bc,529000.0,2.0,2.0,1308.0,Apt/Condo
British Columbia,nanaimo-bc,2657000.0,5.0,6.0,3911.0,House
British Columbia,nanaimo-bc,679000.0,4.0,2.0,1888.0,House
British Columbia,nanaimo-bc,825000.0,3.0,3.0,2096.0,House
British Columbia,nanaimo-bc,825000.0,3.0,2.0,1415.0,House
British Columbia,nanaimo-bc,899900.0,3.0,2.0,2320.0,House
British Columbia,nanaimo-bc,849000.0,3.0,3.0,2218.0,House
British Columbia,nanaimo-bc,249900.0,0.0,0.0,,Land/Lot
British Columbia,nanaimo-bc,840000.0,5.0,4.0,2523.0,House
British Columbia,nanaimo-bc,489900.0,3.0,1.0,1117.0,Apt/Condo
British Columbia,nanaimo-bc,479000.0,0.0,0.0,,Land/Lot
British Columbia,nanaimo-bc,1099000.0,6.0,4.0,2744.0,House
British Columbia,nanaimo-bc,1190000.0,2.0,2.0,1135.0,House
British Columbia,nanaimo-bc,439900.0,2.0,1.0,858.0,Apt/Condo
British Columbia,nanaimo-bc,1075000.0,2.0,2.0,1010.0,Apt/Condo
British Columbia,nanaimo-bc,855000.0,0.0,0.0,,Land/Lot
British Columbia,nanaimo-bc,1598000.0,4.0,3.0,3289.0,House
British Columbia,nanaimo-bc,799000.0,3.0,3.0,2436.0,House
British Columbia,nanaimo-bc,349900.0,1.0,1.0,906.0,
British Columbia,nanaimo-bc,1499900.0,4.0,2.0,1752.0,
British Columbia,nanaimo-bc,825000.0,3.0,2.0,1415.0,
British Columbia,nanaimo-bc,850000.0,8.0,5.0,3467.0,House
British Columbia,nanaimo-bc,569900.0,2.0,2.0,1190.0,Townhouse
British Columbia,nanaimo-bc,2499900.0,3.0,1.0,1060.0,House
British Columbia,nanaimo-bc,2499000.0,0.0,,,Multifamily
British Columbia,nanaimo-bc,1549000.0,3.0,3.0,3032.0,House
British Columbia,nanaimo-bc,499000.0,1.0,2.0,922.0,Apt/Condo
British Columbia,nanaimo-bc,2999900.0,5.0,4.0,4203.0,House
British Columbia,nanaimo-bc,356900.0,0.0,0.0,,Land/Lot
British Columbia,nanaimo-bc,359000.0,0.0,0.0,,Land/Lot
British Columbia,nanaimo-bc,2200000.0,6.0,5.0,3330.0,House
British Columbia,nanaimo-bc,250000.0,0.0,0.0,,Land/Lot
British Columbia,nanaimo-bc,659000.0,0.0,0.0,,Land/Lot
British Columbia,nanaimo-bc,269900.0,0.0,0.0,,Land/Lot
British Columbia,nanaimo-bc,475000.0,3.0,1.0,1029.0,Mfd/Mobile Home
British Columbia,nanaimo-bc,10998000.0,0.0,0.0,,Land/Lot
British Columbia,nanaimo-bc,670000.0,2.0,2.0,1386.0,Apt/Condo
British Columbia,nanaimo-bc,1149900.0,4.0,4.0,3450.0,House
British Columbia,nanaimo-bc,899900.0,6.0,3.0,2378.0,House
British Columbia,nanaimo-bc,599900.0,3.0,1.0,1014.0,House
British Columbia,nanaimo-bc,900000.0,4.0,2.0,2398.0,House
British Columbia,nanaimo-bc,575000.0,2.0,2.0,1202.0,Apt/Condo
British Columbia,nanaimo-bc,349900.0,1.0,1.0,906.0,
British Columbia,nanaimo-bc,1499900.0,4.0,2.0,1752.0,
British Columbia,nanaimo-bc,825000.0,3.0,2.0,1415.0,
British Columbia,nanaimo-bc,769900.0,4.0,3.0,1943.0,House
British Columbia,nanaimo-bc,609000.0,4.0,2.0,1794.0,House
British Columbia,nanaimo-bc,1275000.0,6.0,4.0,3270.0,House
British Columbia,nanaimo-bc,275000.0,1.0,1.0,715.0,Apt/Condo
British Columbia,nanaimo-bc,799900.0,0.0,0.0,,Land/Lot
British Columbia,nanaimo-bc,634900.0,3.0,3.0,1983.0,Townhouse
British Columbia,nanaimo-bc,899900.0,3.0,2.0,1958.0,House
British Columbia,nanaimo-bc,839900.0,3.0,3.0,1923.0,House
British Columbia,nanaimo-bc,998900.0,4.0,3.0,2155.0,House
British Columbia,nanaimo-bc,499000.0,2.0,2.0,1129.0,Apt/Condo
British Columbia,nanaimo-bc,325000.0,2.0,1.0,870.0,Apt/Condo
British Columbia,nanaimo-bc,895000.0,3.0,2.0,1606.0,House
British Columbia,nanaimo-bc,1449900.0,3.0,3.0,2192.0,House
British Columbia,nanaimo-bc,1595000.0,5.0,3.0,2860.0,House
British Columbia,nanaimo-bc,889900.0,4.0,2.0,1911.0,House
British Columbia,nanaimo-bc,649900.0,3.0,3.0,1102.0,House
British Columbia,nanaimo-bc,595000.0,0.0,0.0,,Land/Lot
British Columbia,nanaimo-bc,999998.0,4.0,4.0,2605.0,House
British Columbia,nanaimo-bc,965000.0,2.0,2.0,1709.0,Apt/Condo
British Columbia,nanaimo-bc,1190000.0,4.0,3.0,3419.0,House
British Columbia,nanaimo-bc,2499900.0,5.0,2.0,1485.0,House
British Columbia,nanaimo-bc,349900.0,1.0,1.0,906.0,
British Columbia,nanaimo-bc,1499900.0,4.0,2.0,1752.0,
British Columbia,nanaimo-bc,825000.0,3.0,2.0,1415.0,
British Columbia,nanaimo-bc,1699900.0,4.0,2.0,1560.0,House
British Columbia,nanaimo-bc,609000.0,4.0,2.0,1794.0,House
British Columbia,nanaimo-bc,2290000.0,4.0,5.0,4109.0,House
British Columbia,nanaimo-bc,699900.0,0.0,0.0,,Land/Lot
British Columbia,nanaimo-bc,745000.0,0.0,0.0,,Land/Lot
British Columbia,nanaimo-bc,1025000.0,5.0,4.0,2799.0,House
British Columbia,nanaimo-bc,735000.0,3.0,2.0,1176.0,House
British Columbia,nanaimo-bc,510000.0,2.0,2.0,965.0,Apt/Condo
British Columbia,nanaimo-bc,1688000.0,2.0,2.0,1120.0,House
British Columbia,nanaimo-bc,724900.0,3.0,3.0,1441.0,Townhouse
British Columbia,nanaimo-bc,299900.0,3.0,2.0,958.0,Mfd/Mobile Home
British Columbia,nanaimo-bc,788000.0,3.0,2.0,1401.0,House
British Columbia,nanaimo-bc,495000.0,3.0,2.0,1293.0,Townhouse
British Columbia,nanaimo-bc,789000.0,2.0,2.0,1067.0,Apt/Condo
British Columbia,nanaimo-bc,899900.0,3.0,4.0,2040.0,Duplex
British Columbia,nanaimo-bc,799900.0,3.0,2.0,1612.0,Townhouse
British Columbia,nanaimo-bc,388000.0,0.0,0.0,,Land/Lot
British Columbia,nanaimo-bc,934900.0,5.0,2.0,2330.0,House
British Columbia,nanaimo-bc,1298000.0,4.0,4.0,3327.0,House
British Columbia,nanaimo-bc,994900.0,4.0,3.0,2360.0,House
British Columbia,nanaimo-bc,899900.0,4.0,1.0,1865.0,House
British Columbia,nanaimo-bc,349900.0,1.0,1.0,906.0,
British Columbia,nanaimo-bc,1499900.0,4.0,2.0,1752.0,
British Columbia,nanaimo-bc,825000.0,3.0,2.0,1415.0,
British Columbia,nanaimo-bc,1099900.0,0.0,1.0,,Land/Lot
British Columbia,nanaimo-bc,609000.0,4.0,2.0,1794.0,House
British Columbia,nanaimo-bc,799000.0,3.0,2.0,1963.0,House
British Columbia,nanaimo-bc,700000.0,4.0,2.0,2268.0,House
British Columbia,nanaimo-bc,749900.0,3.0,2.0,1516.0,House
British Columbia,nanaimo-bc,284900.0,2.0,1.0,856.0,Apt/Condo
British Columbia,nanaimo-bc,289000.0,2.0,1.0,715.0,Apt/Condo
British Columbia,nanaimo-bc,899000.0,2.0,2.0,1319.0,House
British Columbia,nanaimo-bc,1050000.0,6.0,4.0,2639.0,House
British Columbia,nanaimo-bc,1050000.0,6.0,4.0,2639.0,House
British Columbia,nanaimo-bc,784900.0,3.0,2.0,1850.0,House
British Columbia,nanaimo-bc,679900.0,3.0,3.0,1582.0,House
British Columbia,nanaimo-bc,695000.0,3.0,1.0,1371.0,House
British Columbia,nanaimo-bc,8900000.0,0.0,0.0,,Land/Lot
British Columbia,nanaimo-bc,764900.0,3.0,3.0,1834.0,House
British Columbia,nanaimo-bc,189900.0,2.0,2.0,1080.0,Mfd/Mobile Home
British Columbia,nanaimo-bc,800000.0,8.0,2.0,2352.0,House
British Columbia,nanaimo-bc,415500.0,1.0,1.0,687.0,Apt/Condo
British Columbia,nanaimo-bc,600000.0,3.0,3.0,1770.0,Duplex
British Columbia,nanaimo-bc,974900.0,3.0,3.0,2540.0,House
British Columbia,nanaimo-bc,785000.0,3.0,2.0,1564.0,House
British Columbia,nanaimo-bc,349900.0,1.0,1.0,906.0,
British Columbia,nanaimo-bc,1499900.0,4.0,2.0,1752.0,
British Columbia,nanaimo-bc,825000.0,3.0,2.0,1415.0,
British Columbia,nanaimo-bc,470000.0,3.0,2.0,1106.0,Townhouse
British Columbia,nanaimo-bc,595000.0,0.0,0.0,,Land/Lot
British Columbia,nanaimo-bc,759900.0,2.0,2.0,1280.0,Townhouse
British Columbia,nanaimo-bc,549000.0,2.0,2.0,1036.0,Apt/Condo
British Columbia,nanaimo-bc,515000.0,3.0,2.0,1508.0,Mfd/Mobile Home
British Columbia,nanaimo-bc,319900.0,1.0,1.0,551.0,Apt/Condo
British Columbia,nanaimo-bc,1489900.0,4.0,4.0,2642.0,House
British Columbia,nanaimo-bc,999000.0,4.0,3.0,1932.0,House
British Columbia,nanaimo-bc,499000.0,2.0,2.0,1115.0,Apt/Condo
British Columbia,nanaimo-bc,799900.0,3.0,3.0,1849.0,House
British Columbia,nanaimo-bc,669900.0,3.0,3.0,1530.0,Duplex
British Columbia,nanaimo-bc,399000.0,2.0,2.0,969.0,Apt/Condo
British Columbia,nanaimo-bc,285000.0,2.0,2.0,1190.0,Mfd/Mobile Home
British Columbia,nanaimo-bc,564990.0,3.0,2.0,1208.0,Duplex
British Columbia,nanaimo-bc,780000.0,4.0,2.0,1520.0,House
British Columbia,nanaimo-bc,619900.0,2.0,1.0,528.0,House
British Columbia,nanaimo-bc,375000.0,0.0,0.0,,Land/Lot
British Columbia,nanaimo-bc,639900.0,3.0,3.0,1425.0,Duplex
British Columbia,nanaimo-bc,1150000.0,4.0,4.0,2780.0,House
British Columbia,nanaimo-bc,315000.0,2.0,1.0,838.0,Townhouse
British Columbia,nanaimo-bc,329900.0,2.0,1.0,805.0,Apt/Condo
British Columbia,nanaimo-bc,349900.0,1.0,1.0,906.0,
British Columbia,nanaimo-bc,1499900.0,4.0,2.0,1752.0,
British Columbia,nanaimo-bc,825000.0,3.0,2.0,1415.0,
British Columbia,nanaimo-bc,675000.0,2.0,2.0,961.0,Apt/Condo
British Columbia,nanaimo-bc,569900.0,2.0,2.0,1190.0,Townhouse
British Columbia,nanaimo-bc,394900.0,2.0,2.0,944.0,Mfd/Mobile Home
British Columbia,nanaimo-bc,1299999.0,4.0,3.0,2555.0,House
British Columbia,nanaimo-bc,425000.0,4.0,2.0,1822.0,Townhouse
British Columbia,nanaimo-bc,534900.0,2.0,2.0,1003.0,Apt/Condo
British Columbia,nanaimo-bc,529900.0,3.0,2.0,1277.0,Townhouse
British Columbia,nanaimo-bc,1198000.0,4.0,3.0,3361.0,House
British Columbia,nanaimo-bc,999000.0,3.0,2.0,2119.0,House
British Columbia,nanaimo-bc,60000.0,2.0,1.0,672.0,Mfd/Mobile Home
British Columbia,nanaimo-bc,409000.0,3.0,2.0,1170.0,Townhouse
British Columbia,nanaimo-bc,589000.0,3.0,3.0,1426.0,Townhouse
British Columbia,nanaimo-bc,439000.0,2.0,2.0,1100.0,Apt/Condo
British Columbia,nanaimo-bc,729000.0,3.0,3.0,1696.0,House
British Columbia,nanaimo-bc,875000.0,4.0,2.0,2274.0,House
British Columbia,nanaimo-bc,548888.0,3.0,3.0,1340.0,Townhouse
British Columbia,nanaimo-bc,750000.0,4.0,2.0,1740.0,House
British Columbia,nanaimo-bc,769000.0,3.0,2.0,1564.0,House
British Columbia,nanaimo-bc,824900.0,4.0,3.0,2227.0,House
British Columbia,nanaimo-bc,974900.0,3.0,3.0,2252.0,House
British Columbia,nanaimo-bc,495000.0,0.0,,,Land/Lot
British Columbia,nanaimo-bc,349900.0,1.0,1.0,906.0,
British Columbia,nanaimo-bc,1499900.0,4.0,2.0,1752.0,
British Columbia,nanaimo-bc,825000.0,3.0,2.0,1415.0,
British Columbia,nanaimo-bc,590000.0,2.0,3.0,1876.0,Townhouse
British Columbia,nanaimo-bc,609000.0,4.0,2.0,1794.0,House
British Columbia,nanaimo-bc,675000.0,4.0,2.0,1744.0,House
British Columbia,nanaimo-bc,1039000.0,4.0,3.0,3221.0,House
British Columbia,nanaimo-bc,255000.0,2.0,1.0,1236.0,Mfd/Mobile Home
British Columbia,nanaimo-bc,899000.0,0.0,,,Land/Lot
British Columbia,nanaimo-bc,1449900.0,6.0,5.0,2927.0,House
British Columbia,nanaimo-bc,1065000.0,5.0,3.0,2796.0,House
British Columbia,nanaimo-bc,774900.0,4.0,3.0,1943.0,Duplex
British Columbia,nanaimo-bc,889900.0,3.0,2.0,1375.0,House
British Columbia,nanaimo-bc,489000.0,2.0,1.0,757.0,Duplex
British Columbia,nanaimo-bc,418000.0,2.0,1.0,930.0,Mfd/Mobile Home
British Columbia,nanaimo-bc,595000.0,2.0,1.0,1021.0,Apt/Condo
British Columbia,nanaimo-bc,534900.0,3.0,2.0,1094.0,Townhouse
British Columbia,nanaimo-bc,579900.0,2.0,2.0,936.0,Apt/Condo
British Columbia,nanaimo-bc,699000.0,0.0,0.0,,Land/Lot
British Columbia,nanaimo-bc,395000.0,3.0,2.0,1160.0,Townhouse
British Columbia,nanaimo-bc,559000.0,2.0,1.0,1000.0,House
British Columbia,nanaimo-bc,1199000.0,8.0,4.0,3358.0,House
British Columbia,nanaimo-bc,495000.0,0.0,,,Land/Lot
British Columbia,nanaimo-bc,885000.0,5.0,3.0,1996.0,House
British Columbia,nanaimo-bc,349900.0,1.0,1.0,906.0,
British Columbia,nanaimo-bc,1499900.0,4.0,2.0,1752.0,
British Columbia,nanaimo-bc,825000.0,3.0,2.0,1415.0,
British Columbia,nanaimo-bc,579900.0,2.0,2.0,990.0,Apt/Condo
British Columbia,nanaimo-bc,609000.0,4.0,2.0,1794.0,House
British Columbia,nanaimo-bc,395000.0,2.0,1.0,900.0,Apt/Condo
British Columbia,nanaimo-bc,799900.0,3.0,2.0,1363.0,House
British Columbia,nanaimo-bc,749900.0,5.0,3.0,2361.0,House
British Columbia,nanaimo-bc,1461000.0,4.0,3.0,2215.0,House
British Columbia,nanaimo-bc,249000.0,1.0,1.0,680.0,Apt/Condo
British Columbia,nanaimo-bc,799900.0,3.0,3.0,2150.0,House
British Columbia,nanaimo-bc,648000.0,2.0,2.0,1419.0,Townhouse
British Columbia,nanaimo-bc,1445000.0,10.0,4.0,4740.0,Fourplex
British Columbia,nanaimo-bc,437500.0,2.0,1.0,1101.0,Apt/Condo
British Columbia,nanaimo-bc,959900.0,5.0,4.0,2814.0,House
British Columbia,nanaimo-bc,414999.0,2.0,2.0,913.0,Apt/Condo
British Columbia,nanaimo-bc,840000.0,5.0,3.0,2294.0,House
British Columbia,nanaimo-bc,1750000.0,0.0,0.0,,Land/Lot
British Columbia,nanaimo-bc,909000.0,4.0,3.0,3149.0,House
British Columbia,nanaimo-bc,224900.0,2.0,1.0,608.0,Mfd/Mobile Home
British Columbia,nanaimo-bc,3950000.0,0.0,,,Land/Lot
British Columbia,nanaimo-bc,549000.0,2.0,2.0,932.0,House
British Columbia,nanaimo-bc,699900.0,3.0,3.0,2231.0,Townhouse
British Columbia,nanaimo-bc,669000.0,3.0,2.0,1747.0,House
British Columbia,nanaimo-bc,349900.0,1.0,1.0,906.0,
British Columbia,nanaimo-bc,1499900.0,4.0,2.0,1752.0,
British Columbia,nanaimo-bc,825000.0,3.0,2.0,1415.0,
British Columbia,nanaimo-bc,849900.0,4.0,2.0,2044.0,House
British Columbia,nanaimo-bc,595000.0,0.0,0.0,,Land/Lot
British Columbia,nanaimo-bc,299900.0,2.0,1.0,791.0,Apt/Condo
British Columbia,nanaimo-bc,819000.0,3.0,3.0,2019.0,House
British Columbia,nanaimo-bc,1475000.0,5.0,2.0,2381.0,House
British Columbia,nanaimo-bc,350000.0,0.0,0.0,,Land/Lot
British Columbia,nanaimo-bc,309900.0,1.0,1.0,455.0,Apt/Condo
British Columbia,nanaimo-bc,220000.0,3.0,2.0,1177.0,Mfd/Mobile Home
British Columbia,nanaimo-bc,719000.0,3.0,2.0,1950.0,House
British Columbia,nanaimo-bc,969900.0,3.0,3.0,2083.0,House
British Columbia,nanaimo-bc,249900.0,2.0,2.0,1368.0,Mfd/Mobile Home
British Columbia,nanaimo-bc,749900.0,3.0,2.0,1153.0,House
British Columbia,nanaimo-bc,519500.0,3.0,2.0,1454.0,Townhouse
British Columbia,nanaimo-bc,1099000.0,3.0,3.0,2356.0,House
British Columbia,nanaimo-bc,774900.0,3.0,3.0,1441.0,Townhouse
British Columbia,nanaimo-bc,824900.0,3.0,3.0,1441.0,Townhouse
British Columbia,nanaimo-bc,1385000.0,4.0,3.0,2185.0,House
British Columbia,nanaimo-bc,799900.0,3.0,3.0,1441.0,Townhouse
British Columbia,nanaimo-bc,575000.0,2.0,2.0,1119.0,Townhouse
British Columbia,nanaimo-bc,929000.0,4.0,3.0,2114.0,House
British Columbia,nanaimo-bc,1300000.0,4.0,4.0,2915.0,Duplex
British Columbia,nanaimo-bc,349900.0,1.0,1.0,906.0,
British Columbia,nanaimo-bc,1499900.0,4.0,2.0,1752.0,
British Columbia,nanaimo-bc,825000.0,3.0,2.0,1415.0,
British Columbia,nanaimo-bc,799000.0,4.0,2.0,2148.0,House
British Columbia,nanaimo-bc,609000.0,4.0,2.0,1794.0,House
British Columbia,nanaimo-bc,1300000.0,3.0,4.0,2926.0,Duplex
British Columbia,nanaimo-bc,879000.0,2.0,2.0,1528.0,Townhouse
British Columbia,nanaimo-bc,589000.0,4.0,3.0,1726.0,Townhouse
British Columbia,nanaimo-bc,1289900.0,4.0,4.0,2863.0,House
British Columbia,nanaimo-bc,295000.0,2.0,2.0,1329.0,Mfd/Mobile Home
British Columbia,nanaimo-bc,569900.0,2.0,2.0,950.0,Apt/Condo
British Columbia,nanaimo-bc,1100000.0,4.0,3.0,3456.0,House
British Columbia,nanaimo-bc,285000.0,2.0,2.0,1311.0,Mfd/Mobile Home
British Columbia,nanaimo-bc,499000.0,2.0,3.0,1300.0,Townhouse
British Columbia,nanaimo-bc,759000.0,3.0,2.0,1619.0,House
British Columbia,nanaimo-bc,339000.0,2.0,1.0,789.0,Apt/Condo
British Columbia,nanaimo-bc,1249900.0,4.0,4.0,2937.0,House
British Columbia,nanaimo-bc,475000.0,0.0,0.0,,Land/Lot
British Columbia,nanaimo-bc,475000.0,0.0,0.0,,Land/Lot
British Columbia,nanaimo-bc,399000.0,2.0,1.0,708.0,House
British Columbia,nanaimo-bc,424900.0,2.0,2.0,1180.0,Apt/Condo
British Columbia,nanaimo-bc,639900.0,2.0,3.0,1551.0,Townhouse
British Columbia,nanaimo-bc,459000.0,1.0,1.0,682.0,Apt/Condo
British Columbia,nanaimo-bc,975000.0,4.0,3.0,2227.0,House
British Columbia,nanaimo-bc,349900.0,1.0,1.0,906.0,
British Columbia,nanaimo-bc,1499900.0,4.0,2.0,1752.0,
British Columbia,nanaimo-bc,825000.0,3.0,2.0,1415.0,
British Columbia,nanaimo-bc,349900.0,1.0,1.0,647.0,Apt/Condo
British Columbia,nanaimo-bc,569900.0,2.0,2.0,1190.0,Townhouse
British Columbia,nanaimo-bc,769900.0,2.0,2.0,1341.0,Townhouse
British Columbia,nanaimo-bc,839900.0,3.0,3.0,2043.0,Townhouse
British Columbia,nanaimo-bc,1069000.0,5.0,3.0,3145.0,House
British Columbia,nanaimo-bc,739900.0,3.0,3.0,2078.0,House
British Columbia,nanaimo-bc,1750000.0,2.0,2.0,2690.0,House
British Columbia,nanaimo-bc,400000.0,1.0,1.0,779.0,Apt/Condo
British Columbia,nanaimo-bc,320000.0,2.0,1.0,817.0,Apt/Condo
British Columbia,nanaimo-bc,1998000.0,4.0,3.0,3218.0,House
British Columbia,nanaimo-bc,1125800.0,5.0,4.0,2574.0,House
British Columbia,nanaimo-bc,459900.0,2.0,2.0,1248.0,Mfd/Mobile Home
British Columbia,nanaimo-bc,850000.0,4.0,3.0,2463.0,House
British Columbia,nanaimo-bc,649900.0,4.0,2.0,2238.0,House
British Columbia,nanaimo-bc,349900.0,3.0,2.0,1730.0,Mfd/Mobile Home
British Columbia,nanaimo-bc,1725000.0,5.0,6.0,3531.0,House
British Columbia,nanaimo-bc,389900.0,0.0,0.0,,Land/Lot
British Columbia,nanaimo-bc,648000.0,2.0,2.0,1179.0,Apt/Condo
British Columbia,nanaimo-bc,199999.0,1.0,1.0,654.0,Apt/Condo
British Columbia,nanaimo-bc,869999.0,4.0,3.0,2579.0,House
British Columbia,nanaimo-bc,1299000.0,7.0,4.0,3559.0,House
British Columbia,nanaimo-bc,349900.0,1.0,1.0,906.0,
British Columbia,nanaimo-bc,1499900.0,4.0,2.0,1752.0,
British Columbia,nanaimo-bc,825000.0,3.0,2.0,1415.0,
British Columbia,nanaimo-bc,629000.0,4.0,2.0,1700.0,House
British Columbia,nanaimo-bc,569900.0,2.0,2.0,1190.0,Townhouse
British Columbia,nanaimo-bc,899900.0,3.0,2.0,1839.0,House
British Columbia,nanaimo-bc,888000.0,0.0,0.0,,Land/Lot
British Columbia,nanaimo-bc,1100000.0,3.0,3.0,2583.0,House
British Columbia,nanaimo-bc,699000.0,4.0,3.0,2134.0,House
British Columbia,nanaimo-bc,249500.0,2.0,1.0,840.0,Mfd/Mobile Home
British Columbia,nanaimo-bc,415000.0,1.0,1.0,691.0,Apt/Condo
British Columbia,nanaimo-bc,729000.0,5.0,2.0,1634.0,House
British Columbia,nanaimo-bc,1129000.0,3.0,2.0,1604.0,House
British Columbia,nanaimo-bc,879000.0,3.0,2.0,1829.0,House
British Columbia,nanaimo-bc,949900.0,6.0,4.0,2441.0,House
British Columbia,nanaimo-bc,995000.0,4.0,3.0,2477.0,House
British Columbia,nanaimo-bc,849800.0,2.0,3.0,1195.0,Townhouse
British Columbia,nanaimo-bc,699000.0,0.0,0.0,,Land/Lot
British Columbia,nanaimo-bc,749900.0,3.0,3.0,1871.0,Townhouse
British Columbia,nanaimo-bc,1249000.0,3.0,3.0,2559.0,House
British Columbia,nanaimo-bc,325000.0,3.0,2.0,1152.0,Mfd/Mobile Home
British Columbia,nanaimo-bc,998900.0,3.0,3.0,2142.0,House
British Columbia,nanaimo-bc,1115000.0,3.0,2.0,1865.0,House
British Columbia,nanaimo-bc,685000.0,2.0,2.0,1237.0,Apt/Condo
British Columbia,nanaimo-bc,349900.0,1.0,1.0,906.0,
British Columbia,nanaimo-bc,1499900.0,4.0,2.0,1752.0,
British Columbia,nanaimo-bc,825000.0,3.0,2.0,1415.0,
British Columbia,nanaimo-bc,389900.0,0.0,0.0,,Land/Lot
British Columbia,nanaimo-bc,609000.0,4.0,2.0,1794.0,House
British Columbia,nanaimo-bc,950000.0,6.0,3.0,2814.0,House
British Columbia,nanaimo-bc,749900.0,4.0,2.0,2124.0,House
British Columbia,nanaimo-bc,699000.0,5.0,2.0,1862.0,House
British Columbia,nanaimo-bc,695000.0,3.0,3.0,1797.0,Duplex
British Columbia,nanaimo-bc,859900.0,4.0,3.0,2012.0,Townhouse
British Columbia,nanaimo-bc,1199900.0,5.0,5.0,3768.0,House
British Columbia,nanaimo-bc,419900.0,0.0,0.0,,Land/Lot
British Columbia,nanaimo-bc,770000.0,3.0,2.0,1357.0,House
British Columbia,nanaimo-bc,1450000.0,4.0,3.0,2916.0,House
British Columbia,nanaimo-bc,725000.0,3.0,3.0,1698.0,Duplex
British Columbia,nanaimo-bc,725000.0,3.0,3.0,1755.0,Duplex
British Columbia,nanaimo-bc,689900.0,4.0,3.0,2025.0,House
British Columbia,nanaimo-bc,189900.0,1.0,1.0,600.0,Mfd/Mobile Home
British Columbia,nanaimo-bc,2495000.0,6.0,5.0,2626.0,House
British Columbia,nanaimo-bc,750000.0,0.0,0.0,,Land/Lot
British Columbia,nanaimo-bc,819900.0,3.0,2.0,1960.0,House
British Columbia,nanaimo-bc,568000.0,3.0,2.0,1349.0,Townhouse
British Columbia,nanaimo-bc,355000.0,1.0,1.0,650.0,Apt/Condo
British Columbia,nanaimo-bc,1249000.0,4.0,3.0,2878.0,House
British Columbia,nanaimo-bc,349900.0,1.0,1.0,906.0,
British Columbia,nanaimo-bc,1499900.0,4.0,2.0,1752.0,
British Columbia,nanaimo-bc,825000.0,3.0,2.0,1415.0,
British Columbia,nanaimo-bc,264900.0,2.0,1.0,866.0,Mfd/Mobile Home
British Columbia,nanaimo-bc,569900.0,2.0,2.0,1190.0,Townhouse
British Columbia,nanaimo-bc,749000.0,3.0,2.0,2002.0,House
British Columbia,nanaimo-bc,1684900.0,9.0,6.0,4309.0,House
British Columbia,nanaimo-bc,724900.0,3.0,3.0,1660.0,House
British Columbia,nanaimo-bc,899900.0,4.0,3.0,2307.0,House
British Columbia,nanaimo-bc,1159900.0,6.0,4.0,3581.0,House
British Columbia,nanaimo-bc,419900.0,3.0,1.0,1308.0,Townhouse
British Columbia,nanaimo-bc,915000.0,5.0,4.0,2754.0,House
British Columbia,nanaimo-bc,599900.0,3.0,4.0,1450.0,Townhouse
British Columbia,nanaimo-bc,1149900.0,4.0,3.0,2606.0,House
British Columbia,nanaimo-bc,1349900.0,4.0,4.0,2423.0,House
British Columbia,nanaimo-bc,1248000.0,4.0,5.0,3228.0,House
British Columbia,nanaimo-bc,895000.0,5.0,3.0,2907.0,House
British Columbia,nanaimo-bc,749000.0,5.0,3.0,2107.0,Duplex
British Columbia,nanaimo-bc,699900.0,1.0,1.0,1338.0,House
British Columbia,nanaimo-bc,1175000.0,6.0,3.0,3134.0,House
British Columbia,nanaimo-bc,799000.0,5.0,3.0,2369.0,House
British Columbia,nanaimo-bc,304500.0,2.0,2.0,969.0,Mfd/Mobile Home
British Columbia,nanaimo-bc,1299000.0,0.0,0.0,,Land/Lot
British Columbia,nanaimo-bc,549000.0,3.0,2.0,1177.0,Duplex
British Columbia,nanaimo-bc,349900.0,1.0,1.0,906.0,
British Columbia,nanaimo-bc,1499900.0,4.0,2.0,1752.0,
British Columbia,nanaimo-bc,825000.0,3.0,2.0,1415.0,
British Columbia,nanaimo-bc,418000.0,2.0,2.0,1064.0,Apt/Condo
British Columbia,nanaimo-bc,569900.0,2.0,2.0,1190.0,Townhouse
British Columbia,nanaimo-bc,149000.0,2.0,1.0,699.0,Mfd/Mobile Home
British Columbia,nanaimo-bc,549000.0,2.0,2.0,1501.0,Mfd/Mobile Home
British Columbia,nanaimo-bc,768000.0,3.0,3.0,2178.0,Townhouse
British Columbia,nanaimo-bc,399900.0,3.0,2.0,1110.0,Townhouse
British Columbia,nanaimo-bc,679000.0,2.0,2.0,1554.0,Apt/Condo
British Columbia,nanaimo-bc,634900.0,3.0,3.0,2755.0,Townhouse
British Columbia,nanaimo-bc,268900.0,2.0,2.0,1476.0,Mfd/Mobile Home
British Columbia,nanaimo-bc,699900.0,4.0,2.0,1951.0,House
British Columbia,nanaimo-bc,1190000.0,4.0,2.0,1981.0,House
British Columbia,nanaimo-bc,1075000.0,4.0,2.0,1782.0,House
British Columbia,nanaimo-bc,1185000.0,7.0,4.0,3036.0,House
British Columbia,nanaimo-bc,779000.0,4.0,2.0,1989.0,House
British Columbia,nanaimo-bc,1099900.0,5.0,3.0,2836.0,House
British Columbia,nanaimo-bc,789900.0,4.0,2.0,1789.0,House
British Columbia,nanaimo-bc,410000.0,3.0,2.0,1156.0,Townhouse
British Columbia,nanaimo-bc,1699000.0,6.0,6.0,3602.0,House
British Columbia,nanaimo-bc,809900.0,3.0,3.0,1933.0,Townhouse
British Columbia,nanaimo-bc,499900.0,0.0,0.0,,Land/Lot
British Columbia,nanaimo-bc,549000.0,3.0,2.0,1177.0,Duplex
British Columbia,nanaimo-bc,349900.0,1.0,1.0,906.0,
British Columbia,nanaimo-bc,1499900.0,4.0,2.0,1752.0,
British Columbia,nanaimo-bc,825000.0,3.0,2.0,1415.0,
British Columbia,nanaimo-bc,540000.0,3.0,2.0,1136.0,Duplex
British Columbia,nanaimo-bc,609000.0,4.0,2.0,1794.0,House
British Columbia,nanaimo-bc,1288000.0,6.0,4.0,3557.0,House
British Columbia,nanaimo-bc,673900.0,3.0,2.0,1402.0,Duplex
British Columbia,nanaimo-bc,559000.0,2.0,2.0,1358.0,Townhouse
British Columbia,nanaimo-bc,774900.0,3.0,3.0,1604.0,House
British Columbia,nanaimo-bc,698700.0,6.0,3.0,1834.0,House
British Columbia,nanaimo-bc,599900.0,3.0,3.0,1692.0,Townhouse
British Columbia,nanaimo-bc,439000.0,2.0,2.0,958.0,Townhouse
British Columbia,nanaimo-bc,949900.0,3.0,2.0,2304.0,House
British Columbia,nanaimo-bc,399000.0,1.0,1.0,660.0,Apt/Condo
British Columbia,nanaimo-bc,865000.0,5.0,2.0,1831.0,House
British Columbia,nanaimo-bc,349900.0,2.0,1.0,1346.0,Mfd/Mobile Home
British Columbia,nanaimo-bc,549900.0,3.0,3.0,1262.0,Townhouse
British Columbia,nanaimo-bc,309900.0,2.0,1.0,1000.0,Townhouse
British Columbia,nanaimo-bc,765000.0,3.0,2.0,1699.0,House
British Columbia,nanaimo-bc,599000.0,3.0,6.0,3200.0,House
British Columbia,nanaimo-bc,1369000.0,4.0,4.0,3324.0,House
British Columbia,nanaimo-bc,3250000.0,7.0,4.0,5206.0,House
British Columbia,nanaimo-bc,199900.0,2.0,2.0,886.0,Mfd/Mobile Home
British Columbia,nanaimo-bc,340000.0,2.0,2.0,1352.0,Mfd/Mobile Home
British Columbia,nanaimo-bc,349900.0,1.0,1.0,906.0,
British Columbia,nanaimo-bc,1499900.0,4.0,2.0,1752.0,
British Columbia,nanaimo-bc,825000.0,3.0,2.0,1415.0,
British Columbia,nanaimo-bc,491000.0,2.0,1.0,867.0,House
British Columbia,nanaimo-bc,595000.0,0.0,0.0,,Land/Lot
British Columbia,nanaimo-bc,1295000.0,3.0,3.0,3746.0,House
British Columbia,nanaimo-bc,798000.0,5.0,3.0,2280.0,House
British Columbia,nanaimo-bc,779000.0,5.0,2.0,2240.0,House
British Columbia,nanaimo-bc,799800.0,2.0,1.0,1082.0,House
British Columbia,nanaimo-bc,745000.0,5.0,2.0,2078.0,House
British Columbia,nanaimo-bc,422900.0,1.0,1.0,677.0,Apt/Condo
British Columbia,nanaimo-bc,1299900.0,5.0,2.0,2075.0,House
British Columbia,nanaimo-bc,529999.0,2.0,2.0,945.0,Townhouse
British Columbia,nanaimo-bc,989900.0,4.0,3.0,2962.0,House
British Columbia,nanaimo-bc,1075000.0,3.0,3.0,2300.0,House
British Columbia,nanaimo-bc,1240000.0,6.0,3.0,4201.0,House
British Columbia,nanaimo-bc,879900.0,3.0,3.0,1958.0,House
British Columbia,nanaimo-bc,634900.0,4.0,2.0,2018.0,House
British Columbia,nanaimo-bc,969900.0,3.0,3.0,2192.0,House
British Columbia,nanaimo-bc,503900.0,2.0,2.0,1017.0,Apt/Condo
British Columbia,nanaimo-bc,1598000.0,2.0,3.0,3345.0,House
British Columbia,nanaimo-bc,1849900.0,6.0,6.0,4424.0,House
British Columbia,nanaimo-bc,848000.0,7.0,4.0,3231.0,House
British Columbia,nanaimo-bc,899000.0,3.0,2.0,1918.0,House
British Columbia,nanaimo-bc,349900.0,1.0,1.0,906.0,
British Columbia,nanaimo-bc,1499900.0,4.0,2.0,1752.0,
British Columbia,nanaimo-bc,825000.0,3.0,2.0,1415.0,
British Columbia,nanaimo-bc,638000.0,3.0,2.0,1247.0,Apt/Condo
British Columbia,nanaimo-bc,609000.0,4.0,2.0,1794.0,House
British Columbia,nanaimo-bc,399000.0,0.0,0.0,,Land/Lot
British Columbia,nanaimo-bc,1075000.0,3.0,3.0,1836.0,Townhouse
British Columbia,nanaimo-bc,932000.0,3.0,3.0,2427.0,House
British Columbia,nanaimo-bc,879900.0,4.0,3.0,2062.0,House
British Columbia,nanaimo-bc,292500.0,0.0,0.0,,Land/Lot
British Columbia,nanaimo-bc,6903000.0,0.0,,,Multifamily
British Columbia,nanaimo-bc,1149900.0,4.0,3.0,2327.0,House
British Columbia,nanaimo-bc,925000.0,4.0,2.0,1492.0,House
British Columbia,nanaimo-bc,950000.0,5.0,4.0,2718.0,House
British Columbia,nanaimo-bc,925000.0,9.0,4.0,3990.0,House
British Columbia,nanaimo-bc,98900.0,1.0,1.0,499.0,Mfd/Mobile Home
British Columbia,nanaimo-bc,1579900.0,8.0,5.0,3883.0,House
British Columbia,nanaimo-bc,620000.0,0.0,0.0,,Land/Lot
British Columbia,nanaimo-bc,1074900.0,6.0,3.0,2946.0,House
British Columbia,nanaimo-bc,1200000.0,4.0,3.0,2535.0,House
British Columbia,nanaimo-bc,1100000.0,3.0,3.0,2365.0,House
British Columbia,nanaimo-bc,799000.0,3.0,2.0,1514.0,House
British Columbia,nanaimo-bc,459000.0,2.0,2.0,980.0,Apt/Condo
British Columbia,nanaimo-bc,1800000.0,2.0,1.0,850.0,House
British Columbia,nanaimo-bc,349900.0,1.0,1.0,906.0,
British Columbia,nanaimo-bc,1499900.0,4.0,2.0,1752.0,
British Columbia,nanaimo-bc,825000.0,3.0,2.0,1415.0,
British Columbia,nanaimo-bc,1074900.0,3.0,3.0,2547.0,House
British Columbia,nanaimo-bc,569900.0,2.0,2.0,1190.0,Townhouse
British Columbia,nanaimo-bc,949900.0,3.0,3.0,1100.0,House
British Columbia,nanaimo-bc,949000.0,5.0,3.0,2840.0,House
British Columbia,nanaimo-bc,395000.0,2.0,1.0,1060.0,Townhouse
British Columbia,nanaimo-bc,899900.0,6.0,4.0,3387.0,Duplex
British Columbia,nanaimo-bc,759000.0,3.0,2.0,1578.0,House
British Columbia,nanaimo-bc,519900.0,2.0,2.0,1205.0,Townhouse
British Columbia,nanaimo-bc,515000.0,2.0,2.0,1195.0,Townhouse
British Columbia,nanaimo-bc,699900.0,3.0,3.0,1589.0,Townhouse
British Columbia,nanaimo-bc,600000.0,3.0,2.0,1542.0,House
British Columbia,nanaimo-bc,1249900.0,3.0,3.0,2480.0,House
British Columbia,nanaimo-bc,1679900.0,3.0,3.0,2475.0,House
British Columbia,nanaimo-bc,363000.0,2.0,1.0,963.0,Mfd/Mobile Home
British Columbia,nanaimo-bc,999000.0,0.0,,,Multifamily
British Columbia,nanaimo-bc,899900.0,5.0,3.0,2328.0,House
British Columbia,nanaimo-bc,1268000.0,6.0,3.0,3654.0,House
British Columbia,nanaimo-bc,414800.0,1.0,1.0,,Recreational
British Columbia,nanaimo-bc,739900.0,3.0,2.0,1442.0,House
British Columbia,nanaimo-bc,1980000.0,4.0,3.0,3262.0,House
British Columbia,nanaimo-bc,1250000.0,5.0,4.0,3060.0,House
British Columbia,nanaimo-bc,349900.0,1.0,1.0,906.0,
British Columbia,nanaimo-bc,1499900.0,4.0,2.0,1752.0,
British Columbia,nanaimo-bc,825000.0,3.0,2.0,1415.0,
British Columbia,nanaimo-bc,425000.0,2.0,2.0,1163.0,Apt/Condo
British Columbia,nanaimo-bc,609000.0,4.0,2.0,1794.0,House
British Columbia,nanaimo-bc,680000.0,5.0,2.0,2278.0,House
British Columbia,nanaimo-bc,2550000.0,0.0,,,Multifamily
British Columbia,nanaimo-bc,524900.0,2.0,2.0,1182.0,Townhouse
British Columbia,nanaimo-bc,1199000.0,6.0,4.0,3521.0,House
British Columbia,nanaimo-bc,1100000.0,3.0,2.0,1607.0,House
British Columbia,nanaimo-bc,1149000.0,3.0,2.0,1566.0,House
British Columbia,nanaimo-bc,1339900.0,4.0,3.0,3789.0,House
British Columbia,nanaimo-bc,609900.0,2.0,2.0,1342.0,Townhouse
British Columbia,nanaimo-bc,1524900.0,3.0,3.0,2455.0,House
British Columbia,nanaimo-bc,899900.0,4.0,3.0,2560.0,House
British Columbia,nanaimo-bc,1139900.0,5.0,4.0,3633.0,House
British Columbia,nanaimo-bc,849900.0,3.0,4.0,2380.0,Townhouse
British Columbia,nanaimo-bc,924900.0,3.0,4.0,2380.0,Townhouse
British Columbia,nanaimo-bc,874900.0,3.0,4.0,2380.0,Townhouse
British Columbia,nanaimo-bc,364900.0,1.0,1.0,695.0,Apt/Condo
British Columbia,nanaimo-bc,799900.0,3.0,2.0,2311.0,House
British Columbia,nanaimo-bc,899900.0,5.0,3.0,3648.0,House
British Columbia,nanaimo-bc,359900.0,1.0,1.0,641.0,Apt/Condo
British Columbia,nanaimo-bc,829900.0,6.0,2.0,2315.0,House
British Columbia,nanaimo-bc,349900.0,1.0,1.0,906.0,
British Columbia,nanaimo-bc,1499900.0,4.0,2.0,1752.0,
British Columbia,nanaimo-bc,825000.0,3.0,2.0,1415.0,
British Columbia,surrey-bc,,,,,
British Columbia,surrey-bc,899900.0,3.0,4.0,1759.0,Townhouse
British Columbia,surrey-bc,748800.0,3.0,2.0,1559.0,Townhouse
British Columbia,surrey-bc,1599000.0,6.0,3.0,1848.0,House
British Columbia,surrey-bc,549000.0,2.0,2.0,1022.0,Apt/Condo
British Columbia,surrey-bc,877000.0,3.0,3.0,1514.0,Townhouse
British Columbia,surrey-bc,1000000.0,2.0,2.0,1476.0,Townhouse
British Columbia,surrey-bc,1139800.0,4.0,4.0,2030.0,Townhouse
British Columbia,surrey-bc,1048000.0,3.0,4.0,2052.0,Townhouse
British Columbia,surrey-bc,550000.0,2.0,2.0,870.0,Apt/Condo
British Columbia,surrey-bc,689000.0,2.0,2.0,1187.0,Townhouse
British Columbia,surrey-bc,985000.0,3.0,3.0,1834.0,Townhouse
British Columbia,surrey-bc,1099000.0,6.0,2.0,2480.0,House
British Columbia,surrey-bc,999000.0,3.0,2.0,1844.0,House
British Columbia,surrey-bc,1849000.0,7.0,5.0,3587.0,House
British Columbia,surrey-bc,605000.0,2.0,1.0,1066.0,Townhouse
British Columbia,surrey-bc,789000.0,4.0,3.0,2018.0,Townhouse
British Columbia,surrey-bc,360000.0,1.0,1.0,676.0,Apt/Condo
British Columbia,surrey-bc,679000.0,2.0,2.0,1034.0,Apt/Condo
British Columbia,surrey-bc,920000.0,4.0,4.0,1808.0,Townhouse
British Columbia,surrey-bc,339900.0,1.0,1.0,429.0,Apt/Condo
British Columbia,surrey-bc,2199000.0,8.0,7.0,4892.0,House
British Columbia,surrey-bc,888000.0,3.0,2.0,1596.0,
British Columbia,surrey-bc,799900.0,3.0,2.0,1426.0,
British Columbia,surrey-bc,1098800.0,5.0,3.0,2272.0,
British Columbia,surrey-bc,,,,,
British Columbia,surrey-bc,489000.0,2.0,1.0,1005.0,Apt/Condo
British Columbia,surrey-bc,678888.0,2.0,2.0,1220.0,Apt/Condo
British Columbia,surrey-bc,999000.0,3.0,2.0,1844.0,House
British Columbia,surrey-bc,799999.0,4.0,3.0,1616.0,Townhouse
British Columbia,surrey-bc,359900.0,1.0,1.0,726.0,Apt/Condo
British Columbia,surrey-bc,715000.0,3.0,2.0,1201.0,Townhouse
British Columbia,surrey-bc,1199000.0,3.0,2.0,2021.0,House
British Columbia,surrey-bc,628300.0,2.0,2.0,1036.0,Apt/Condo
British Columbia,surrey-bc,619900.0,2.0,2.0,1057.0,Apt/Condo
British Columbia,surrey-bc,519900.0,1.0,1.0,555.0,Apt/Condo
British Columbia,surrey-bc,379900.0,1.0,1.0,454.0,Apt/Condo
British Columbia,surrey-bc,598800.0,2.0,2.0,1305.0,Apt/Condo
British Columbia,surrey-bc,1120000.0,2.0,2.0,1181.0,Apt/Condo
British Columbia,surrey-bc,775000.0,2.0,3.0,1689.0,Townhouse
British Columbia,surrey-bc,769900.0,3.0,3.0,1366.0,Townhouse
British Columbia,surrey-bc,1299000.0,3.0,2.0,2267.0,House
British Columbia,surrey-bc,1399000.0,5.0,3.0,2180.0,House
British Columbia,surrey-bc,2350000.0,6.0,5.0,4173.0,House
British Columbia,surrey-bc,699900.0,3.0,2.0,1251.0,Townhouse
British Columbia,surrey-bc,550000.0,3.0,2.0,1056.0,Townhouse
British Columbia,surrey-bc,739000.0,2.0,2.0,1371.0,Townhouse
British Columbia,surrey-bc,888000.0,3.0,2.0,1596.0,
British Columbia,surrey-bc,799900.0,3.0,2.0,1426.0,
British Columbia,surrey-bc,1098800.0,5.0,3.0,2272.0,
British Columbia,surrey-bc,,,,,
British Columbia,surrey-bc,1098800.0,5.0,4.0,2272.0,House
British Columbia,surrey-bc,825000.0,3.0,3.0,1560.0,Townhouse
British Columbia,surrey-bc,959900.0,4.0,4.0,2086.0,Townhouse
British Columbia,surrey-bc,499000.0,2.0,2.0,939.0,Apt/Condo
British Columbia,surrey-bc,2539000.0,6.0,6.0,3977.0,House
British Columbia,surrey-bc,825000.0,3.0,3.0,1560.0,Townhouse
British Columbia,surrey-bc,1499900.0,5.0,4.0,3237.0,House
British Columbia,surrey-bc,749000.0,3.0,3.0,1629.0,Townhouse
British Columbia,surrey-bc,709900.0,2.0,2.0,1200.0,Townhouse
British Columbia,surrey-bc,869000.0,2.0,3.0,1498.0,Townhouse
British Columbia,surrey-bc,888000.0,3.0,3.0,1596.0,Townhouse
British Columbia,surrey-bc,2249900.0,4.0,5.0,3849.0,House
British Columbia,surrey-bc,799000.0,4.0,4.0,1702.0,Townhouse
British Columbia,surrey-bc,1200000.0,3.0,2.0,1636.0,House
British Columbia,surrey-bc,1279000.0,5.0,2.0,2106.0,House
British Columbia,surrey-bc,799999.0,3.0,3.0,1719.0,Townhouse
British Columbia,surrey-bc,849900.0,4.0,4.0,1757.0,Townhouse
British Columbia,surrey-bc,1099000.0,3.0,3.0,2243.0,Townhouse
British Columbia,surrey-bc,1149000.0,3.0,1.0,998.0,House
British Columbia,surrey-bc,1788000.0,8.0,6.0,3482.0,House
British Columbia,surrey-bc,809800.0,2.0,3.0,1331.0,Townhouse
British Columbia,surrey-bc,888000.0,3.0,2.0,1596.0,
British Columbia,surrey-bc,799900.0,3.0,2.0,1426.0,
British Columbia,surrey-bc,1098800.0,5.0,3.0,2272.0,
British Columbia,surrey-bc,,,,,
British Columbia,surrey-bc,1299800.0,6.0,2.0,1122.0,House
British Columbia,surrey-bc,529900.0,2.0,2.0,1097.0,Apt/Condo
British Columbia,surrey-bc,1849800.0,7.0,7.0,3643.0,House
British Columbia,surrey-bc,398000.0,1.0,1.0,527.0,Apt/Condo
British Columbia,surrey-bc,1899900.0,7.0,6.0,5495.0,House
British Columbia,surrey-bc,399000.0,2.0,1.0,694.0,Apt/Condo
British Columbia,surrey-bc,2820000.0,5.0,3.0,2802.0,House
British Columbia,surrey-bc,749800.0,2.0,3.0,1180.0,Townhouse
British Columbia,surrey-bc,1138800.0,3.0,4.0,2043.0,Townhouse
British Columbia,surrey-bc,799000.0,4.0,4.0,1702.0,Townhouse
British Columbia,surrey-bc,1200000.0,3.0,2.0,1636.0,House
British Columbia,surrey-bc,1279000.0,5.0,2.0,2106.0,House
British Columbia,surrey-bc,888500.0,3.0,3.0,1454.0,Townhouse
British Columbia,surrey-bc,997888.0,4.0,4.0,1807.0,Townhouse
British Columbia,surrey-bc,2649000.0,0.0,,,Land/Lot
British Columbia,surrey-bc,3680000.0,4.0,3.0,2198.0,House
British Columbia,surrey-bc,648880.0,2.0,2.0,1274.0,Townhouse
British Columbia,surrey-bc,649900.0,2.0,2.0,863.0,Apt/Condo
British Columbia,surrey-bc,479000.0,2.0,2.0,990.0,Apt/Condo
British Columbia,surrey-bc,998000.0,0.0,,,Land/Lot
British Columbia,surrey-bc,1399000.0,3.0,2.0,1864.0,House
British Columbia,surrey-bc,888000.0,3.0,2.0,1596.0,
British Columbia,surrey-bc,799900.0,3.0,2.0,1426.0,
British Columbia,surrey-bc,1098800.0,5.0,3.0,2272.0,
British Columbia,surrey-bc,,,,,
British Columbia,surrey-bc,1300000.0,4.0,2.0,2140.0,House
British Columbia,surrey-bc,829900.0,4.0,3.0,1773.0,Townhouse
British Columbia,surrey-bc,1300000.0,5.0,3.0,2300.0,House
British Columbia,surrey-bc,5375000.0,4.0,3.0,4680.0,House
British Columbia,surrey-bc,889900.0,4.0,3.0,1716.0,Townhouse
British Columbia,surrey-bc,999900.0,0.0,,,Land/Lot
British Columbia,surrey-bc,1350000.0,3.0,2.0,1743.0,House
British Columbia,surrey-bc,479900.0,1.0,1.0,560.0,Apt/Condo
British Columbia,surrey-bc,525000.0,2.0,2.0,1161.0,Apt/Condo
British Columbia,surrey-bc,960000.0,4.0,4.0,2139.0,Townhouse
British Columbia,surrey-bc,450000.0,0.0,1.0,340.0,Apt/Condo
British Columbia,surrey-bc,899000.0,3.0,3.0,2632.0,Townhouse
British Columbia,surrey-bc,795000.0,1.0,1.0,948.0,Apt/Condo
British Columbia,surrey-bc,999000.0,2.0,3.0,1528.0,Townhouse
British Columbia,surrey-bc,1239000.0,7.0,4.0,3119.0,House
British Columbia,surrey-bc,779000.0,4.0,3.0,1468.0,Townhouse
British Columbia,surrey-bc,1999990.0,0.0,,,Land/Lot
British Columbia,surrey-bc,1539000.0,5.0,4.0,4005.0,House
British Columbia,surrey-bc,1399000.0,4.0,3.0,2574.0,House
British Columbia,surrey-bc,1649000.0,6.0,5.0,4130.0,House
British Columbia,surrey-bc,7298000.0,6.0,8.0,8616.0,House
British Columbia,surrey-bc,888000.0,3.0,2.0,1596.0,
British Columbia,surrey-bc,799900.0,3.0,2.0,1426.0,
British Columbia,surrey-bc,1098800.0,5.0,3.0,2272.0,
British Columbia,surrey-bc,,,,,
British Columbia,surrey-bc,659900.0,2.0,2.0,858.0,Apt/Condo
British Columbia,surrey-bc,449900.0,1.0,1.0,603.0,Apt/Condo
British Columbia,surrey-bc,1049800.0,3.0,2.0,2281.0,Townhouse
British Columbia,surrey-bc,1059000.0,6.0,5.0,3010.0,Duplex
British Columbia,surrey-bc,965000.0,3.0,2.0,1510.0,Duplex
British Columbia,surrey-bc,1399000.0,0.0,,,Land/Lot
British Columbia,surrey-bc,1549900.0,5.0,4.0,2586.0,House
British Columbia,surrey-bc,739900.0,3.0,2.0,1210.0,Townhouse
British Columbia,surrey-bc,1150000.0,3.0,3.0,1606.0,Townhouse
British Columbia,surrey-bc,819000.0,3.0,3.0,1551.0,Townhouse
British Columbia,surrey-bc,1299900.0,4.0,3.0,2070.0,House
British Columbia,surrey-bc,390000.0,0.0,1.0,435.0,Apt/Condo
British Columbia,surrey-bc,999900.0,4.0,3.0,1839.0,Townhouse
British Columbia,surrey-bc,1169999.0,4.0,3.0,1860.0,Duplex
British Columbia,surrey-bc,3880000.0,1.0,4.0,4962.0,House
British Columbia,surrey-bc,299000.0,2.0,2.0,920.0,Mfd/Mobile Home
British Columbia,surrey-bc,288880.0,3.0,2.0,1407.0,Townhouse
British Columbia,surrey-bc,1899999.0,8.0,7.0,4412.0,House
British Columbia,surrey-bc,699800.0,3.0,2.0,1271.0,Apt/Condo
British Columbia,surrey-bc,678888.0,2.0,2.0,1220.0,Apt/Condo
British Columbia,surrey-bc,759000.0,2.0,2.0,1409.0,Townhouse
British Columbia,surrey-bc,888000.0,3.0,2.0,1596.0,
British Columbia,surrey-bc,799900.0,3.0,2.0,1426.0,
British Columbia,surrey-bc,1098800.0,5.0,3.0,2272.0,
British Columbia,surrey-bc,,,,,
British Columbia,surrey-bc,320000.0,0.0,1.0,330.0,Apt/Condo
British Columbia,surrey-bc,829900.0,4.0,3.0,1773.0,Townhouse
British Columbia,surrey-bc,748800.0,3.0,2.0,1559.0,Townhouse
British Columbia,surrey-bc,1399000.0,4.0,3.0,2337.0,House
British Columbia,surrey-bc,1039000.0,3.0,4.0,1969.0,Townhouse
British Columbia,surrey-bc,628800.0,2.0,2.0,827.0,Apt/Condo
British Columbia,surrey-bc,899900.0,3.0,4.0,1535.0,Townhouse
British Columbia,surrey-bc,935000.0,4.0,4.0,1814.0,Townhouse
British Columbia,surrey-bc,1588000.0,4.0,2.0,2424.0,House
British Columbia,surrey-bc,868800.0,3.0,3.0,1437.0,Townhouse
British Columbia,surrey-bc,325000.0,1.0,1.0,638.0,Apt/Condo
British Columbia,surrey-bc,649900.0,2.0,2.0,818.0,Apt/Condo
British Columbia,surrey-bc,869900.0,3.0,3.0,1388.0,Townhouse
British Columbia,surrey-bc,1178000.0,4.0,4.0,1912.0,Townhouse
British Columbia,surrey-bc,1899000.0,7.0,5.0,3178.0,House
British Columbia,surrey-bc,609000.0,2.0,2.0,783.0,Apt/Condo
British Columbia,surrey-bc,349000.0,1.0,1.0,448.0,Apt/Condo
British Columbia,surrey-bc,1325000.0,2.0,2.0,1314.0,Apt/Condo
British Columbia,surrey-bc,2099000.0,4.0,5.0,3439.0,House
British Columbia,surrey-bc,399000.0,1.0,1.0,496.0,Apt/Condo
British Columbia,surrey-bc,1798000.0,2.0,2.0,1524.0,Apt/Condo
British Columbia,surrey-bc,888000.0,3.0,2.0,1596.0,
British Columbia,surrey-bc,799900.0,3.0,2.0,1426.0,
British Columbia,surrey-bc,1098800.0,5.0,3.0,2272.0,
British Columbia,surrey-bc,,,,,
British Columbia,surrey-bc,2099000.0,4.0,5.0,3439.0,House
British Columbia,surrey-bc,678888.0,2.0,2.0,1220.0,Apt/Condo
British Columbia,surrey-bc,540000.0,2.0,2.0,804.0,Apt/Condo
British Columbia,surrey-bc,2499000.0,12.0,9.0,6147.0,House
British Columbia,surrey-bc,580000.0,2.0,1.0,644.0,Apt/Condo
British Columbia,surrey-bc,2499900.0,7.0,7.0,4035.0,House
British Columbia,surrey-bc,724900.0,2.0,3.0,1287.0,Townhouse
British Columbia,surrey-bc,828888.0,3.0,3.0,1612.0,Townhouse
British Columbia,surrey-bc,1798000.0,2.0,2.0,1321.0,Apt/Condo
British Columbia,surrey-bc,585000.0,2.0,2.0,1008.0,Apt/Condo
British Columbia,surrey-bc,1695000.0,8.0,6.0,4134.0,House
British Columbia,surrey-bc,32500000.0,6.0,8.0,11811.0,House
British Columbia,surrey-bc,374900.0,1.0,1.0,612.0,Apt/Condo
British Columbia,surrey-bc,699900.0,3.0,3.0,1351.0,Townhouse
British Columbia,surrey-bc,2388000.0,4.0,4.0,4704.0,House
British Columbia,surrey-bc,1435000.0,5.0,5.0,2528.0,House
British Columbia,surrey-bc,1699000.0,5.0,4.0,2817.0,House
British Columbia,surrey-bc,1748000.0,7.0,5.0,2666.0,House
British Columbia,surrey-bc,3688000.0,5.0,5.0,4305.0,House
British Columbia,surrey-bc,1498000.0,4.0,4.0,3118.0,Townhouse
British Columbia,surrey-bc,569999.0,2.0,2.0,822.0,Apt/Condo
British Columbia,surrey-bc,888000.0,3.0,2.0,1596.0,
British Columbia,surrey-bc,799900.0,3.0,2.0,1426.0,
British Columbia,surrey-bc,1098800.0,5.0,3.0,2272.0,
British Columbia,surrey-bc,,,,,
British Columbia,surrey-bc,769000.0,3.0,3.0,1304.0,Townhouse
British Columbia,surrey-bc,529900.0,2.0,2.0,1097.0,Apt/Condo
British Columbia,surrey-bc,459900.0,2.0,2.0,1126.0,Apt/Condo
British Columbia,surrey-bc,498800.0,2.0,2.0,752.0,Apt/Condo
British Columbia,surrey-bc,359900.0,3.0,2.0,1305.0,Townhouse
British Columbia,surrey-bc,1499000.0,6.0,4.0,2118.0,House
British Columbia,surrey-bc,1459900.0,3.0,3.0,2054.0,House
British Columbia,surrey-bc,1998800.0,15.0,12.0,4549.0,House
British Columbia,surrey-bc,1988000.0,5.0,6.0,4019.0,House
British Columbia,surrey-bc,2199000.0,5.0,5.0,3597.0,House
British Columbia,surrey-bc,2488000.0,5.0,5.0,4247.0,House
British Columbia,surrey-bc,3499000.0,5.0,7.0,5510.0,House
British Columbia,surrey-bc,2099000.0,5.0,4.0,3826.0,House
British Columbia,surrey-bc,1400000.0,3.0,3.0,1826.0,House
British Columbia,surrey-bc,1799000.0,5.0,3.0,3101.0,House
British Columbia,surrey-bc,499900.0,2.0,1.0,1193.0,Townhouse
British Columbia,surrey-bc,1325000.0,4.0,3.0,2738.0,House
British Columbia,surrey-bc,449500.0,2.0,2.0,1144.0,Apt/Condo
British Columbia,surrey-bc,330000.0,3.0,2.0,1457.0,Townhouse
British Columbia,surrey-bc,499900.0,2.0,1.0,1193.0,Townhouse
British Columbia,surrey-bc,1069000.0,3.0,4.0,1969.0,Townhouse
British Columbia,surrey-bc,888000.0,3.0,2.0,1596.0,
British Columbia,surrey-bc,799900.0,3.0,2.0,1426.0,
British Columbia,surrey-bc,1098800.0,5.0,3.0,2272.0,
British Columbia,surrey-bc,,,,,
British Columbia,surrey-bc,699900.0,2.0,2.0,931.0,Apt/Condo
British Columbia,surrey-bc,1950000.0,8.0,7.0,4333.0,House
British Columbia,surrey-bc,659900.0,2.0,2.0,900.0,Apt/Condo
British Columbia,surrey-bc,769900.0,3.0,3.0,1461.0,Townhouse
British Columbia,surrey-bc,599900.0,2.0,2.0,836.0,Apt/Condo
British Columbia,surrey-bc,839000.0,4.0,4.0,1822.0,Townhouse
British Columbia,surrey-bc,475000.0,2.0,1.0,931.0,Apt/Condo
British Columbia,surrey-bc,1399000.0,6.0,3.0,3106.0,House
British Columbia,surrey-bc,2389000.0,5.0,4.0,4047.0,House
British Columbia,surrey-bc,1499900.0,5.0,3.0,2736.0,House
British Columbia,surrey-bc,1578900.0,2.0,3.0,1397.0,Apt/Condo
British Columbia,surrey-bc,1490000.0,4.0,4.0,2274.0,House
British Columbia,surrey-bc,1349000.0,5.0,4.0,3079.0,House
British Columbia,surrey-bc,899000.0,3.0,3.0,1314.0,Townhouse
British Columbia,surrey-bc,1749900.0,7.0,4.0,3512.0,House
British Columbia,surrey-bc,1600000.0,9.0,6.0,4178.0,House
British Columbia,surrey-bc,449900.0,1.0,1.0,603.0,Apt/Condo
British Columbia,surrey-bc,1599999.0,5.0,3.0,2613.0,House
British Columbia,surrey-bc,899000.0,4.0,4.0,1991.0,Townhouse
British Columbia,surrey-bc,1649900.0,7.0,6.0,3946.0,House
British Columbia,surrey-bc,455000.0,2.0,2.0,1033.0,Apt/Condo
British Columbia,surrey-bc,888000.0,3.0,2.0,1596.0,
British Columbia,surrey-bc,799900.0,3.0,2.0,1426.0,
British Columbia,surrey-bc,1098800.0,5.0,3.0,2272.0,
British Columbia,surrey-bc,,,,,
British Columbia,surrey-bc,1649000.0,4.0,4.0,3212.0,House
British Columbia,surrey-bc,787900.0,2.0,2.0,1173.0,Apt/Condo
British Columbia,surrey-bc,1399000.0,6.0,4.0,3072.0,House
British Columbia,surrey-bc,1199900.0,0.0,,,Land/Lot
British Columbia,surrey-bc,379000.0,1.0,1.0,583.0,Apt/Condo
British Columbia,surrey-bc,739888.0,3.0,3.0,1371.0,Townhouse
British Columbia,surrey-bc,850000.0,3.0,3.0,1614.0,Townhouse
British Columbia,surrey-bc,1280000.0,5.0,3.0,2238.0,House
British Columbia,surrey-bc,539000.0,2.0,1.0,886.0,Townhouse
British Columbia,surrey-bc,750000.0,3.0,3.0,1469.0,Townhouse
British Columbia,surrey-bc,849000.0,2.0,3.0,1413.0,Townhouse
British Columbia,surrey-bc,2498888.0,8.0,8.0,6129.0,House
British Columbia,surrey-bc,1579000.0,6.0,4.0,3024.0,House
British Columbia,surrey-bc,999000.0,4.0,4.0,2424.0,Townhouse
British Columbia,surrey-bc,768800.0,3.0,2.0,1422.0,Townhouse
British Columbia,surrey-bc,1175000.0,3.0,3.0,1601.0,Townhouse
British Columbia,surrey-bc,1474900.0,7.0,5.0,3320.0,House
British Columbia,surrey-bc,1388000.0,4.0,4.0,2203.0,Duplex
British Columbia,surrey-bc,819000.0,2.0,2.0,1140.0,Apt/Condo
British Columbia,surrey-bc,499000.0,2.0,1.0,950.0,Apt/Condo
British Columbia,surrey-bc,2699000.0,9.0,8.0,5002.0,House
British Columbia,surrey-bc,888000.0,3.0,2.0,1596.0,
British Columbia,surrey-bc,799900.0,3.0,2.0,1426.0,
British Columbia,surrey-bc,1098800.0,5.0,3.0,2272.0,
British Columbia,surrey-bc,,,,,
British Columbia,surrey-bc,570000.0,2.0,2.0,1149.0,Apt/Condo
British Columbia,surrey-bc,580000.0,2.0,1.0,644.0,Apt/Condo
British Columbia,surrey-bc,580000.0,2.0,2.0,853.0,Apt/Condo
British Columbia,surrey-bc,2275000.0,9.0,7.0,5570.0,House
British Columbia,surrey-bc,1375000.0,6.0,4.0,2060.0,House
British Columbia,surrey-bc,687000.0,2.0,2.0,1530.0,Townhouse
British Columbia,surrey-bc,835000.0,3.0,3.0,1636.0,Townhouse
British Columbia,surrey-bc,1575000.0,6.0,4.0,3680.0,House
British Columbia,surrey-bc,1289888.0,4.0,2.0,2037.0,House
British Columbia,surrey-bc,2399000.0,4.0,2.0,1970.0,House
British Columbia,surrey-bc,1149900.0,3.0,2.0,1878.0,House
British Columbia,surrey-bc,1699000.0,8.0,6.0,3484.0,House
British Columbia,surrey-bc,1299000.0,4.0,3.0,1847.0,Townhouse
British Columbia,surrey-bc,694000.0,3.0,2.0,1424.0,Townhouse
British Columbia,surrey-bc,1678000.0,2.0,3.0,2679.0,House
British Columbia,surrey-bc,749000.0,3.0,2.0,1436.0,Townhouse
British Columbia,surrey-bc,799980.0,2.0,2.0,939.0,Apt/Condo
British Columbia,surrey-bc,829900.0,4.0,3.0,1773.0,Townhouse
British Columbia,surrey-bc,4350000.0,4.0,6.0,4084.0,House
British Columbia,surrey-bc,1574000.0,5.0,3.0,2723.0,House
British Columbia,surrey-bc,869800.0,3.0,3.0,1987.0,Townhouse
British Columbia,surrey-bc,888000.0,3.0,2.0,1596.0,
British Columbia,surrey-bc,799900.0,3.0,2.0,1426.0,
British Columbia,surrey-bc,1098800.0,5.0,3.0,2272.0,
British Columbia,surrey-bc,,,,,
British Columbia,surrey-bc,1558000.0,5.0,4.0,2738.0,House
British Columbia,surrey-bc,1699000.0,6.0,5.0,2725.0,House
British Columbia,surrey-bc,429000.0,2.0,1.0,871.0,Apt/Condo
British Columbia,surrey-bc,888000.0,3.0,3.0,1564.0,Townhouse
British Columbia,surrey-bc,849000.0,3.0,3.0,2025.0,Townhouse
British Columbia,surrey-bc,1235000.0,4.0,3.0,1779.0,House
British Columbia,surrey-bc,718000.0,2.0,2.0,1100.0,Townhouse
British Columbia,surrey-bc,2238000.0,7.0,7.0,3900.0,House
British Columbia,surrey-bc,505000.0,2.0,2.0,1008.0,Apt/Condo
British Columbia,surrey-bc,1588000.0,6.0,4.0,3179.0,House
British Columbia,surrey-bc,499800.0,2.0,2.0,837.0,Apt/Condo
British Columbia,surrey-bc,585000.0,3.0,2.0,857.0,Apt/Condo
British Columbia,surrey-bc,430000.0,1.0,1.0,651.0,Apt/Condo
British Columbia,surrey-bc,1150000.0,3.0,3.0,1694.0,House
British Columbia,surrey-bc,3255000.0,3.0,4.0,2144.0,Apt/Condo
British Columbia,surrey-bc,1775000.0,8.0,6.0,3918.0,House
British Columbia,surrey-bc,848800.0,3.0,4.0,2138.0,Townhouse
British Columbia,surrey-bc,1599999.0,6.0,2.0,2122.0,House
British Columbia,surrey-bc,1598000.0,4.0,3.0,3479.0,Townhouse
British Columbia,surrey-bc,899800.0,4.0,4.0,1818.0,Townhouse
British Columbia,surrey-bc,425000.0,1.0,1.0,509.0,Apt/Condo
British Columbia,surrey-bc,888000.0,3.0,2.0,1596.0,
British Columbia,surrey-bc,799900.0,3.0,2.0,1426.0,
British Columbia,surrey-bc,1098800.0,5.0,3.0,2272.0,
British Columbia,surrey-bc,,,,,
British Columbia,surrey-bc,1699999.0,8.0,8.0,3504.0,House
British Columbia,surrey-bc,748800.0,3.0,2.0,1559.0,Townhouse
British Columbia,surrey-bc,680000.0,2.0,3.0,1550.0,Townhouse
British Columbia,surrey-bc,559900.0,2.0,2.0,1345.0,Townhouse
British Columbia,surrey-bc,800000.0,3.0,3.0,1708.0,Townhouse
British Columbia,surrey-bc,898000.0,4.0,4.0,1564.0,Townhouse
British Columbia,surrey-bc,349880.0,1.0,1.0,639.0,Apt/Condo
British Columbia,surrey-bc,11899000.0,3.0,7.0,2300.0,House
British Columbia,surrey-bc,3188888.0,5.0,3.0,3967.0,House
British Columbia,surrey-bc,1199880.0,3.0,3.0,1920.0,House
British Columbia,surrey-bc,868000.0,3.0,3.0,1554.0,Townhouse
British Columbia,surrey-bc,769900.0,2.0,3.0,1256.0,Townhouse
British Columbia,surrey-bc,647500.0,3.0,2.0,1262.0,Townhouse
British Columbia,surrey-bc,1499000.0,4.0,4.0,2466.0,House
British Columbia,surrey-bc,1798888.0,8.0,5.0,4230.0,House
British Columbia,surrey-bc,1899000.0,9.0,7.0,3950.0,House
British Columbia,surrey-bc,2950000.0,6.0,6.0,4572.0,House
British Columbia,surrey-bc,579999.0,2.0,2.0,738.0,Apt/Condo
British Columbia,surrey-bc,1899000.0,5.0,6.0,3504.0,Duplex
British Columbia,surrey-bc,1999000.0,7.0,5.0,2980.0,House
British Columbia,surrey-bc,1999000.0,6.0,5.0,4482.0,House
British Columbia,surrey-bc,888000.0,3.0,2.0,1596.0,
British Columbia,surrey-bc,799900.0,3.0,2.0,1426.0,
British Columbia,surrey-bc,1098800.0,5.0,3.0,2272.0,
British Columbia,surrey-bc,,,,,
British Columbia,surrey-bc,418000.0,2.0,1.0,922.0,Apt/Condo
British Columbia,surrey-bc,1200000.0,3.0,2.0,1636.0,House
British Columbia,surrey-bc,5790000.0,3.0,3.0,2973.0,House
British Columbia,surrey-bc,839000.0,3.0,3.0,1521.0,Townhouse
British Columbia,surrey-bc,615000.0,2.0,3.0,1124.0,Townhouse
British Columbia,surrey-bc,3888800.0,4.0,2.0,2194.0,House
British Columbia,surrey-bc,565000.0,2.0,2.0,965.0,Apt/Condo
British Columbia,surrey-bc,1425000.0,4.0,2.0,1827.0,House
British Columbia,surrey-bc,725000.0,3.0,2.0,1269.0,Townhouse
British Columbia,surrey-bc,2389500.0,8.0,8.0,4903.0,House
British Columbia,surrey-bc,900000.0,3.0,3.0,1653.0,Townhouse
British Columbia,surrey-bc,749880.0,2.0,2.0,1316.0,Apt/Condo
British Columbia,surrey-bc,2750000.0,3.0,3.0,2638.0,House
British Columbia,surrey-bc,549900.0,2.0,2.0,1339.0,Townhouse
British Columbia,surrey-bc,576000.0,1.0,1.0,635.0,Apt/Condo
British Columbia,surrey-bc,529900.0,2.0,2.0,1097.0,Apt/Condo
British Columbia,surrey-bc,608888.0,2.0,2.0,813.0,Apt/Condo
British Columbia,surrey-bc,1328800.0,4.0,4.0,2692.0,House
British Columbia,surrey-bc,1675000.0,5.0,2.0,1921.0,House
British Columbia,surrey-bc,1049888.0,6.0,4.0,2130.0,House
British Columbia,surrey-bc,1699000.0,10.0,7.0,4146.0,House
British Columbia,surrey-bc,888000.0,3.0,2.0,1596.0,
British Columbia,surrey-bc,799900.0,3.0,2.0,1426.0,
British Columbia,surrey-bc,1098800.0,5.0,3.0,2272.0,
British Columbia,surrey-bc,,,,,
British Columbia,surrey-bc,899000.0,2.0,1.0,873.0,House
British Columbia,surrey-bc,769800.0,3.0,3.0,1468.0,Townhouse
British Columbia,surrey-bc,1899000.0,7.0,6.0,5422.0,House
British Columbia,surrey-bc,1399000.0,4.0,2.0,1874.0,House
British Columbia,surrey-bc,2899999.0,7.0,7.0,7352.0,House
British Columbia,surrey-bc,1198000.0,3.0,3.0,2125.0,House
British Columbia,surrey-bc,775000.0,3.0,3.0,1385.0,Townhouse
British Columbia,surrey-bc,589700.0,2.0,2.0,986.0,Apt/Condo
British Columbia,surrey-bc,1938000.0,5.0,6.0,3407.0,House
British Columbia,surrey-bc,1525000.0,4.0,4.0,2370.0,House
British Columbia,surrey-bc,499900.0,1.0,1.0,628.0,Apt/Condo
British Columbia,surrey-bc,529900.0,2.0,2.0,989.0,Apt/Condo
British Columbia,surrey-bc,484900.0,1.0,1.0,480.0,Apt/Condo
British Columbia,surrey-bc,610000.0,3.0,2.0,771.0,Apt/Condo
British Columbia,surrey-bc,729800.0,3.0,3.0,1469.0,Townhouse
British Columbia,surrey-bc,489900.0,1.0,1.0,605.0,Apt/Condo
British Columbia,surrey-bc,349900.0,0.0,1.0,333.0,Apt/Condo
British Columbia,surrey-bc,795000.0,3.0,3.0,1802.0,Townhouse
British Columbia,surrey-bc,2280000.0,3.0,4.0,3659.0,House
British Columbia,surrey-bc,1959000.0,8.0,7.0,3567.0,House
British Columbia,surrey-bc,1239000.0,4.0,3.0,1980.0,House
British Columbia,surrey-bc,888000.0,3.0,2.0,1596.0,
British Columbia,surrey-bc,799900.0,3.0,2.0,1426.0,
British Columbia,surrey-bc,1098800.0,5.0,3.0,2272.0,
British Columbia,surrey-bc,,,,,
British Columbia,surrey-bc,649900.0,2.0,2.0,874.0,Apt/Condo
British Columbia,surrey-bc,540000.0,2.0,2.0,845.0,Apt/Condo
British Columbia,surrey-bc,468000.0,1.0,1.0,515.0,Apt/Condo
British Columbia,surrey-bc,1549900.0,4.0,3.0,2008.0,House
British Columbia,surrey-bc,1019000.0,3.0,3.0,1696.0,Townhouse
British Columbia,surrey-bc,750000.0,3.0,3.0,1350.0,Townhouse
British Columbia,surrey-bc,1799000.0,0.0,,,Land/Lot
British Columbia,surrey-bc,448000.0,1.0,1.0,609.0,Apt/Condo
British Columbia,surrey-bc,1299900.0,4.0,2.0,1773.0,House
British Columbia,surrey-bc,1950000.0,8.0,7.0,4924.0,House
British Columbia,surrey-bc,1088000.0,3.0,2.0,1267.0,Apt/Condo
British Columbia,surrey-bc,838800.0,3.0,3.0,1379.0,Townhouse
British Columbia,surrey-bc,2299999.0,8.0,7.0,4805.0,House
British Columbia,surrey-bc,1399000.0,2.0,1.0,744.0,House
British Columbia,surrey-bc,499900.0,2.0,1.0,678.0,Apt/Condo
British Columbia,surrey-bc,949999.0,3.0,3.0,1382.0,Townhouse
British Columbia,surrey-bc,1299900.0,3.0,2.0,1483.0,House
British Columbia,surrey-bc,2198880.0,7.0,4.0,5256.0,House
British Columbia,surrey-bc,1599000.0,6.0,3.0,3390.0,House
British Columbia,surrey-bc,1150000.0,2.0,2.0,1712.0,Apt/Condo
British Columbia,surrey-bc,529900.0,1.0,1.0,597.0,Apt/Condo
British Columbia,surrey-bc,888000.0,3.0,2.0,1596.0,
British Columbia,surrey-bc,799900.0,3.0,2.0,1426.0,
British Columbia,surrey-bc,1098800.0,5.0,3.0,2272.0,
British Columbia,surrey-bc,,,,,
British Columbia,surrey-bc,419000.0,2.0,2.0,1192.0,Apt/Condo
British Columbia,surrey-bc,769800.0,3.0,3.0,1468.0,Townhouse
British Columbia,surrey-bc,1899900.0,3.0,3.0,2506.0,House
British Columbia,surrey-bc,599000.0,2.0,2.0,892.0,Apt/Condo
British Columbia,surrey-bc,769800.0,3.0,3.0,1468.0,Townhouse
British Columbia,surrey-bc,2310000.0,4.0,4.0,4305.0,House
British Columbia,surrey-bc,1399900.0,3.0,3.0,2031.0,House
British Columbia,surrey-bc,716900.0,2.0,2.0,1362.0,Townhouse
British Columbia,surrey-bc,3199000.0,7.0,6.0,5671.0,House
British Columbia,surrey-bc,899000.0,4.0,3.0,1152.0,House
British Columbia,surrey-bc,998000.0,2.0,3.0,1450.0,Townhouse
British Columbia,surrey-bc,549000.0,2.0,2.0,1013.0,Apt/Condo
British Columbia,surrey-bc,698000.0,2.0,3.0,1263.0,Townhouse
British Columbia,surrey-bc,975000.0,2.0,2.0,1416.0,Apt/Condo
British Columbia,surrey-bc,779000.0,3.0,3.0,1545.0,Townhouse
British Columbia,surrey-bc,6488888.0,5.0,7.0,8169.0,House
British Columbia,surrey-bc,704900.0,2.0,2.0,1114.0,Townhouse
British Columbia,surrey-bc,1549000.0,0.0,,,Land/Lot
British Columbia,surrey-bc,1249800.0,3.0,3.0,2070.0,House
British Columbia,surrey-bc,379900.0,2.0,1.0,985.0,Apt/Condo
British Columbia,surrey-bc,2199999.0,7.0,7.0,4050.0,House
British Columbia,surrey-bc,888000.0,3.0,2.0,1596.0,
British Columbia,surrey-bc,799900.0,3.0,2.0,1426.0,
British Columbia,surrey-bc,1098800.0,5.0,3.0,2272.0,
British Columbia,surrey-bc,,,,,
British Columbia,surrey-bc,439900.0,1.0,1.0,794.0,Apt/Condo
British Columbia,surrey-bc,2750000.0,3.0,3.0,2638.0,House
British Columbia,surrey-bc,2299000.0,9.0,9.0,4545.0,House
British Columbia,surrey-bc,1248000.0,5.0,3.0,1894.0,House
British Columbia,surrey-bc,799000.0,3.0,3.0,1259.0,Townhouse
British Columbia,surrey-bc,1495000.0,6.0,5.0,3247.0,House
British Columbia,surrey-bc,2350000.0,4.0,4.0,4088.0,House
British Columbia,surrey-bc,2999000.0,5.0,5.0,6653.0,House
British Columbia,surrey-bc,659900.0,2.0,2.0,812.0,Apt/Condo
British Columbia,surrey-bc,519000.0,2.0,2.0,826.0,Apt/Condo
British Columbia,surrey-bc,1375000.0,4.0,4.0,2698.0,House
British Columbia,surrey-bc,1060000.0,4.0,4.0,1857.0,Townhouse
British Columbia,surrey-bc,334700.0,1.0,1.0,417.0,Apt/Condo
British Columbia,surrey-bc,2649000.0,5.0,3.0,3344.0,House
British Columbia,surrey-bc,538000.0,2.0,2.0,1048.0,Apt/Condo
British Columbia,surrey-bc,888800.0,3.0,3.0,1614.0,Townhouse
British Columbia,surrey-bc,1250000.0,4.0,4.0,3720.0,House
British Columbia,surrey-bc,499900.0,1.0,1.0,615.0,Apt/Condo
British Columbia,surrey-bc,1199000.0,2.0,2.0,1113.0,Apt/Condo
British Columbia,surrey-bc,1780000.0,4.0,4.0,4334.0,House
British Columbia,surrey-bc,599999.0,2.0,1.0,649.0,Apt/Condo
British Columbia,surrey-bc,888000.0,3.0,2.0,1596.0,
British Columbia,surrey-bc,799900.0,3.0,2.0,1426.0,
British Columbia,surrey-bc,1098800.0,5.0,3.0,2272.0,
British Columbia,surrey-bc,,,,,
British Columbia,surrey-bc,388000.0,1.0,1.0,532.0,Apt/Condo
British Columbia,surrey-bc,1124998.0,3.0,2.0,1448.0,House
British Columbia,surrey-bc,544800.0,2.0,2.0,1208.0,Apt/Condo
British Columbia,surrey-bc,4000000.0,4.0,3.0,3772.0,House
British Columbia,surrey-bc,750000.0,3.0,2.0,1252.0,Apt/Condo
British Columbia,surrey-bc,399000.0,1.0,1.0,727.0,Apt/Condo
British Columbia,surrey-bc,559900.0,2.0,2.0,1120.0,Apt/Condo
British Columbia,surrey-bc,1550000.0,6.0,3.0,2835.0,House
British Columbia,surrey-bc,539000.0,2.0,2.0,1153.0,Apt/Condo
British Columbia,surrey-bc,799900.0,3.0,3.0,1845.0,Townhouse
British Columbia,surrey-bc,1548800.0,4.0,3.0,2205.0,House
British Columbia,surrey-bc,819000.0,4.0,3.0,1542.0,Townhouse
British Columbia,surrey-bc,3588000.0,4.0,4.0,3131.0,House
British Columbia,surrey-bc,949000.0,3.0,3.0,1525.0,Townhouse
British Columbia,surrey-bc,690000.0,2.0,2.0,879.0,Apt/Condo
British Columbia,surrey-bc,1299000.0,4.0,3.0,2065.0,House
British Columbia,surrey-bc,684900.0,2.0,2.0,968.0,Apt/Condo
British Columbia,surrey-bc,995000.0,3.0,2.0,1556.0,Duplex
British Columbia,surrey-bc,1999990.0,8.0,4.0,4615.0,House
British Columbia,surrey-bc,545000.0,2.0,2.0,1047.0,Apt/Condo
British Columbia,surrey-bc,4400000.0,6.0,6.0,6527.0,House
British Columbia,surrey-bc,888000.0,3.0,2.0,1596.0,
British Columbia,surrey-bc,799900.0,3.0,2.0,1426.0,
British Columbia,surrey-bc,1098800.0,5.0,3.0,2272.0,
British Columbia,surrey-bc,,,,,
British Columbia,surrey-bc,1548600.0,4.0,3.0,2721.0,House
British Columbia,surrey-bc,540000.0,2.0,2.0,845.0,Apt/Condo
British Columbia,surrey-bc,799900.0,2.0,2.0,1220.0,Apt/Condo
British Columbia,surrey-bc,1988800.0,8.0,8.0,5082.0,House
British Columbia,surrey-bc,509000.0,2.0,2.0,1068.0,Apt/Condo
British Columbia,surrey-bc,310000.0,1.0,1.0,493.0,Apt/Condo
British Columbia,surrey-bc,2180000.0,3.0,2.0,2060.0,House
British Columbia,surrey-bc,1264888.0,6.0,4.0,3344.0,House
British Columbia,surrey-bc,519000.0,2.0,2.0,855.0,Apt/Condo
British Columbia,surrey-bc,1199888.0,5.0,4.0,2281.0,House
British Columbia,surrey-bc,699900.0,2.0,2.0,1058.0,Apt/Condo
British Columbia,surrey-bc,1099900.0,2.0,2.0,987.0,Apt/Condo
British Columbia,surrey-bc,739800.0,1.0,1.0,780.0,Apt/Condo
British Columbia,surrey-bc,599888.0,2.0,2.0,756.0,Apt/Condo
British Columbia,surrey-bc,574900.0,2.0,2.0,989.0,Apt/Condo
British Columbia,surrey-bc,479000.0,1.0,1.0,678.0,Apt/Condo
British Columbia,surrey-bc,799000.0,2.0,2.0,1503.0,Apt/Condo
British Columbia,surrey-bc,389900.0,2.0,1.0,904.0,Apt/Condo
British Columbia,surrey-bc,625000.0,2.0,2.0,797.0,Apt/Condo
British Columbia,surrey-bc,429999.0,1.0,1.0,587.0,Apt/Condo
British Columbia,surrey-bc,1150000.0,3.0,2.0,1814.0,House
British Columbia,surrey-bc,888000.0,3.0,2.0,1596.0,
British Columbia,surrey-bc,799900.0,3.0,2.0,1426.0,
British Columbia,surrey-bc,1098800.0,5.0,3.0,2272.0,
British Columbia,surrey-bc,,,,,
British Columbia,surrey-bc,939000.0,4.0,4.0,1945.0,Townhouse
British Columbia,surrey-bc,748800.0,3.0,2.0,1559.0,Townhouse
British Columbia,surrey-bc,1349000.0,5.0,3.0,2570.0,House
British Columbia,surrey-bc,568000.0,2.0,2.0,1227.0,Apt/Condo
British Columbia,surrey-bc,1099800.0,3.0,4.0,1893.0,Townhouse
British Columbia,surrey-bc,1199888.0,5.0,4.0,2281.0,House
British Columbia,surrey-bc,1174500.0,4.0,4.0,2858.0,Townhouse
British Columbia,surrey-bc,1525000.0,5.0,3.0,3174.0,House
British Columbia,surrey-bc,1775000.0,2.0,1.0,1190.0,House
British Columbia,surrey-bc,3388000.0,10.0,9.0,6190.0,House
British Columbia,surrey-bc,399800.0,1.0,1.0,775.0,Apt/Condo
British Columbia,surrey-bc,879999.0,4.0,4.0,1586.0,Townhouse
British Columbia,surrey-bc,670000.0,2.0,2.0,1314.0,Townhouse
British Columbia,surrey-bc,1059000.0,4.0,3.0,2185.0,Townhouse
British Columbia,surrey-bc,649000.0,2.0,2.0,801.0,Apt/Condo
British Columbia,surrey-bc,679999.0,2.0,1.0,1220.0,Townhouse
British Columbia,surrey-bc,879900.0,4.0,4.0,1550.0,Townhouse
British Columbia,surrey-bc,799900.0,4.0,3.0,1454.0,Townhouse
British Columbia,surrey-bc,2425000.0,7.0,7.0,4990.0,House
British Columbia,surrey-bc,1489800.0,4.0,3.0,2340.0,House
British Columbia,surrey-bc,765000.0,3.0,2.0,1692.0,Townhouse
British Columbia,surrey-bc,888000.0,3.0,2.0,1596.0,
British Columbia,surrey-bc,799900.0,3.0,2.0,1426.0,
British Columbia,surrey-bc,1098800.0,5.0,3.0,2272.0,
British Columbia,surrey-bc,,,,,
British Columbia,surrey-bc,425000.0,1.0,1.0,461.0,Apt/Condo
British Columbia,surrey-bc,529900.0,2.0,2.0,1097.0,Apt/Condo
British Columbia,surrey-bc,7688000.0,5.0,7.0,9500.0,House
British Columbia,surrey-bc,1638880.0,4.0,3.0,2700.0,House
British Columbia,surrey-bc,499999.0,2.0,2.0,766.0,Apt/Condo
British Columbia,surrey-bc,1175000.0,4.0,2.0,2624.0,House
British Columbia,surrey-bc,929900.0,3.0,3.0,1475.0,Townhouse
British Columbia,surrey-bc,749000.0,2.0,2.0,1326.0,Townhouse
British Columbia,surrey-bc,1575000.0,6.0,5.0,3710.0,House
British Columbia,surrey-bc,3990000.0,4.0,3.0,2486.0,House
British Columbia,surrey-bc,1999888.0,0.0,,,Land/Lot
British Columbia,surrey-bc,1999888.0,0.0,,,Land/Lot
British Columbia,surrey-bc,499900.0,1.0,1.0,636.0,Apt/Condo
British Columbia,surrey-bc,1798000.0,8.0,6.0,3890.0,House
British Columbia,surrey-bc,1124998.0,3.0,2.0,1448.0,House
British Columbia,surrey-bc,475000.0,1.0,1.0,590.0,Apt/Condo
British Columbia,surrey-bc,549000.0,1.0,1.0,803.0,Apt/Condo
British Columbia,surrey-bc,1098000.0,3.0,3.0,2014.0,Townhouse
British Columbia,surrey-bc,835000.0,4.0,3.0,1537.0,Townhouse
British Columbia,surrey-bc,1999888.0,0.0,,,Land/Lot
British Columbia,surrey-bc,779990.0,3.0,3.0,1371.0,Townhouse
British Columbia,surrey-bc,888000.0,3.0,2.0,1596.0,
British Columbia,surrey-bc,799900.0,3.0,2.0,1426.0,
British Columbia,surrey-bc,1098800.0,5.0,3.0,2272.0,
British Columbia,surrey-bc,,,,,
British Columbia,surrey-bc,849900.0,4.0,3.0,1730.0,Townhouse
British Columbia,surrey-bc,2180000.0,3.0,2.0,2060.0,House
British Columbia,surrey-bc,599777.0,2.0,2.0,1025.0,Apt/Condo
British Columbia,surrey-bc,750000.0,2.0,2.0,873.0,Apt/Condo
British Columbia,surrey-bc,1198900.0,4.0,1.0,1307.0,House
British Columbia,surrey-bc,899000.0,3.0,3.0,1683.0,Townhouse
British Columbia,surrey-bc,549900.0,2.0,2.0,1285.0,Townhouse
British Columbia,surrey-bc,6980000.0,8.0,9.0,10643.0,House
British Columbia,surrey-bc,1149000.0,4.0,3.0,2435.0,House
British Columbia,surrey-bc,1980000.0,8.0,6.0,3457.0,House
British Columbia,surrey-bc,1998000.0,4.0,2.0,2407.0,House
British Columbia,surrey-bc,1599900.0,7.0,6.0,3328.0,House
British Columbia,surrey-bc,1849900.0,4.0,5.0,4513.0,Townhouse
British Columbia,surrey-bc,1649888.0,7.0,6.0,3596.0,House
British Columbia,surrey-bc,839000.0,3.0,3.0,1452.0,Townhouse
British Columbia,surrey-bc,929900.0,0.0,2.0,834.0,Apt/Condo
British Columbia,surrey-bc,1495000.0,5.0,3.0,2793.0,House
British Columbia,surrey-bc,648800.0,3.0,2.0,863.0,Apt/Condo
British Columbia,surrey-bc,1348800.0,5.0,4.0,2784.0,House
British Columbia,surrey-bc,749999.0,3.0,2.0,1768.0,Townhouse
British Columbia,surrey-bc,3499000.0,0.0,,,Land/Lot
British Columbia,surrey-bc,888000.0,3.0,2.0,1596.0,
British Columbia,surrey-bc,799900.0,3.0,2.0,1426.0,
British Columbia,surrey-bc,1098800.0,5.0,3.0,2272.0,
British Columbia,surrey-bc,,,,,
British Columbia,surrey-bc,470000.0,1.0,1.0,815.0,Apt/Condo
British Columbia,surrey-bc,998000.0,2.0,3.0,1450.0,Townhouse
British Columbia,surrey-bc,540000.0,2.0,2.0,845.0,Apt/Condo
British Columbia,surrey-bc,1498600.0,3.0,1.0,1893.0,House
British Columbia,surrey-bc,889000.0,3.0,3.0,1341.0,Townhouse
British Columbia,surrey-bc,1218000.0,5.0,4.0,2433.0,House
British Columbia,surrey-bc,558800.0,2.0,2.0,907.0,Apt/Condo
British Columbia,surrey-bc,1669000.0,7.0,7.0,3040.0,House
British Columbia,surrey-bc,1249900.0,4.0,4.0,2179.0,Townhouse
British Columbia,surrey-bc,1588000.0,3.0,2.0,1849.0,House
British Columbia,surrey-bc,1780000.0,5.0,5.0,2411.0,Duplex
British Columbia,surrey-bc,429000.0,1.0,1.0,569.0,Apt/Condo
British Columbia,surrey-bc,1775000.0,5.0,5.0,3494.0,House
British Columbia,surrey-bc,638800.0,2.0,2.0,1438.0,Townhouse
British Columbia,surrey-bc,328000.0,1.0,1.0,631.0,Apt/Condo
British Columbia,surrey-bc,1529000.0,6.0,4.0,3240.0,House
British Columbia,surrey-bc,515000.0,1.0,1.0,840.0,Apt/Condo
British Columbia,surrey-bc,1339900.0,3.0,3.0,2176.0,House
British Columbia,surrey-bc,999900.0,4.0,4.0,1946.0,Townhouse
British Columbia,surrey-bc,719000.0,2.0,3.0,1347.0,Townhouse
British Columbia,surrey-bc,489000.0,1.0,2.0,848.0,Apt/Condo
British Columbia,surrey-bc,888000.0,3.0,2.0,1596.0,
British Columbia,surrey-bc,799900.0,3.0,2.0,1426.0,
British Columbia,surrey-bc,1098800.0,5.0,3.0,2272.0,
British Columbia,burnaby-bc,,,,,
British Columbia,burnaby-bc,978000.0,3.0,2.0,1000.0,Apt/Condo
British Columbia,burnaby-bc,1199999.0,3.0,3.0,1095.0,Duplex
British Columbia,burnaby-bc,748800.0,2.0,2.0,849.0,Apt/Condo
British Columbia,burnaby-bc,599000.0,1.0,1.0,595.0,Apt/Condo
British Columbia,burnaby-bc,788000.0,4.0,2.0,1315.0,Townhouse
British Columbia,burnaby-bc,838000.0,2.0,2.0,879.0,Apt/Condo
British Columbia,burnaby-bc,1790000.0,9.0,4.0,3114.0,Duplex
British Columbia,burnaby-bc,688000.0,2.0,2.0,797.0,Apt/Condo
British Columbia,burnaby-bc,978000.0,2.0,2.0,934.0,Apt/Condo
British Columbia,burnaby-bc,786000.0,2.0,2.0,1138.0,Apt/Condo
British Columbia,burnaby-bc,879900.0,3.0,2.0,1296.0,Townhouse
British Columbia,burnaby-bc,1129000.0,2.0,2.0,1012.0,Apt/Condo
British Columbia,burnaby-bc,799900.0,3.0,2.0,1233.0,Townhouse
British Columbia,burnaby-bc,995000.0,4.0,3.0,1786.0,Townhouse
British Columbia,burnaby-bc,599999.0,2.0,1.0,763.0,Apt/Condo
British Columbia,burnaby-bc,649000.0,1.0,1.0,636.0,Apt/Condo
British Columbia,burnaby-bc,3600000.0,6.0,8.0,4083.0,House
British Columbia,burnaby-bc,1869900.0,6.0,3.0,2355.0,House
British Columbia,burnaby-bc,599900.0,2.0,1.0,989.0,Apt/Condo
British Columbia,burnaby-bc,759900.0,2.0,2.0,826.0,Apt/Condo
British Columbia,burnaby-bc,799000.0,2.0,2.0,777.0,Apt/Condo
British Columbia,burnaby-bc,438000.0,1.0,1.0,754.0,
British Columbia,burnaby-bc,579000.0,1.0,1.0,566.0,
British Columbia,burnaby-bc,799900.0,3.0,1.0,1233.0,
British Columbia,burnaby-bc,,,,,
British Columbia,burnaby-bc,2798000.0,5.0,5.0,3464.0,House
British Columbia,burnaby-bc,599999.0,1.0,1.0,707.0,Apt/Condo
British Columbia,burnaby-bc,703888.0,2.0,2.0,702.0,Apt/Condo
British Columbia,burnaby-bc,888800.0,2.0,2.0,905.0,Apt/Condo
British Columbia,burnaby-bc,699900.0,2.0,2.0,995.0,Apt/Condo
British Columbia,burnaby-bc,829900.0,2.0,2.0,864.0,Apt/Condo
British Columbia,burnaby-bc,579000.0,1.0,1.0,566.0,Apt/Condo
British Columbia,burnaby-bc,778000.0,2.0,2.0,940.0,Apt/Condo
British Columbia,burnaby-bc,1988000.0,4.0,2.0,2583.0,House
British Columbia,burnaby-bc,2399900.0,9.0,5.0,5300.0,House
British Columbia,burnaby-bc,1190000.0,3.0,1.0,1065.0,House
British Columbia,burnaby-bc,1098000.0,3.0,2.0,1103.0,Apt/Condo
British Columbia,burnaby-bc,1599900.0,3.0,2.0,1370.0,Apt/Condo
British Columbia,burnaby-bc,1249000.0,4.0,2.0,1188.0,Duplex
British Columbia,burnaby-bc,488000.0,1.0,1.0,761.0,Apt/Condo
British Columbia,burnaby-bc,745000.0,2.0,2.0,1085.0,Apt/Condo
British Columbia,burnaby-bc,1688000.0,4.0,2.0,1927.0,House
British Columbia,burnaby-bc,1998000.0,5.0,2.0,2407.0,House
British Columbia,burnaby-bc,948000.0,2.0,2.0,1473.0,Apt/Condo
British Columbia,burnaby-bc,679900.0,1.0,1.0,584.0,Apt/Condo
British Columbia,burnaby-bc,2388000.0,4.0,3.0,3401.0,House
British Columbia,burnaby-bc,438000.0,1.0,1.0,754.0,
British Columbia,burnaby-bc,579000.0,1.0,1.0,566.0,
British Columbia,burnaby-bc,799900.0,3.0,1.0,1233.0,
British Columbia,burnaby-bc,,,,,
British Columbia,burnaby-bc,799000.0,2.0,2.0,756.0,Apt/Condo
British Columbia,burnaby-bc,2399900.0,9.0,5.0,5300.0,House
British Columbia,burnaby-bc,1999000.0,4.0,4.0,2601.0,House
British Columbia,burnaby-bc,990000.0,3.0,3.0,1463.0,Townhouse
British Columbia,burnaby-bc,548000.0,1.0,1.0,534.0,Apt/Condo
British Columbia,burnaby-bc,799000.0,2.0,2.0,887.0,Apt/Condo
British Columbia,burnaby-bc,1498000.0,3.0,3.0,1751.0,Duplex
British Columbia,burnaby-bc,815000.0,2.0,2.0,1040.0,Apt/Condo
British Columbia,burnaby-bc,399800.0,1.0,1.0,706.0,Apt/Condo
British Columbia,burnaby-bc,600000.0,1.0,1.0,643.0,Apt/Condo
British Columbia,burnaby-bc,565000.0,1.0,1.0,733.0,Apt/Condo
British Columbia,burnaby-bc,732800.0,2.0,2.0,863.0,Apt/Condo
British Columbia,burnaby-bc,9520000.0,0.0,,,Land/Lot
British Columbia,burnaby-bc,1499999.0,6.0,4.0,1862.0,Duplex
British Columbia,burnaby-bc,495000.0,2.0,1.0,730.0,Apt/Condo
British Columbia,burnaby-bc,749900.0,2.0,2.0,1181.0,Apt/Condo
British Columbia,burnaby-bc,4288000.0,8.0,8.0,6549.0,House
British Columbia,burnaby-bc,585000.0,1.0,1.0,918.0,Apt/Condo
British Columbia,burnaby-bc,958000.0,3.0,3.0,1115.0,Townhouse
British Columbia,burnaby-bc,3210000.0,2.0,1.0,1396.0,House
British Columbia,burnaby-bc,6310000.0,4.0,5.0,6048.0,House
British Columbia,burnaby-bc,438000.0,1.0,1.0,754.0,
British Columbia,burnaby-bc,579000.0,1.0,1.0,566.0,
British Columbia,burnaby-bc,799900.0,3.0,1.0,1233.0,
British Columbia,burnaby-bc,,,,,
British Columbia,burnaby-bc,3488000.0,8.0,10.0,4985.0,House
British Columbia,burnaby-bc,2999000.0,2.0,2.0,1523.0,House
British Columbia,burnaby-bc,1249000.0,4.0,3.0,1919.0,Townhouse
British Columbia,burnaby-bc,3198000.0,6.0,6.0,3983.0,House
British Columbia,burnaby-bc,1433900.0,3.0,2.0,1073.0,Apt/Condo
British Columbia,burnaby-bc,727900.0,1.0,1.0,548.0,Apt/Condo
British Columbia,burnaby-bc,565900.0,1.0,1.0,443.0,Apt/Condo
British Columbia,burnaby-bc,869900.0,2.0,1.0,743.0,Apt/Condo
British Columbia,burnaby-bc,799999.0,2.0,2.0,727.0,Apt/Condo
British Columbia,burnaby-bc,2388000.0,6.0,6.0,3235.0,Duplex
British Columbia,burnaby-bc,1188888.0,0.0,0.0,2136.0,House
British Columbia,burnaby-bc,1799000.0,6.0,3.0,3390.0,House
British Columbia,burnaby-bc,3299000.0,10.0,11.0,5157.0,House
British Columbia,burnaby-bc,575000.0,2.0,2.0,895.0,Apt/Condo
British Columbia,burnaby-bc,949800.0,2.0,2.0,800.0,Apt/Condo
British Columbia,burnaby-bc,659000.0,1.0,1.0,637.0,Apt/Condo
British Columbia,burnaby-bc,588000.0,1.0,1.0,727.0,Apt/Condo
British Columbia,burnaby-bc,798800.0,2.0,2.0,913.0,Apt/Condo
British Columbia,burnaby-bc,1695000.0,4.0,3.0,2184.0,House
British Columbia,burnaby-bc,4888000.0,7.0,8.0,5921.0,House
British Columbia,burnaby-bc,685000.0,2.0,2.0,855.0,Apt/Condo
British Columbia,burnaby-bc,438000.0,1.0,1.0,754.0,
British Columbia,burnaby-bc,579000.0,1.0,1.0,566.0,
British Columbia,burnaby-bc,799900.0,3.0,1.0,1233.0,
British Columbia,burnaby-bc,,,,,
British Columbia,burnaby-bc,865000.0,2.0,2.0,1186.0,Apt/Condo
British Columbia,burnaby-bc,1199999.0,3.0,3.0,1095.0,Duplex
British Columbia,burnaby-bc,849999.0,2.0,2.0,974.0,Apt/Condo
British Columbia,burnaby-bc,745000.0,2.0,2.0,1079.0,Apt/Condo
British Columbia,burnaby-bc,899000.0,3.0,3.0,1350.0,Townhouse
British Columbia,burnaby-bc,899999.0,2.0,2.0,798.0,Apt/Condo
British Columbia,burnaby-bc,438000.0,1.0,1.0,754.0,Apt/Condo
British Columbia,burnaby-bc,699000.0,2.0,2.0,721.0,Apt/Condo
British Columbia,burnaby-bc,1695000.0,6.0,3.0,2119.0,House
British Columbia,burnaby-bc,628000.0,2.0,2.0,800.0,Apt/Condo
British Columbia,burnaby-bc,1499000.0,4.0,2.0,1900.0,House
British Columbia,burnaby-bc,650000.0,2.0,2.0,828.0,Apt/Condo
British Columbia,burnaby-bc,999000.0,4.0,4.0,1754.0,Townhouse
British Columbia,burnaby-bc,788000.0,2.0,2.0,803.0,Apt/Condo
British Columbia,burnaby-bc,699000.0,2.0,2.0,764.0,Apt/Condo
British Columbia,burnaby-bc,669000.0,2.0,2.0,769.0,Apt/Condo
British Columbia,burnaby-bc,2198000.0,3.0,2.0,1830.0,House
British Columbia,burnaby-bc,2499999.0,8.0,6.0,4126.0,House
British Columbia,burnaby-bc,529000.0,1.0,1.0,614.0,Apt/Condo
British Columbia,burnaby-bc,735000.0,2.0,1.0,925.0,Townhouse
British Columbia,burnaby-bc,1099900.0,2.0,2.0,1030.0,Apt/Condo
British Columbia,burnaby-bc,438000.0,1.0,1.0,754.0,
British Columbia,burnaby-bc,579000.0,1.0,1.0,566.0,
British Columbia,burnaby-bc,799900.0,3.0,1.0,1233.0,
British Columbia,burnaby-bc,,,,,
British Columbia,burnaby-bc,544000.0,1.0,1.0,632.0,Apt/Condo
British Columbia,burnaby-bc,369000.0,1.0,1.0,673.0,Apt/Condo
British Columbia,burnaby-bc,1518000.0,3.0,3.0,1340.0,Townhouse
British Columbia,burnaby-bc,1508000.0,3.0,3.0,1384.0,Townhouse
British Columbia,burnaby-bc,1528000.0,3.0,3.0,1341.0,Townhouse
British Columbia,burnaby-bc,849900.0,2.0,2.0,877.0,Apt/Condo
British Columbia,burnaby-bc,539900.0,1.0,1.0,558.0,Apt/Condo
British Columbia,burnaby-bc,749000.0,2.0,2.0,1097.0,Townhouse
British Columbia,burnaby-bc,2080000.0,5.0,2.0,2361.0,House
British Columbia,burnaby-bc,1580000.0,4.0,2.0,2168.0,House
British Columbia,burnaby-bc,638000.0,1.0,1.0,607.0,Apt/Condo
British Columbia,burnaby-bc,950000.0,2.0,2.0,912.0,Apt/Condo
British Columbia,burnaby-bc,978000.0,2.0,2.0,813.0,Apt/Condo
British Columbia,burnaby-bc,2199000.0,6.0,5.0,2740.0,Duplex
British Columbia,burnaby-bc,799000.0,2.0,2.0,814.0,Apt/Condo
British Columbia,burnaby-bc,1199999.0,3.0,3.0,1095.0,Duplex
British Columbia,burnaby-bc,2375000.0,3.0,3.0,3450.0,House
British Columbia,burnaby-bc,1128000.0,3.0,2.0,1257.0,Apt/Condo
British Columbia,burnaby-bc,1849900.0,5.0,2.0,2296.0,House
British Columbia,burnaby-bc,2588000.0,6.0,4.0,2847.0,House
British Columbia,burnaby-bc,818000.0,2.0,2.0,828.0,Apt/Condo
British Columbia,burnaby-bc,438000.0,1.0,1.0,754.0,
British Columbia,burnaby-bc,579000.0,1.0,1.0,566.0,
British Columbia,burnaby-bc,799900.0,3.0,1.0,1233.0,
British Columbia,burnaby-bc,,,,,
British Columbia,burnaby-bc,868000.0,2.0,2.0,1236.0,Apt/Condo
British Columbia,burnaby-bc,1790000.0,9.0,4.0,3114.0,Duplex
British Columbia,burnaby-bc,1428800.0,4.0,2.0,1321.0,Duplex
British Columbia,burnaby-bc,2698000.0,7.0,7.0,4031.0,House
British Columbia,burnaby-bc,1688000.0,4.0,2.0,2094.0,House
British Columbia,burnaby-bc,1079000.0,2.0,2.0,1071.0,Apt/Condo
British Columbia,burnaby-bc,948800.0,2.0,2.0,887.0,Apt/Condo
British Columbia,burnaby-bc,1358000.0,3.0,3.0,1322.0,Townhouse
British Columbia,burnaby-bc,2149888.0,6.0,5.0,2625.0,Duplex
British Columbia,burnaby-bc,424900.0,1.0,1.0,737.0,Apt/Condo
British Columbia,burnaby-bc,1099000.0,2.0,3.0,1235.0,Townhouse
British Columbia,burnaby-bc,1999000.0,5.0,5.0,2522.0,Duplex
British Columbia,burnaby-bc,1577888.0,3.0,4.0,2078.0,Duplex
British Columbia,burnaby-bc,2189000.0,3.0,3.0,2360.0,House
British Columbia,burnaby-bc,1890000.0,6.0,3.0,2923.0,House
British Columbia,burnaby-bc,2999000.0,2.0,2.0,1523.0,House
British Columbia,burnaby-bc,2099000.0,4.0,4.0,2145.0,Duplex
British Columbia,burnaby-bc,489000.0,1.0,1.0,484.0,Apt/Condo
British Columbia,burnaby-bc,879900.0,3.0,2.0,926.0,Apt/Condo
British Columbia,burnaby-bc,1098000.0,2.0,2.0,977.0,Apt/Condo
British Columbia,burnaby-bc,3388000.0,9.0,7.0,4244.0,House
British Columbia,burnaby-bc,438000.0,1.0,1.0,754.0,
British Columbia,burnaby-bc,579000.0,1.0,1.0,566.0,
British Columbia,burnaby-bc,799900.0,3.0,1.0,1233.0,
British Columbia,burnaby-bc,,,,,
British Columbia,burnaby-bc,450000.0,1.0,1.0,754.0,Apt/Condo
British Columbia,burnaby-bc,727900.0,1.0,1.0,548.0,Apt/Condo
British Columbia,burnaby-bc,1699000.0,6.0,2.0,2536.0,House
British Columbia,burnaby-bc,760000.0,2.0,2.0,872.0,Apt/Condo
British Columbia,burnaby-bc,829000.0,2.0,2.0,866.0,Apt/Condo
British Columbia,burnaby-bc,1599900.0,3.0,4.0,2074.0,Duplex
British Columbia,burnaby-bc,1599900.0,3.0,4.0,2078.0,Duplex
British Columbia,burnaby-bc,539000.0,2.0,2.0,962.0,Apt/Condo
British Columbia,burnaby-bc,1099000.0,2.0,2.0,1341.0,Townhouse
British Columbia,burnaby-bc,3268000.0,7.0,7.0,3587.0,House
British Columbia,burnaby-bc,369000.0,1.0,1.0,673.0,Apt/Condo
British Columbia,burnaby-bc,799900.0,2.0,2.0,922.0,Apt/Condo
British Columbia,burnaby-bc,688000.0,2.0,2.0,841.0,Apt/Condo
British Columbia,burnaby-bc,615000.0,2.0,2.0,897.0,Apt/Condo
British Columbia,burnaby-bc,2988000.0,6.0,7.0,3976.0,House
British Columbia,burnaby-bc,849000.0,2.0,2.0,880.0,Apt/Condo
British Columbia,burnaby-bc,2799000.0,9.0,7.0,4172.0,House
British Columbia,burnaby-bc,625000.0,2.0,1.0,644.0,Apt/Condo
British Columbia,burnaby-bc,475000.0,2.0,1.0,823.0,Apt/Condo
British Columbia,burnaby-bc,799000.0,2.0,1.0,691.0,Apt/Condo
British Columbia,burnaby-bc,699000.0,2.0,2.0,809.0,Apt/Condo
British Columbia,burnaby-bc,438000.0,1.0,1.0,754.0,
British Columbia,burnaby-bc,579000.0,1.0,1.0,566.0,
British Columbia,burnaby-bc,799900.0,3.0,1.0,1233.0,
British Columbia,burnaby-bc,,,,,
British Columbia,burnaby-bc,699000.0,2.0,2.0,931.0,Apt/Condo
British Columbia,burnaby-bc,369000.0,1.0,1.0,673.0,Apt/Condo
British Columbia,burnaby-bc,1699000.0,3.0,3.0,2181.0,House
British Columbia,burnaby-bc,525000.0,1.0,1.0,655.0,Apt/Condo
British Columbia,burnaby-bc,1995000.0,6.0,3.0,3122.0,House
British Columbia,burnaby-bc,639000.0,2.0,2.0,986.0,Apt/Condo
British Columbia,burnaby-bc,1098880.0,2.0,2.0,1117.0,Apt/Condo
British Columbia,burnaby-bc,1868000.0,5.0,4.0,2387.0,House
British Columbia,burnaby-bc,1849990.0,6.0,3.0,2653.0,House
British Columbia,burnaby-bc,569000.0,1.0,1.0,637.0,Apt/Condo
British Columbia,burnaby-bc,650000.0,2.0,2.0,870.0,Apt/Condo
British Columbia,burnaby-bc,660000.0,2.0,2.0,1045.0,Apt/Condo
British Columbia,burnaby-bc,1088000.0,2.0,2.0,1288.0,Apt/Condo
British Columbia,burnaby-bc,1999000.0,5.0,5.0,2522.0,Duplex
British Columbia,burnaby-bc,2399000.0,6.0,4.0,3502.0,House
British Columbia,burnaby-bc,2699000.0,6.0,7.0,4165.0,House
British Columbia,burnaby-bc,1999000.0,5.0,2.0,2578.0,House
British Columbia,burnaby-bc,649900.0,2.0,2.0,886.0,Apt/Condo
British Columbia,burnaby-bc,1998000.0,4.0,3.0,2065.0,House
British Columbia,burnaby-bc,738000.0,2.0,2.0,1256.0,Townhouse
British Columbia,burnaby-bc,1599900.0,3.0,2.0,2326.0,House
British Columbia,burnaby-bc,438000.0,1.0,1.0,754.0,
British Columbia,burnaby-bc,579000.0,1.0,1.0,566.0,
British Columbia,burnaby-bc,799900.0,3.0,1.0,1233.0,
British Columbia,burnaby-bc,,,,,
British Columbia,burnaby-bc,815000.0,2.0,2.0,792.0,Apt/Condo
British Columbia,burnaby-bc,2080000.0,5.0,2.0,2361.0,House
British Columbia,burnaby-bc,1169900.0,2.0,2.0,1012.0,Apt/Condo
British Columbia,burnaby-bc,1180000.0,2.0,2.0,989.0,Apt/Condo
British Columbia,burnaby-bc,499000.0,1.0,1.0,634.0,Apt/Condo
British Columbia,burnaby-bc,2500000.0,3.0,2.0,2398.0,House
British Columbia,burnaby-bc,629000.0,2.0,1.0,932.0,Apt/Condo
British Columbia,burnaby-bc,2599000.0,6.0,3.0,3240.0,House
British Columbia,burnaby-bc,3688000.0,9.0,8.0,5922.0,House
British Columbia,burnaby-bc,735000.0,2.0,2.0,880.0,Apt/Condo
British Columbia,burnaby-bc,938000.0,2.0,2.0,884.0,Apt/Condo
British Columbia,burnaby-bc,3188000.0,6.0,5.0,4584.0,House
British Columbia,burnaby-bc,649000.0,1.0,1.0,588.0,Apt/Condo
British Columbia,burnaby-bc,398000.0,1.0,1.0,565.0,Apt/Condo
British Columbia,burnaby-bc,479000.0,1.0,1.0,716.0,Apt/Condo
British Columbia,burnaby-bc,1725000.0,4.0,2.0,2110.0,House
British Columbia,burnaby-bc,3850000.0,9.0,8.0,4736.0,House
British Columbia,burnaby-bc,1499900.0,5.0,3.0,2045.0,House
British Columbia,burnaby-bc,529000.0,2.0,2.0,857.0,Apt/Condo
British Columbia,burnaby-bc,788000.0,2.0,2.0,749.0,Apt/Condo
British Columbia,burnaby-bc,2428000.0,5.0,2.0,2000.0,House
British Columbia,burnaby-bc,438000.0,1.0,1.0,754.0,
British Columbia,burnaby-bc,579000.0,1.0,1.0,566.0,
British Columbia,burnaby-bc,799900.0,3.0,1.0,1233.0,
British Columbia,burnaby-bc,,,,,
British Columbia,burnaby-bc,679000.0,2.0,2.0,816.0,Apt/Condo
British Columbia,burnaby-bc,525000.0,1.0,1.0,655.0,Apt/Condo
British Columbia,burnaby-bc,549000.0,1.0,1.0,496.0,Apt/Condo
British Columbia,burnaby-bc,1699000.0,5.0,3.0,2500.0,House
British Columbia,burnaby-bc,799000.0,1.0,1.0,854.0,Apt/Condo
British Columbia,burnaby-bc,875000.0,2.0,2.0,1099.0,Townhouse
British Columbia,burnaby-bc,829000.0,2.0,2.0,808.0,Apt/Condo
British Columbia,burnaby-bc,568000.0,2.0,2.0,875.0,Apt/Condo
British Columbia,burnaby-bc,788000.0,2.0,2.0,797.0,Apt/Condo
British Columbia,burnaby-bc,3180000.0,6.0,6.0,4573.0,House
British Columbia,burnaby-bc,599000.0,2.0,2.0,842.0,Apt/Condo
British Columbia,burnaby-bc,538000.0,1.0,1.0,470.0,Apt/Condo
British Columbia,burnaby-bc,2488888.0,8.0,8.0,4011.0,House
British Columbia,burnaby-bc,599800.0,2.0,1.0,920.0,Apt/Condo
British Columbia,burnaby-bc,899000.0,2.0,2.0,945.0,Apt/Condo
British Columbia,burnaby-bc,1719900.0,4.0,4.0,1928.0,Duplex
British Columbia,burnaby-bc,2180000.0,6.0,4.0,2227.0,House
British Columbia,burnaby-bc,829900.0,2.0,2.0,1177.0,Apt/Condo
British Columbia,burnaby-bc,1849000.0,4.0,3.0,2256.0,House
British Columbia,burnaby-bc,638800.0,1.0,1.0,612.0,Apt/Condo
British Columbia,burnaby-bc,598000.0,1.0,1.0,551.0,Apt/Condo
British Columbia,burnaby-bc,438000.0,1.0,1.0,754.0,
British Columbia,burnaby-bc,579000.0,1.0,1.0,566.0,
British Columbia,burnaby-bc,799900.0,3.0,1.0,1233.0,
British Columbia,burnaby-bc,,,,,
British Columbia,burnaby-bc,2590000.0,6.0,4.0,3862.0,House
British Columbia,burnaby-bc,1790000.0,9.0,4.0,3114.0,Duplex
British Columbia,burnaby-bc,2398000.0,6.0,6.0,3246.0,Duplex
British Columbia,burnaby-bc,449800.0,0.0,1.0,408.0,Apt/Condo
British Columbia,burnaby-bc,659000.0,2.0,2.0,988.0,Townhouse
British Columbia,burnaby-bc,2150000.0,4.0,3.0,2419.0,House
British Columbia,burnaby-bc,370000.0,1.0,1.0,749.0,Apt/Condo
British Columbia,burnaby-bc,2699000.0,7.0,7.0,4525.0,House
British Columbia,burnaby-bc,2588000.0,6.0,5.0,3718.0,House
British Columbia,burnaby-bc,850000.0,2.0,2.0,932.0,Apt/Condo
British Columbia,burnaby-bc,1698000.0,5.0,3.0,2531.0,House
British Columbia,burnaby-bc,1338000.0,2.0,2.0,978.0,Apt/Condo
British Columbia,burnaby-bc,2200000.0,2.0,2.0,2326.0,House
British Columbia,burnaby-bc,599000.0,1.0,1.0,583.0,Apt/Condo
British Columbia,burnaby-bc,1980000.0,5.0,2.0,2184.0,House
British Columbia,burnaby-bc,2999999.0,12.0,6.0,4700.0,House
British Columbia,burnaby-bc,3099000.0,7.0,7.0,3872.0,House
British Columbia,burnaby-bc,1699900.0,9.0,4.0,2938.0,House
British Columbia,burnaby-bc,619000.0,1.0,1.0,540.0,Apt/Condo
British Columbia,burnaby-bc,909000.0,2.0,2.0,909.0,Apt/Condo
British Columbia,burnaby-bc,1217000.0,4.0,3.0,2330.0,Townhouse
British Columbia,burnaby-bc,438000.0,1.0,1.0,754.0,
British Columbia,burnaby-bc,579000.0,1.0,1.0,566.0,
British Columbia,burnaby-bc,799900.0,3.0,1.0,1233.0,
British Columbia,burnaby-bc,,,,,
British Columbia,burnaby-bc,1999900.0,3.0,2.0,1494.0,House
British Columbia,burnaby-bc,2999000.0,2.0,2.0,1523.0,House
British Columbia,burnaby-bc,1398000.0,4.0,3.0,1651.0,Townhouse
British Columbia,burnaby-bc,569900.0,2.0,1.0,849.0,Apt/Condo
British Columbia,burnaby-bc,1024900.0,4.0,3.0,1776.0,Townhouse
British Columbia,burnaby-bc,1499000.0,6.0,2.0,2412.0,House
British Columbia,burnaby-bc,2098000.0,7.0,7.0,3102.0,Duplex
British Columbia,burnaby-bc,2588000.0,4.0,3.0,2521.0,House
British Columbia,burnaby-bc,1199000.0,2.0,3.0,1062.0,Apt/Condo
British Columbia,burnaby-bc,2098000.0,7.0,7.0,3102.0,Duplex
British Columbia,burnaby-bc,759000.0,2.0,2.0,906.0,Townhouse
British Columbia,burnaby-bc,799000.0,3.0,3.0,1326.0,Townhouse
British Columbia,burnaby-bc,1980000.0,4.0,4.0,2559.0,House
British Columbia,burnaby-bc,2159000.0,4.0,3.0,2687.0,House
British Columbia,burnaby-bc,949000.0,2.0,2.0,859.0,Apt/Condo
British Columbia,burnaby-bc,583000.0,1.0,1.0,504.0,Apt/Condo
British Columbia,burnaby-bc,689000.0,2.0,2.0,794.0,Apt/Condo
British Columbia,burnaby-bc,699000.0,2.0,2.0,929.0,Apt/Condo
British Columbia,burnaby-bc,728000.0,2.0,2.0,841.0,Apt/Condo
British Columbia,burnaby-bc,594800.0,2.0,2.0,953.0,Apt/Condo
British Columbia,burnaby-bc,1998000.0,6.0,5.0,2539.0,Duplex
British Columbia,burnaby-bc,438000.0,1.0,1.0,754.0,
British Columbia,burnaby-bc,579000.0,1.0,1.0,566.0,
British Columbia,burnaby-bc,799900.0,3.0,1.0,1233.0,
British Columbia,burnaby-bc,,,,,
British Columbia,burnaby-bc,765000.0,2.0,2.0,990.0,Apt/Condo
British Columbia,burnaby-bc,2999000.0,2.0,2.0,1523.0,House
British Columbia,burnaby-bc,809000.0,2.0,1.0,704.0,Apt/Condo
British Columbia,burnaby-bc,2788000.0,6.0,4.0,4503.0,House
British Columbia,burnaby-bc,524000.0,1.0,1.0,632.0,Apt/Condo
British Columbia,burnaby-bc,695000.0,2.0,2.0,763.0,Apt/Condo
British Columbia,burnaby-bc,1053000.0,3.0,3.0,1737.0,Townhouse
British Columbia,burnaby-bc,2898800.0,3.0,3.0,2885.0,Apt/Condo
British Columbia,burnaby-bc,2599999.0,5.0,3.0,3167.0,House
British Columbia,burnaby-bc,1698800.0,7.0,3.0,2468.0,House
British Columbia,burnaby-bc,5600000.0,5.0,6.0,5730.0,House
British Columbia,burnaby-bc,2499900.0,3.0,3.0,1835.0,Apt/Condo
British Columbia,burnaby-bc,3299900.0,4.0,5.0,4138.0,House
British Columbia,burnaby-bc,829000.0,2.0,2.0,1111.0,Apt/Condo
British Columbia,burnaby-bc,1119000.0,3.0,2.0,1998.0,Townhouse
British Columbia,burnaby-bc,968000.0,2.0,2.0,1298.0,Apt/Condo
British Columbia,burnaby-bc,599999.0,1.0,1.0,707.0,Apt/Condo
British Columbia,burnaby-bc,1199000.0,3.0,3.0,1242.0,Apt/Condo
British Columbia,burnaby-bc,899800.0,2.0,2.0,891.0,Apt/Condo
British Columbia,burnaby-bc,475000.0,1.0,1.0,681.0,Apt/Condo
British Columbia,burnaby-bc,559000.0,2.0,2.0,934.0,Apt/Condo
British Columbia,burnaby-bc,438000.0,1.0,1.0,754.0,
British Columbia,burnaby-bc,579000.0,1.0,1.0,566.0,
British Columbia,burnaby-bc,799900.0,3.0,1.0,1233.0,
British Columbia,burnaby-bc,,,,,
British Columbia,burnaby-bc,495000.0,1.0,1.0,615.0,Apt/Condo
British Columbia,burnaby-bc,569000.0,1.0,1.0,637.0,Apt/Condo
British Columbia,burnaby-bc,1199900.0,2.0,2.0,870.0,Apt/Condo
British Columbia,burnaby-bc,1999000.0,5.0,3.0,2521.0,House
British Columbia,burnaby-bc,968000.0,2.0,2.0,918.0,Apt/Condo
British Columbia,burnaby-bc,899000.0,2.0,2.0,1097.0,Apt/Condo
British Columbia,burnaby-bc,1759000.0,4.0,2.0,2066.0,House
British Columbia,burnaby-bc,838000.0,2.0,2.0,832.0,Apt/Condo
British Columbia,burnaby-bc,2799000.0,6.0,8.0,4500.0,House
British Columbia,burnaby-bc,549000.0,1.0,1.0,837.0,Apt/Condo
British Columbia,burnaby-bc,1260000.0,3.0,3.0,1272.0,Townhouse
British Columbia,burnaby-bc,645000.0,1.0,1.0,615.0,Apt/Condo
British Columbia,burnaby-bc,1190000.0,3.0,3.0,1615.0,Townhouse
British Columbia,burnaby-bc,659900.0,2.0,2.0,828.0,Apt/Condo
British Columbia,burnaby-bc,2550000.0,6.0,2.0,2155.0,House
British Columbia,burnaby-bc,1980000.0,4.0,4.0,2300.0,House
British Columbia,burnaby-bc,598000.0,1.0,1.0,521.0,Apt/Condo
British Columbia,burnaby-bc,1199900.0,3.0,2.0,1065.0,Apt/Condo
British Columbia,burnaby-bc,920000.0,2.0,2.0,865.0,Apt/Condo
British Columbia,burnaby-bc,1880000.0,4.0,4.0,1938.0,Duplex
British Columbia,burnaby-bc,2280000.0,6.0,4.0,3716.0,House
British Columbia,burnaby-bc,438000.0,1.0,1.0,754.0,
British Columbia,burnaby-bc,579000.0,1.0,1.0,566.0,
British Columbia,burnaby-bc,799900.0,3.0,1.0,1233.0,
British Columbia,burnaby-bc,,,,,
British Columbia,burnaby-bc,798000.0,2.0,2.0,761.0,Apt/Condo
British Columbia,burnaby-bc,2189000.0,3.0,3.0,2360.0,House
British Columbia,burnaby-bc,1999000.0,7.0,6.0,2133.0,House
British Columbia,burnaby-bc,2188000.0,4.0,3.0,2227.0,House
British Columbia,burnaby-bc,558000.0,1.0,1.0,634.0,Apt/Condo
British Columbia,burnaby-bc,795000.0,2.0,2.0,861.0,Apt/Condo
British Columbia,burnaby-bc,1125900.0,2.0,2.0,985.0,Apt/Condo
British Columbia,burnaby-bc,1888800.0,4.0,2.0,1886.0,House
British Columbia,burnaby-bc,1488000.0,3.0,3.0,1885.0,Townhouse
British Columbia,burnaby-bc,789900.0,2.0,2.0,1017.0,Townhouse
British Columbia,burnaby-bc,3180000.0,5.0,6.0,3085.0,House
British Columbia,burnaby-bc,3188888.0,7.0,9.0,4330.0,House
British Columbia,burnaby-bc,639900.0,2.0,2.0,788.0,Apt/Condo
British Columbia,burnaby-bc,846000.0,2.0,2.0,880.0,Apt/Condo
British Columbia,burnaby-bc,3650000.0,7.0,6.0,4320.0,House
British Columbia,burnaby-bc,2295000.0,4.0,3.0,3180.0,House
British Columbia,burnaby-bc,2490000.0,7.0,6.0,4505.0,House
British Columbia,burnaby-bc,649900.0,2.0,1.0,779.0,Apt/Condo
British Columbia,burnaby-bc,480000.0,2.0,1.0,864.0,Apt/Condo
British Columbia,burnaby-bc,574900.0,1.0,1.0,625.0,Apt/Condo
British Columbia,burnaby-bc,599999.0,1.0,1.0,665.0,Apt/Condo
British Columbia,burnaby-bc,438000.0,1.0,1.0,754.0,
British Columbia,burnaby-bc,579000.0,1.0,1.0,566.0,
British Columbia,burnaby-bc,799900.0,3.0,1.0,1233.0,
British Columbia,burnaby-bc,,,,,
British Columbia,burnaby-bc,1299999.0,6.0,4.0,2329.0,Duplex
British Columbia,burnaby-bc,2189000.0,3.0,3.0,2360.0,House
British Columbia,burnaby-bc,2348000.0,5.0,4.0,3808.0,House
British Columbia,burnaby-bc,699000.0,2.0,2.0,781.0,Apt/Condo
British Columbia,burnaby-bc,899900.0,2.0,3.0,1554.0,Townhouse
British Columbia,burnaby-bc,689900.0,1.0,1.0,613.0,Apt/Condo
British Columbia,burnaby-bc,629000.0,2.0,2.0,1085.0,Apt/Condo
British Columbia,burnaby-bc,949800.0,2.0,2.0,1297.0,Apt/Condo
British Columbia,burnaby-bc,2099000.0,4.0,3.0,2302.0,House
British Columbia,burnaby-bc,729900.0,2.0,2.0,875.0,Apt/Condo
British Columbia,burnaby-bc,938000.0,2.0,2.0,990.0,Apt/Condo
British Columbia,burnaby-bc,2398000.0,5.0,4.0,2615.0,House
British Columbia,burnaby-bc,579800.0,1.0,1.0,550.0,Apt/Condo
British Columbia,burnaby-bc,1239900.0,3.0,2.0,1175.0,Apt/Condo
British Columbia,burnaby-bc,699900.0,1.0,1.0,595.0,Apt/Condo
British Columbia,burnaby-bc,999900.0,3.0,2.0,1113.0,Apt/Condo
British Columbia,burnaby-bc,899000.0,3.0,2.0,939.0,Apt/Condo
British Columbia,burnaby-bc,1090000.0,3.0,3.0,1129.0,Townhouse
British Columbia,burnaby-bc,585000.0,1.0,1.0,625.0,Apt/Condo
British Columbia,burnaby-bc,585000.0,1.0,1.0,628.0,Apt/Condo
British Columbia,burnaby-bc,2389000.0,6.0,2.0,2580.0,House
British Columbia,burnaby-bc,438000.0,1.0,1.0,754.0,
British Columbia,burnaby-bc,579000.0,1.0,1.0,566.0,
British Columbia,burnaby-bc,799900.0,3.0,1.0,1233.0,
British Columbia,burnaby-bc,,,,,
British Columbia,burnaby-bc,869000.0,2.0,2.0,736.0,Apt/Condo
British Columbia,burnaby-bc,2080000.0,5.0,2.0,2361.0,House
British Columbia,burnaby-bc,1090000.0,2.0,2.0,964.0,Apt/Condo
British Columbia,burnaby-bc,1199000.0,3.0,3.0,1278.0,Townhouse
British Columbia,burnaby-bc,1699000.0,5.0,5.0,2154.0,Duplex
British Columbia,burnaby-bc,2188000.0,6.0,4.0,4462.0,House
British Columbia,burnaby-bc,918800.0,2.0,2.0,1042.0,Apt/Condo
British Columbia,burnaby-bc,1649999.0,3.0,3.0,1869.0,Townhouse
British Columbia,burnaby-bc,668800.0,1.0,1.0,830.0,Apt/Condo
British Columbia,burnaby-bc,699000.0,2.0,2.0,834.0,Apt/Condo
British Columbia,burnaby-bc,1699000.0,5.0,5.0,2154.0,Fourplex
British Columbia,burnaby-bc,2949000.0,6.0,6.0,4324.0,House
British Columbia,burnaby-bc,1688800.0,4.0,3.0,2695.0,Townhouse
British Columbia,burnaby-bc,1699000.0,5.0,5.0,2154.0,Duplex
British Columbia,burnaby-bc,955000.0,3.0,3.0,1519.0,Apt/Condo
British Columbia,burnaby-bc,1699000.0,5.0,5.0,2154.0,Fourplex
British Columbia,burnaby-bc,849000.0,2.0,2.0,762.0,Apt/Condo
British Columbia,burnaby-bc,614900.0,3.0,1.0,987.0,Townhouse
British Columbia,burnaby-bc,2288000.0,5.0,3.0,2232.0,House
British Columbia,burnaby-bc,690000.0,2.0,2.0,940.0,Apt/Condo
British Columbia,burnaby-bc,3998000.0,4.0,3.0,5410.0,House
British Columbia,burnaby-bc,438000.0,1.0,1.0,754.0,
British Columbia,burnaby-bc,579000.0,1.0,1.0,566.0,
British Columbia,burnaby-bc,799900.0,3.0,1.0,1233.0,
British Columbia,burnaby-bc,,,,,
British Columbia,burnaby-bc,729800.0,2.0,2.0,765.0,Apt/Condo
British Columbia,burnaby-bc,2080000.0,5.0,2.0,2361.0,House
British Columbia,burnaby-bc,2779000.0,0.0,,,Land/Lot
British Columbia,burnaby-bc,2198000.0,6.0,5.0,2410.0,House
British Columbia,burnaby-bc,675000.0,1.0,1.0,575.0,Apt/Condo
British Columbia,burnaby-bc,958000.0,2.0,2.0,907.0,Apt/Condo
British Columbia,burnaby-bc,2268000.0,5.0,4.0,2767.0,Duplex
British Columbia,burnaby-bc,2268000.0,5.0,4.0,2767.0,Duplex
British Columbia,burnaby-bc,3780000.0,6.0,7.0,4811.0,House
British Columbia,burnaby-bc,799900.0,2.0,2.0,1195.0,Apt/Condo
British Columbia,burnaby-bc,2899000.0,6.0,3.0,3093.0,House
British Columbia,burnaby-bc,1799000.0,4.0,2.0,2304.0,House
British Columbia,burnaby-bc,849000.0,2.0,2.0,1050.0,Apt/Condo
British Columbia,burnaby-bc,1899000.0,5.0,2.0,1789.0,House
British Columbia,burnaby-bc,719900.0,2.0,2.0,1160.0,Townhouse
British Columbia,burnaby-bc,2499000.0,7.0,6.0,5595.0,House
British Columbia,burnaby-bc,674800.0,2.0,1.0,868.0,Apt/Condo
British Columbia,burnaby-bc,789000.0,2.0,2.0,880.0,Apt/Condo
British Columbia,burnaby-bc,575000.0,1.0,1.0,609.0,Apt/Condo
British Columbia,burnaby-bc,829000.0,2.0,2.0,917.0,Apt/Condo
British Columbia,burnaby-bc,3485000.0,7.0,7.0,4736.0,House
British Columbia,burnaby-bc,438000.0,1.0,1.0,754.0,
British Columbia,burnaby-bc,579000.0,1.0,1.0,566.0,
British Columbia,burnaby-bc,799900.0,3.0,1.0,1233.0,
British Columbia,burnaby-bc,,,,,
British Columbia,burnaby-bc,549988.0,2.0,2.0,791.0,Apt/Condo
British Columbia,burnaby-bc,2999000.0,2.0,2.0,1523.0,House
British Columbia,burnaby-bc,560000.0,1.0,1.0,622.0,Apt/Condo
British Columbia,burnaby-bc,850000.0,2.0,2.0,860.0,Apt/Condo
British Columbia,burnaby-bc,699000.0,1.0,1.0,623.0,Apt/Condo
British Columbia,burnaby-bc,2990000.0,5.0,5.0,4435.0,House
British Columbia,burnaby-bc,1998000.0,5.0,3.0,2438.0,House
British Columbia,burnaby-bc,2650000.0,0.0,,,Land/Lot
British Columbia,burnaby-bc,599000.0,2.0,1.0,762.0,Townhouse
British Columbia,burnaby-bc,2199000.0,5.0,2.0,2246.0,House
British Columbia,burnaby-bc,2199900.0,3.0,2.0,2334.0,House
British Columbia,burnaby-bc,699900.0,2.0,1.0,638.0,Apt/Condo
British Columbia,burnaby-bc,2699000.0,6.0,4.0,3588.0,House
British Columbia,burnaby-bc,949000.0,2.0,2.0,757.0,Apt/Condo
British Columbia,burnaby-bc,2158000.0,7.0,6.0,2775.0,House
British Columbia,burnaby-bc,748000.0,2.0,2.0,712.0,Apt/Condo
British Columbia,burnaby-bc,2888000.0,6.0,4.0,2876.0,House
British Columbia,burnaby-bc,669000.0,2.0,2.0,863.0,Apt/Condo
British Columbia,burnaby-bc,2699900.0,6.0,4.0,4058.0,House
British Columbia,burnaby-bc,888000.0,2.0,2.0,821.0,Apt/Condo
British Columbia,burnaby-bc,599000.0,2.0,2.0,1197.0,Apt/Condo
British Columbia,burnaby-bc,438000.0,1.0,1.0,754.0,
British Columbia,burnaby-bc,579000.0,1.0,1.0,566.0,
British Columbia,burnaby-bc,799900.0,3.0,1.0,1233.0,
British Columbia,burnaby-bc,,,,,
British Columbia,burnaby-bc,988000.0,3.0,3.0,1508.0,Apt/Condo
British Columbia,burnaby-bc,727900.0,1.0,1.0,548.0,Apt/Condo
British Columbia,burnaby-bc,520000.0,2.0,1.0,926.0,Apt/Condo
British Columbia,burnaby-bc,688800.0,1.0,1.0,577.0,Apt/Condo
British Columbia,burnaby-bc,2118000.0,6.0,2.0,2582.0,House
British Columbia,burnaby-bc,573000.0,2.0,1.0,940.0,Apt/Condo
British Columbia,burnaby-bc,829000.0,2.0,2.0,874.0,Apt/Condo
British Columbia,burnaby-bc,579000.0,1.0,1.0,500.0,Apt/Condo
British Columbia,burnaby-bc,3299000.0,8.0,9.0,5507.0,House
British Columbia,burnaby-bc,879900.0,2.0,2.0,807.0,Apt/Condo
British Columbia,burnaby-bc,649999.0,2.0,2.0,969.0,Apt/Condo
British Columbia,burnaby-bc,1880000.0,5.0,4.0,3003.0,House
British Columbia,burnaby-bc,825000.0,3.0,2.0,1152.0,Townhouse
British Columbia,burnaby-bc,830000.0,2.0,2.0,985.0,Apt/Condo
British Columbia,burnaby-bc,724999.0,2.0,2.0,880.0,Apt/Condo
British Columbia,burnaby-bc,769990.0,2.0,2.0,911.0,Apt/Condo
British Columbia,burnaby-bc,1768000.0,4.0,4.0,2651.0,House
British Columbia,burnaby-bc,918000.0,4.0,3.0,1302.0,Townhouse
British Columbia,burnaby-bc,949900.0,2.0,3.0,1515.0,Apt/Condo
British Columbia,burnaby-bc,2280000.0,5.0,3.0,2400.0,House
British Columbia,burnaby-bc,1688000.0,4.0,3.0,1779.0,House
British Columbia,burnaby-bc,438000.0,1.0,1.0,754.0,
British Columbia,burnaby-bc,579000.0,1.0,1.0,566.0,
British Columbia,burnaby-bc,799900.0,3.0,1.0,1233.0,
British Columbia,burnaby-bc,,,,,
British Columbia,burnaby-bc,879900.0,2.0,2.0,800.0,Apt/Condo
British Columbia,burnaby-bc,3198000.0,6.0,6.0,3983.0,House
British Columbia,burnaby-bc,666800.0,1.0,1.0,543.0,Apt/Condo
British Columbia,burnaby-bc,1888000.0,6.0,4.0,2145.0,House
British Columbia,burnaby-bc,660000.0,2.0,1.0,687.0,Apt/Condo
British Columbia,burnaby-bc,649000.0,1.0,1.0,576.0,Apt/Condo
British Columbia,burnaby-bc,880000.0,2.0,2.0,732.0,Apt/Condo
British Columbia,burnaby-bc,699000.0,2.0,2.0,733.0,Apt/Condo
British Columbia,burnaby-bc,749900.0,2.0,2.0,853.0,Apt/Condo
British Columbia,burnaby-bc,1930000.0,4.0,3.0,2339.0,House
British Columbia,burnaby-bc,2398888.0,8.0,4.0,4218.0,House
British Columbia,burnaby-bc,620000.0,1.0,1.0,634.0,Apt/Condo
British Columbia,burnaby-bc,1860000.0,3.0,3.0,1340.0,Apt/Condo
British Columbia,burnaby-bc,529000.0,1.0,1.0,555.0,Apt/Condo
British Columbia,burnaby-bc,3982500.0,3.0,1.0,1132.0,House
British Columbia,burnaby-bc,3622500.0,4.0,4.0,3051.0,House
British Columbia,burnaby-bc,4184505.0,3.0,1.0,950.0,House
British Columbia,burnaby-bc,3780000.0,3.0,2.0,1974.0,House
British Columbia,burnaby-bc,848888.0,2.0,2.0,940.0,Apt/Condo
British Columbia,burnaby-bc,1121900.0,2.0,2.0,985.0,Apt/Condo
British Columbia,burnaby-bc,1130900.0,2.0,2.0,985.0,Apt/Condo
British Columbia,burnaby-bc,438000.0,1.0,1.0,754.0,
British Columbia,burnaby-bc,579000.0,1.0,1.0,566.0,
British Columbia,burnaby-bc,799900.0,3.0,1.0,1233.0,
British Columbia,burnaby-bc,,,,,
British Columbia,burnaby-bc,974900.0,2.0,2.0,985.0,Apt/Condo
British Columbia,burnaby-bc,569000.0,1.0,1.0,637.0,Apt/Condo
British Columbia,burnaby-bc,1075900.0,2.0,2.0,885.0,Apt/Condo
British Columbia,burnaby-bc,2799000.0,8.0,8.0,4386.0,House
British Columbia,burnaby-bc,1100000.0,2.0,2.0,1100.0,Apt/Condo
British Columbia,burnaby-bc,658000.0,2.0,2.0,1103.0,Apt/Condo
British Columbia,burnaby-bc,3658000.0,9.0,8.0,4683.0,House
British Columbia,burnaby-bc,949000.0,3.0,2.0,1260.0,Apt/Condo
British Columbia,burnaby-bc,810000.0,2.0,2.0,1014.0,Townhouse
British Columbia,burnaby-bc,728000.0,2.0,2.0,805.0,Apt/Condo
British Columbia,burnaby-bc,2750000.0,7.0,5.0,5871.0,House
British Columbia,burnaby-bc,1048000.0,3.0,3.0,2258.0,Townhouse
British Columbia,burnaby-bc,649900.0,2.0,1.0,790.0,Apt/Condo
British Columbia,burnaby-bc,969900.0,2.0,2.0,750.0,Apt/Condo
British Columbia,burnaby-bc,569000.0,1.0,1.0,635.0,Apt/Condo
British Columbia,burnaby-bc,498000.0,1.0,1.0,415.0,Apt/Condo
British Columbia,burnaby-bc,695000.0,1.0,1.0,535.0,Apt/Condo
British Columbia,burnaby-bc,1589900.0,3.0,2.0,1085.0,Apt/Condo
British Columbia,burnaby-bc,848000.0,2.0,2.0,866.0,Apt/Condo
British Columbia,burnaby-bc,899000.0,2.0,2.0,926.0,Apt/Condo
British Columbia,burnaby-bc,850000.0,2.0,2.0,1023.0,Townhouse
British Columbia,burnaby-bc,438000.0,1.0,1.0,754.0,
British Columbia,burnaby-bc,579000.0,1.0,1.0,566.0,
British Columbia,burnaby-bc,799900.0,3.0,1.0,1233.0,
British Columbia,burnaby-bc,,,,,
British Columbia,burnaby-bc,1126900.0,2.0,2.0,945.0,Apt/Condo
British Columbia,burnaby-bc,525000.0,1.0,1.0,655.0,Apt/Condo
British Columbia,burnaby-bc,1228900.0,2.0,2.0,1065.0,Apt/Condo
British Columbia,burnaby-bc,1088000.0,3.0,2.0,1005.0,Apt/Condo
British Columbia,burnaby-bc,2498000.0,6.0,4.0,3462.0,House
British Columbia,burnaby-bc,638000.0,2.0,2.0,935.0,Apt/Condo
British Columbia,burnaby-bc,860000.0,2.0,2.0,903.0,Apt/Condo
British Columbia,burnaby-bc,1125000.0,3.0,3.0,1444.0,Townhouse
British Columbia,burnaby-bc,1169900.0,3.0,2.0,1042.0,Apt/Condo
British Columbia,burnaby-bc,739000.0,2.0,2.0,831.0,Apt/Condo
British Columbia,burnaby-bc,3182800.0,6.0,4.0,2739.0,House
British Columbia,burnaby-bc,3782000.0,6.0,6.0,6020.0,House
British Columbia,burnaby-bc,1099000.0,3.0,3.0,1306.0,Townhouse
British Columbia,burnaby-bc,1098000.0,2.0,2.0,827.0,Apt/Condo
British Columbia,burnaby-bc,2888000.0,8.0,6.0,4647.0,Duplex
British Columbia,burnaby-bc,1600000.0,5.0,2.0,1963.0,House
British Columbia,burnaby-bc,759999.0,2.0,1.0,1127.0,Apt/Condo
British Columbia,burnaby-bc,1638000.0,3.0,2.0,1182.0,House
British Columbia,burnaby-bc,629999.0,2.0,1.0,942.0,Apt/Condo
British Columbia,burnaby-bc,4640625.0,5.0,4.0,2627.0,House
British Columbia,burnaby-bc,4640625.0,5.0,3.0,2595.0,House
British Columbia,burnaby-bc,438000.0,1.0,1.0,754.0,
British Columbia,burnaby-bc,579000.0,1.0,1.0,566.0,
British Columbia,burnaby-bc,799900.0,3.0,1.0,1233.0,
British Columbia,burnaby-bc,,,,,
British Columbia,burnaby-bc,4641750.0,4.0,3.0,2412.0,House
British Columbia,burnaby-bc,1695000.0,4.0,3.0,2184.0,House
British Columbia,burnaby-bc,638800.0,2.0,1.0,1223.0,Apt/Condo
British Columbia,burnaby-bc,845000.0,2.0,2.0,872.0,Apt/Condo
British Columbia,burnaby-bc,1259000.0,3.0,2.0,1210.0,Apt/Condo
British Columbia,burnaby-bc,568800.0,1.0,1.0,792.0,Apt/Condo
British Columbia,burnaby-bc,1179900.0,3.0,2.0,1561.0,Townhouse
British Columbia,burnaby-bc,899000.0,2.0,2.0,960.0,Apt/Condo
British Columbia,burnaby-bc,599900.0,2.0,1.0,636.0,Apt/Condo
British Columbia,burnaby-bc,899000.0,2.0,2.0,902.0,Apt/Condo
British Columbia,burnaby-bc,1169000.0,3.0,2.0,1099.0,Apt/Condo
British Columbia,burnaby-bc,1349000.0,2.0,2.0,1371.0,Apt/Condo
British Columbia,burnaby-bc,3990000.0,7.0,9.0,5865.0,House
British Columbia,burnaby-bc,2700000.0,7.0,5.0,3997.0,House
British Columbia,burnaby-bc,850000.0,2.0,2.0,1070.0,Apt/Condo
British Columbia,burnaby-bc,2247000.0,5.0,6.0,2949.0,Duplex
British Columbia,burnaby-bc,1899999.0,5.0,6.0,2949.0,Duplex
British Columbia,burnaby-bc,1098000.0,2.0,3.0,1085.0,Townhouse
British Columbia,burnaby-bc,2850000.0,4.0,5.0,4963.0,House
British Columbia,burnaby-bc,1860000.0,5.0,2.0,2060.0,House
British Columbia,burnaby-bc,499000.0,1.0,1.0,415.0,Apt/Condo
British Columbia,burnaby-bc,438000.0,1.0,1.0,754.0,
British Columbia,burnaby-bc,579000.0,1.0,1.0,566.0,
British Columbia,burnaby-bc,799900.0,3.0,1.0,1233.0,
British Columbia,coquitlam-bc,,,,,
British Columbia,coquitlam-bc,724900.0,2.0,2.0,848.0,Apt/Condo
British Columbia,coquitlam-bc,749000.0,2.0,2.0,1030.0,Apt/Condo
British Columbia,coquitlam-bc,738000.0,2.0,2.0,801.0,Apt/Condo
British Columbia,coquitlam-bc,1699000.0,4.0,4.0,2277.0,Duplex
British Columbia,coquitlam-bc,699000.0,2.0,2.0,1211.0,Apt/Condo
British Columbia,coquitlam-bc,614900.0,1.0,1.0,718.0,Apt/Condo
British Columbia,coquitlam-bc,1790000.0,4.0,1.0,2027.0,House
British Columbia,coquitlam-bc,999000.0,2.0,2.0,1018.0,Apt/Condo
British Columbia,coquitlam-bc,1095000.0,4.0,3.0,1595.0,Townhouse
British Columbia,coquitlam-bc,638800.0,2.0,2.0,850.0,Apt/Condo
British Columbia,coquitlam-bc,579900.0,1.0,1.0,615.0,Apt/Condo
British Columbia,coquitlam-bc,749900.0,2.0,2.0,890.0,Apt/Condo
British Columbia,coquitlam-bc,555000.0,1.0,1.0,517.0,Apt/Condo
British Columbia,coquitlam-bc,2349800.0,5.0,4.0,4830.0,House
British Columbia,coquitlam-bc,649000.0,2.0,2.0,895.0,Apt/Condo
British Columbia,coquitlam-bc,499000.0,1.0,1.0,655.0,Apt/Condo
British Columbia,coquitlam-bc,1739000.0,6.0,4.0,3269.0,House
British Columbia,coquitlam-bc,1990000.0,5.0,4.0,3711.0,House
British Columbia,coquitlam-bc,1449800.0,5.0,3.0,2776.0,House
British Columbia,coquitlam-bc,1549900.0,5.0,3.0,2292.0,House
British Columbia,coquitlam-bc,479000.0,1.0,1.0,469.0,Apt/Condo
British Columbia,coquitlam-bc,1649000.0,9.0,5.0,3175.0,
British Columbia,coquitlam-bc,699900.0,2.0,2.0,772.0,
British Columbia,coquitlam-bc,724900.0,2.0,2.0,848.0,
British Columbia,coquitlam-bc,,,,,
British Columbia,coquitlam-bc,1089000.0,3.0,3.0,1628.0,Townhouse
British Columbia,coquitlam-bc,579900.0,1.0,1.0,622.0,Apt/Condo
British Columbia,coquitlam-bc,579900.0,1.0,1.0,622.0,Apt/Condo
British Columbia,coquitlam-bc,849900.0,3.0,2.0,1037.0,Apt/Condo
British Columbia,coquitlam-bc,2099999.0,5.0,4.0,3232.0,House
British Columbia,coquitlam-bc,498900.0,1.0,1.0,550.0,Apt/Condo
British Columbia,coquitlam-bc,628000.0,1.0,1.0,767.0,Apt/Condo
British Columbia,coquitlam-bc,489000.0,1.0,1.0,741.0,Apt/Condo
British Columbia,coquitlam-bc,639900.0,2.0,2.0,1071.0,Apt/Condo
British Columbia,coquitlam-bc,1496000.0,4.0,4.0,2534.0,Townhouse
British Columbia,coquitlam-bc,1780000.0,3.0,2.0,1639.0,House
British Columbia,coquitlam-bc,699900.0,2.0,2.0,747.0,Apt/Condo
British Columbia,coquitlam-bc,1719800.0,6.0,4.0,2747.0,House
British Columbia,coquitlam-bc,1799000.0,7.0,4.0,4568.0,House
British Columbia,coquitlam-bc,1269000.0,4.0,3.0,1682.0,Townhouse
British Columbia,coquitlam-bc,595000.0,2.0,2.0,1163.0,Apt/Condo
British Columbia,coquitlam-bc,1899000.0,7.0,5.0,3945.0,House
British Columbia,coquitlam-bc,718800.0,2.0,2.0,781.0,Apt/Condo
British Columbia,coquitlam-bc,2580000.0,6.0,5.0,4946.0,House
British Columbia,coquitlam-bc,1390000.0,3.0,3.0,2260.0,House
British Columbia,coquitlam-bc,565900.0,1.0,1.0,610.0,Apt/Condo
British Columbia,coquitlam-bc,1649000.0,9.0,5.0,3175.0,
British Columbia,coquitlam-bc,699900.0,2.0,2.0,772.0,
British Columbia,coquitlam-bc,724900.0,2.0,2.0,848.0,
British Columbia,coquitlam-bc,,,,,
British Columbia,coquitlam-bc,799000.0,3.0,2.0,1240.0,Apt/Condo
British Columbia,coquitlam-bc,1496000.0,4.0,4.0,2534.0,Townhouse
British Columbia,coquitlam-bc,529000.0,1.0,1.0,572.0,Apt/Condo
British Columbia,coquitlam-bc,2499000.0,6.0,4.0,5181.0,House
British Columbia,coquitlam-bc,718000.0,2.0,2.0,809.0,Apt/Condo
British Columbia,coquitlam-bc,1388000.0,4.0,3.0,1604.0,Townhouse
British Columbia,coquitlam-bc,999990.0,5.0,3.0,2057.0,Townhouse
British Columbia,coquitlam-bc,1849900.0,4.0,4.0,3206.0,House
British Columbia,coquitlam-bc,1499000.0,6.0,4.0,2192.0,House
British Columbia,coquitlam-bc,527000.0,1.0,1.0,753.0,Apt/Condo
British Columbia,coquitlam-bc,1395000.0,4.0,4.0,2148.0,Townhouse
British Columbia,coquitlam-bc,519900.0,1.0,1.0,689.0,Apt/Condo
British Columbia,coquitlam-bc,2595000.0,6.0,6.0,3925.0,House
British Columbia,coquitlam-bc,298800.0,2.0,1.0,962.0,Mfd/Mobile Home
British Columbia,coquitlam-bc,899980.0,3.0,2.0,1325.0,Apt/Condo
British Columbia,coquitlam-bc,775000.0,2.0,2.0,884.0,Apt/Condo
British Columbia,coquitlam-bc,468800.0,1.0,1.0,505.0,Apt/Condo
British Columbia,coquitlam-bc,690000.0,2.0,2.0,814.0,Apt/Condo
British Columbia,coquitlam-bc,1799900.0,6.0,4.0,3628.0,House
British Columbia,coquitlam-bc,1529000.0,3.0,3.0,1930.0,House
British Columbia,coquitlam-bc,1379900.0,4.0,5.0,2180.0,Townhouse
British Columbia,coquitlam-bc,1649000.0,9.0,5.0,3175.0,
British Columbia,coquitlam-bc,699900.0,2.0,2.0,772.0,
British Columbia,coquitlam-bc,724900.0,2.0,2.0,848.0,
British Columbia,coquitlam-bc,,,,,
British Columbia,coquitlam-bc,1079900.0,5.0,2.0,2000.0,House
British Columbia,coquitlam-bc,579900.0,1.0,1.0,622.0,Apt/Condo
British Columbia,coquitlam-bc,3100000.0,0.0,,,Land/Lot
British Columbia,coquitlam-bc,575900.0,2.0,2.0,786.0,Apt/Condo
British Columbia,coquitlam-bc,1649999.0,4.0,3.0,2082.0,House
British Columbia,coquitlam-bc,890000.0,3.0,2.0,1067.0,Apt/Condo
British Columbia,coquitlam-bc,665000.0,2.0,2.0,774.0,Apt/Condo
British Columbia,coquitlam-bc,439000.0,1.0,1.0,601.0,Apt/Condo
British Columbia,coquitlam-bc,1529000.0,4.0,4.0,3117.0,House
British Columbia,coquitlam-bc,949900.0,3.0,2.0,1230.0,Apt/Condo
British Columbia,coquitlam-bc,619900.0,1.0,1.0,744.0,Apt/Condo
British Columbia,coquitlam-bc,1625000.0,5.0,4.0,3163.0,House
British Columbia,coquitlam-bc,569000.0,1.0,1.0,628.0,Apt/Condo
British Columbia,coquitlam-bc,1199000.0,3.0,2.0,1194.0,House
British Columbia,coquitlam-bc,1598000.0,3.0,4.0,2008.0,House
British Columbia,coquitlam-bc,3100000.0,10.0,6.0,4976.0,Duplex
British Columbia,coquitlam-bc,1998000.0,6.0,4.0,4388.0,House
British Columbia,coquitlam-bc,799000.0,2.0,2.0,908.0,Apt/Condo
British Columbia,coquitlam-bc,862000.0,3.0,3.0,1687.0,Townhouse
British Columbia,coquitlam-bc,999900.0,3.0,2.0,1855.0,Townhouse
British Columbia,coquitlam-bc,1450000.0,4.0,3.0,2239.0,Duplex
British Columbia,coquitlam-bc,1649000.0,9.0,5.0,3175.0,
British Columbia,coquitlam-bc,699900.0,2.0,2.0,772.0,
British Columbia,coquitlam-bc,724900.0,2.0,2.0,848.0,
British Columbia,coquitlam-bc,,,,,
British Columbia,coquitlam-bc,649999.0,2.0,2.0,1039.0,Apt/Condo
British Columbia,coquitlam-bc,1269000.0,4.0,3.0,1682.0,Townhouse
British Columbia,coquitlam-bc,850000.0,2.0,2.0,1477.0,Apt/Condo
British Columbia,coquitlam-bc,1499000.0,5.0,2.0,2566.0,House
British Columbia,coquitlam-bc,1799900.0,6.0,3.0,3231.0,House
British Columbia,coquitlam-bc,149880.0,2.0,1.0,696.0,Mfd/Mobile Home
British Columbia,coquitlam-bc,1599000.0,0.0,0.0,2264.0,House
British Columbia,coquitlam-bc,499000.0,1.0,1.0,532.0,Apt/Condo
British Columbia,coquitlam-bc,799900.0,2.0,2.0,1171.0,Apt/Condo
British Columbia,coquitlam-bc,599000.0,2.0,2.0,624.0,Apt/Condo
British Columbia,coquitlam-bc,1349000.0,4.0,3.0,1521.0,Townhouse
British Columbia,coquitlam-bc,499000.0,1.0,1.0,612.0,Apt/Condo
British Columbia,coquitlam-bc,1649000.0,9.0,5.0,3175.0,House
British Columbia,coquitlam-bc,1428880.0,4.0,4.0,2140.0,Townhouse
British Columbia,coquitlam-bc,629900.0,1.0,1.0,609.0,Apt/Condo
British Columbia,coquitlam-bc,575000.0,1.0,1.0,732.0,Apt/Condo
British Columbia,coquitlam-bc,718000.0,2.0,2.0,833.0,Apt/Condo
British Columbia,coquitlam-bc,699900.0,2.0,2.0,772.0,Apt/Condo
British Columbia,coquitlam-bc,698000.0,2.0,2.0,824.0,Apt/Condo
British Columbia,coquitlam-bc,2199999.0,5.0,5.0,3603.0,House
British Columbia,coquitlam-bc,669900.0,2.0,2.0,1230.0,Apt/Condo
British Columbia,coquitlam-bc,1649000.0,9.0,5.0,3175.0,
British Columbia,coquitlam-bc,699900.0,2.0,2.0,772.0,
British Columbia,coquitlam-bc,724900.0,2.0,2.0,848.0,
British Columbia,coquitlam-bc,,,,,
British Columbia,coquitlam-bc,399000.0,1.0,1.0,630.0,Apt/Condo
British Columbia,coquitlam-bc,2388000.0,6.0,5.0,4870.0,House
British Columbia,coquitlam-bc,2290000.0,6.0,4.0,4430.0,House
British Columbia,coquitlam-bc,1479900.0,4.0,4.0,2877.0,Townhouse
British Columbia,coquitlam-bc,1325000.0,3.0,3.0,1498.0,Duplex
British Columbia,coquitlam-bc,1435000.0,3.0,4.0,1885.0,Duplex
British Columbia,coquitlam-bc,1435000.0,3.0,4.0,1885.0,Duplex
British Columbia,coquitlam-bc,1325000.0,3.0,3.0,1498.0,Duplex
British Columbia,coquitlam-bc,2999000.0,6.0,7.0,5597.0,House
British Columbia,coquitlam-bc,868000.0,2.0,2.0,932.0,Apt/Condo
British Columbia,coquitlam-bc,1459000.0,4.0,4.0,2621.0,Townhouse
British Columbia,coquitlam-bc,1149900.0,4.0,4.0,1656.0,Townhouse
British Columbia,coquitlam-bc,3199000.0,8.0,8.0,5508.0,House
British Columbia,coquitlam-bc,1998000.0,6.0,6.0,5032.0,House
British Columbia,coquitlam-bc,2150000.0,4.0,4.0,4436.0,House
British Columbia,coquitlam-bc,928000.0,2.0,2.0,1140.0,Apt/Condo
British Columbia,coquitlam-bc,1488000.0,4.0,5.0,2470.0,Townhouse
British Columbia,coquitlam-bc,550000.0,2.0,1.0,982.0,Apt/Condo
British Columbia,coquitlam-bc,1299000.0,4.0,4.0,2064.0,Townhouse
British Columbia,coquitlam-bc,749000.0,2.0,2.0,1030.0,Apt/Condo
British Columbia,coquitlam-bc,3199000.0,5.0,7.0,5092.0,House
British Columbia,coquitlam-bc,1649000.0,9.0,5.0,3175.0,
British Columbia,coquitlam-bc,699900.0,2.0,2.0,772.0,
British Columbia,coquitlam-bc,724900.0,2.0,2.0,848.0,
British Columbia,coquitlam-bc,,,,,
British Columbia,coquitlam-bc,1599000.0,4.0,2.0,2009.0,House
British Columbia,coquitlam-bc,1650000.0,5.0,3.0,3287.0,House
British Columbia,coquitlam-bc,595000.0,2.0,1.0,985.0,Apt/Condo
British Columbia,coquitlam-bc,699000.0,2.0,2.0,1155.0,Apt/Condo
British Columbia,coquitlam-bc,1870000.0,4.0,2.0,2092.0,House
British Columbia,coquitlam-bc,1458000.0,4.0,3.0,2004.0,House
British Columbia,coquitlam-bc,1799000.0,4.0,3.0,2781.0,House
British Columbia,coquitlam-bc,539000.0,1.0,1.0,602.0,Apt/Condo
British Columbia,coquitlam-bc,699999.0,2.0,2.0,879.0,Apt/Condo
British Columbia,coquitlam-bc,485000.0,1.0,1.0,585.0,Apt/Condo
British Columbia,coquitlam-bc,699900.0,2.0,2.0,1332.0,Apt/Condo
British Columbia,coquitlam-bc,3598000.0,4.0,2.0,2207.0,House
British Columbia,coquitlam-bc,849000.0,2.0,2.0,846.0,Apt/Condo
British Columbia,coquitlam-bc,1349000.0,3.0,4.0,2105.0,Townhouse
British Columbia,coquitlam-bc,575000.0,1.0,1.0,638.0,Apt/Condo
British Columbia,coquitlam-bc,899000.0,2.0,2.0,922.0,Apt/Condo
British Columbia,coquitlam-bc,1699000.0,5.0,2.0,2065.0,House
British Columbia,coquitlam-bc,1388000.0,3.0,3.0,1546.0,Duplex
British Columbia,coquitlam-bc,699900.0,2.0,2.0,825.0,Apt/Condo
British Columbia,coquitlam-bc,725000.0,2.0,2.0,825.0,Apt/Condo
British Columbia,coquitlam-bc,2388000.0,6.0,5.0,4870.0,House
British Columbia,coquitlam-bc,1649000.0,9.0,5.0,3175.0,
British Columbia,coquitlam-bc,699900.0,2.0,2.0,772.0,
British Columbia,coquitlam-bc,724900.0,2.0,2.0,848.0,
British Columbia,coquitlam-bc,,,,,
British Columbia,coquitlam-bc,1278000.0,4.0,3.0,2321.0,House
British Columbia,coquitlam-bc,1529000.0,4.0,4.0,3117.0,House
British Columbia,coquitlam-bc,569000.0,1.0,1.0,603.0,Apt/Condo
British Columbia,coquitlam-bc,824900.0,2.0,2.0,936.0,Apt/Condo
British Columbia,coquitlam-bc,399900.0,1.0,1.0,668.0,Apt/Condo
British Columbia,coquitlam-bc,1015000.0,3.0,3.0,1341.0,Townhouse
British Columbia,coquitlam-bc,739000.0,1.0,1.0,626.0,Apt/Condo
British Columbia,coquitlam-bc,619000.0,2.0,2.0,1017.0,Apt/Condo
British Columbia,coquitlam-bc,1284900.0,3.0,3.0,1270.0,Townhouse
British Columbia,coquitlam-bc,1274900.0,3.0,3.0,1226.0,Townhouse
British Columbia,coquitlam-bc,815000.0,2.0,2.0,759.0,Apt/Condo
British Columbia,coquitlam-bc,3588800.0,7.0,8.0,5171.0,House
British Columbia,coquitlam-bc,709900.0,2.0,2.0,878.0,Apt/Condo
British Columbia,coquitlam-bc,1375000.0,4.0,4.0,2219.0,Townhouse
British Columbia,coquitlam-bc,1075000.0,3.0,3.0,1527.0,Townhouse
British Columbia,coquitlam-bc,1249000.0,3.0,3.0,2206.0,Townhouse
British Columbia,coquitlam-bc,1169000.0,3.0,3.0,1876.0,Townhouse
British Columbia,coquitlam-bc,2998000.0,7.0,7.0,5016.0,House
British Columbia,coquitlam-bc,699000.0,2.0,2.0,823.0,Apt/Condo
British Columbia,coquitlam-bc,799900.0,2.0,2.0,1353.0,Apt/Condo
British Columbia,coquitlam-bc,1298000.0,4.0,4.0,2154.0,Townhouse
British Columbia,coquitlam-bc,1649000.0,9.0,5.0,3175.0,
British Columbia,coquitlam-bc,699900.0,2.0,2.0,772.0,
British Columbia,coquitlam-bc,724900.0,2.0,2.0,848.0,
British Columbia,coquitlam-bc,,,,,
British Columbia,coquitlam-bc,623000.0,2.0,1.0,770.0,Apt/Condo
British Columbia,coquitlam-bc,1870000.0,4.0,2.0,2092.0,House
British Columbia,coquitlam-bc,1738800.0,6.0,4.0,3554.0,House
British Columbia,coquitlam-bc,588000.0,1.0,1.0,508.0,Apt/Condo
British Columbia,coquitlam-bc,1088000.0,3.0,2.0,1137.0,Apt/Condo
British Columbia,coquitlam-bc,1299000.0,3.0,3.0,1720.0,Townhouse
British Columbia,coquitlam-bc,1998000.0,7.0,4.0,3545.0,House
British Columbia,coquitlam-bc,1698000.0,9.0,5.0,3796.0,House
British Columbia,coquitlam-bc,2888000.0,5.0,5.0,5339.0,House
British Columbia,coquitlam-bc,1695000.0,4.0,3.0,2664.0,House
British Columbia,coquitlam-bc,999000.0,2.0,2.0,1081.0,Apt/Condo
British Columbia,coquitlam-bc,1899000.0,7.0,6.0,3834.0,House
British Columbia,coquitlam-bc,535000.0,2.0,2.0,924.0,Apt/Condo
British Columbia,coquitlam-bc,1669900.0,6.0,4.0,3365.0,House
British Columbia,coquitlam-bc,1699000.0,4.0,3.0,2254.0,House
British Columbia,coquitlam-bc,2490000.0,7.0,5.0,5760.0,House
British Columbia,coquitlam-bc,1675000.0,3.0,1.0,1160.0,House
British Columbia,coquitlam-bc,798800.0,2.0,2.0,1017.0,Apt/Condo
British Columbia,coquitlam-bc,1899000.0,7.0,4.0,3508.0,House
British Columbia,coquitlam-bc,1798000.0,6.0,5.0,4397.0,House
British Columbia,coquitlam-bc,899000.0,2.0,2.0,1420.0,Apt/Condo
British Columbia,coquitlam-bc,1649000.0,9.0,5.0,3175.0,
British Columbia,coquitlam-bc,699900.0,2.0,2.0,772.0,
British Columbia,coquitlam-bc,724900.0,2.0,2.0,848.0,
British Columbia,coquitlam-bc,,,,,
British Columbia,coquitlam-bc,1779000.0,5.0,4.0,3004.0,House
British Columbia,coquitlam-bc,1278000.0,4.0,3.0,2321.0,House
British Columbia,coquitlam-bc,1749900.0,5.0,4.0,3082.0,House
British Columbia,coquitlam-bc,749000.0,2.0,2.0,971.0,Apt/Condo
British Columbia,coquitlam-bc,1989000.0,6.0,4.0,2970.0,House
British Columbia,coquitlam-bc,1649000.0,4.0,3.0,2746.0,House
British Columbia,coquitlam-bc,1999000.0,4.0,1.0,2000.0,House
British Columbia,coquitlam-bc,1949000.0,6.0,5.0,3668.0,House
British Columbia,coquitlam-bc,2188800.0,6.0,4.0,3234.0,House
British Columbia,coquitlam-bc,866000.0,2.0,2.0,861.0,Apt/Condo
British Columbia,coquitlam-bc,3480000.0,0.0,2.0,3733.0,House
British Columbia,coquitlam-bc,3141600.0,3.0,2.0,1781.0,House
British Columbia,coquitlam-bc,3198000.0,7.0,8.0,5608.0,House
British Columbia,coquitlam-bc,1699000.0,7.0,4.0,3792.0,House
British Columbia,coquitlam-bc,749000.0,2.0,2.0,902.0,Apt/Condo
British Columbia,coquitlam-bc,1175000.0,3.0,2.0,1276.0,Townhouse
British Columbia,coquitlam-bc,1439000.0,4.0,4.0,2252.0,Townhouse
British Columbia,coquitlam-bc,1598800.0,5.0,3.0,2600.0,House
British Columbia,coquitlam-bc,838000.0,2.0,2.0,926.0,Apt/Condo
British Columbia,coquitlam-bc,1625000.0,5.0,3.0,2559.0,House
British Columbia,coquitlam-bc,1499000.0,5.0,3.0,2728.0,House
British Columbia,coquitlam-bc,1649000.0,9.0,5.0,3175.0,
British Columbia,coquitlam-bc,699900.0,2.0,2.0,772.0,
British Columbia,coquitlam-bc,724900.0,2.0,2.0,848.0,
British Columbia,coquitlam-bc,,,,,
British Columbia,coquitlam-bc,1399000.0,0.0,,,Land/Lot
British Columbia,coquitlam-bc,850000.0,2.0,2.0,1477.0,Apt/Condo
British Columbia,coquitlam-bc,1148888.0,4.0,3.0,1663.0,Townhouse
British Columbia,coquitlam-bc,395000.0,1.0,1.0,580.0,Apt/Condo
British Columbia,coquitlam-bc,980000.0,3.0,3.0,1615.0,Apt/Condo
British Columbia,coquitlam-bc,1749900.0,5.0,4.0,3211.0,House
British Columbia,coquitlam-bc,1575000.0,4.0,2.0,1792.0,House
British Columbia,coquitlam-bc,1459000.0,6.0,2.0,1770.0,House
British Columbia,coquitlam-bc,2388000.0,7.0,5.0,6290.0,House
British Columbia,coquitlam-bc,1999000.0,6.0,6.0,4044.0,House
British Columbia,coquitlam-bc,399000.0,1.0,1.0,568.0,Apt/Condo
British Columbia,coquitlam-bc,688000.0,2.0,2.0,952.0,Apt/Condo
British Columbia,coquitlam-bc,510000.0,1.0,1.0,633.0,Apt/Condo
British Columbia,coquitlam-bc,955000.0,3.0,3.0,1388.0,Townhouse
British Columbia,coquitlam-bc,1199900.0,4.0,4.0,2019.0,Townhouse
British Columbia,coquitlam-bc,2249900.0,5.0,4.0,5029.0,House
British Columbia,coquitlam-bc,1549999.0,6.0,4.0,3708.0,House
British Columbia,coquitlam-bc,1948800.0,5.0,4.0,4507.0,House
British Columbia,coquitlam-bc,1799900.0,8.0,4.0,4292.0,House
British Columbia,coquitlam-bc,2285000.0,5.0,3.0,3675.0,Apt/Condo
British Columbia,coquitlam-bc,979000.0,2.0,2.0,1273.0,Apt/Condo
British Columbia,coquitlam-bc,1649000.0,9.0,5.0,3175.0,
British Columbia,coquitlam-bc,699900.0,2.0,2.0,772.0,
British Columbia,coquitlam-bc,724900.0,2.0,2.0,848.0,
British Columbia,coquitlam-bc,,,,,
British Columbia,coquitlam-bc,1149000.0,3.0,2.0,1575.0,Duplex
British Columbia,coquitlam-bc,2580000.0,6.0,5.0,4946.0,House
British Columbia,coquitlam-bc,2230000.0,5.0,2.0,1968.0,House
British Columbia,coquitlam-bc,550000.0,1.0,1.0,620.0,Apt/Condo
British Columbia,coquitlam-bc,640000.0,2.0,2.0,966.0,Apt/Condo
British Columbia,coquitlam-bc,3680000.0,7.0,6.0,7636.0,House
British Columbia,coquitlam-bc,559000.0,1.0,1.0,606.0,Apt/Condo
British Columbia,coquitlam-bc,1249000.0,3.0,3.0,1640.0,Townhouse
British Columbia,coquitlam-bc,1999999.0,7.0,5.0,4703.0,House
British Columbia,coquitlam-bc,1675000.0,4.0,3.0,3271.0,House
British Columbia,coquitlam-bc,1399000.0,4.0,3.0,1535.0,Duplex
British Columbia,coquitlam-bc,828000.0,2.0,2.0,952.0,Apt/Condo
British Columbia,coquitlam-bc,739900.0,2.0,2.0,884.0,Apt/Condo
British Columbia,coquitlam-bc,1999990.0,8.0,5.0,4335.0,House
British Columbia,coquitlam-bc,558000.0,1.0,1.0,607.0,Apt/Condo
British Columbia,coquitlam-bc,2399000.0,6.0,4.0,3935.0,House
British Columbia,coquitlam-bc,3688000.0,6.0,5.0,5631.0,House
British Columbia,coquitlam-bc,1358000.0,0.0,,,Land/Lot
British Columbia,coquitlam-bc,630000.0,1.0,1.0,624.0,Apt/Condo
British Columbia,coquitlam-bc,2399000.0,4.0,5.0,5426.0,House
British Columbia,coquitlam-bc,590000.0,1.0,1.0,528.0,Apt/Condo
British Columbia,coquitlam-bc,1649000.0,9.0,5.0,3175.0,
British Columbia,coquitlam-bc,699900.0,2.0,2.0,772.0,
British Columbia,coquitlam-bc,724900.0,2.0,2.0,848.0,
British Columbia,coquitlam-bc,,,,,
British Columbia,coquitlam-bc,1999000.0,5.0,3.0,2478.0,House
British Columbia,coquitlam-bc,1388000.0,3.0,3.0,1546.0,Duplex
British Columbia,coquitlam-bc,1699000.0,3.0,2.0,2836.0,House
British Columbia,coquitlam-bc,950000.0,2.0,2.0,1224.0,House
British Columbia,coquitlam-bc,799000.0,2.0,2.0,783.0,Apt/Condo
British Columbia,coquitlam-bc,1799000.0,5.0,4.0,2924.0,House
British Columbia,coquitlam-bc,999000.0,3.0,4.0,1310.0,Townhouse
British Columbia,coquitlam-bc,1899900.0,6.0,3.0,3231.0,House
British Columbia,coquitlam-bc,1359900.0,3.0,4.0,2972.0,Townhouse
British Columbia,coquitlam-bc,2388800.0,4.0,4.0,3510.0,House
British Columbia,coquitlam-bc,2289000.0,4.0,4.0,2644.0,House
British Columbia,coquitlam-bc,3598000.0,2.0,1.0,1000.0,House
British Columbia,coquitlam-bc,855900.0,2.0,2.0,814.0,Apt/Condo
British Columbia,coquitlam-bc,844900.0,2.0,2.0,781.0,Apt/Condo
British Columbia,coquitlam-bc,735900.0,2.0,2.0,682.0,Apt/Condo
British Columbia,coquitlam-bc,1014900.0,3.0,2.0,1020.0,Apt/Condo
British Columbia,coquitlam-bc,3598000.0,4.0,2.0,2207.0,House
British Columbia,coquitlam-bc,1299980.0,5.0,2.0,1853.0,House
British Columbia,coquitlam-bc,728000.0,2.0,2.0,770.0,Apt/Condo
British Columbia,coquitlam-bc,1399000.0,5.0,3.0,2757.0,House
British Columbia,coquitlam-bc,4931000.0,0.0,,,Land/Lot
British Columbia,coquitlam-bc,1649000.0,9.0,5.0,3175.0,
British Columbia,coquitlam-bc,699900.0,2.0,2.0,772.0,
British Columbia,coquitlam-bc,724900.0,2.0,2.0,848.0,
British Columbia,coquitlam-bc,,,,,
British Columbia,coquitlam-bc,665000.0,2.0,2.0,888.0,Apt/Condo
British Columbia,coquitlam-bc,868000.0,2.0,2.0,932.0,Apt/Condo
British Columbia,coquitlam-bc,715000.0,2.0,2.0,847.0,Apt/Condo
British Columbia,coquitlam-bc,2188000.0,7.0,5.0,5441.0,House
British Columbia,coquitlam-bc,799900.0,2.0,2.0,829.0,Apt/Condo
British Columbia,coquitlam-bc,899000.0,2.0,2.0,1237.0,Townhouse
British Columbia,coquitlam-bc,2349000.0,5.0,3.0,3288.0,House
British Columbia,coquitlam-bc,1968000.0,4.0,4.0,3502.0,House
British Columbia,coquitlam-bc,3598000.0,5.0,2.0,2206.0,House
British Columbia,coquitlam-bc,585000.0,1.0,1.0,570.0,Apt/Condo
British Columbia,coquitlam-bc,559900.0,1.0,1.0,831.0,Apt/Condo
British Columbia,coquitlam-bc,1649000.0,7.0,3.0,3683.0,House
British Columbia,coquitlam-bc,3498000.0,4.0,2.0,4000.0,House
British Columbia,coquitlam-bc,639000.0,2.0,2.0,1103.0,Apt/Condo
British Columbia,coquitlam-bc,573900.0,1.0,1.0,485.0,Apt/Condo
British Columbia,coquitlam-bc,638000.0,2.0,1.0,781.0,Apt/Condo
British Columbia,coquitlam-bc,614900.0,1.0,1.0,516.0,Apt/Condo
British Columbia,coquitlam-bc,1799000.0,4.0,2.0,2838.0,House
British Columbia,coquitlam-bc,1496000.0,4.0,4.0,2238.0,Townhouse
British Columbia,coquitlam-bc,889900.0,3.0,3.0,1377.0,Townhouse
British Columbia,coquitlam-bc,515000.0,1.0,1.0,713.0,Apt/Condo
British Columbia,coquitlam-bc,1649000.0,9.0,5.0,3175.0,
British Columbia,coquitlam-bc,699900.0,2.0,2.0,772.0,
British Columbia,coquitlam-bc,724900.0,2.0,2.0,848.0,
British Columbia,coquitlam-bc,,,,,
British Columbia,coquitlam-bc,649800.0,2.0,2.0,980.0,Apt/Condo
British Columbia,coquitlam-bc,1278000.0,4.0,3.0,2321.0,House
British Columbia,coquitlam-bc,1490000.0,4.0,2.0,1839.0,House
British Columbia,coquitlam-bc,1748000.0,6.0,4.0,3103.0,House
British Columbia,coquitlam-bc,1998000.0,6.0,4.0,3727.0,House
British Columbia,coquitlam-bc,1449999.0,4.0,3.0,2067.0,Duplex
British Columbia,coquitlam-bc,1449999.0,4.0,3.0,1939.0,Duplex
British Columbia,coquitlam-bc,2595000.0,6.0,6.0,3925.0,House
British Columbia,coquitlam-bc,1650000.0,5.0,3.0,3287.0,House
British Columbia,coquitlam-bc,408000.0,0.0,1.0,431.0,Apt/Condo
British Columbia,coquitlam-bc,768000.0,2.0,2.0,1218.0,Apt/Condo
British Columbia,coquitlam-bc,2099900.0,3.0,2.0,1863.0,House
British Columbia,coquitlam-bc,2799000.0,5.0,6.0,5807.0,House
British Columbia,coquitlam-bc,2600000.0,6.0,3.0,2423.0,House
British Columbia,coquitlam-bc,1050000.0,3.0,2.0,1301.0,Townhouse
British Columbia,coquitlam-bc,499000.0,1.0,1.0,586.0,Apt/Condo
British Columbia,coquitlam-bc,2999000.0,8.0,7.0,5250.0,House
British Columbia,coquitlam-bc,539900.0,1.0,1.0,741.0,Apt/Condo
British Columbia,coquitlam-bc,598000.0,1.0,1.0,780.0,Apt/Condo
British Columbia,coquitlam-bc,1299000.0,3.0,4.0,2823.0,Townhouse
British Columbia,coquitlam-bc,849888.0,3.0,2.0,1037.0,Apt/Condo
British Columbia,coquitlam-bc,1649000.0,9.0,5.0,3175.0,
British Columbia,coquitlam-bc,699900.0,2.0,2.0,772.0,
British Columbia,coquitlam-bc,724900.0,2.0,2.0,848.0,
British Columbia,coquitlam-bc,,,,,
British Columbia,coquitlam-bc,455000.0,1.0,1.0,452.0,Apt/Condo
British Columbia,coquitlam-bc,550000.0,1.0,1.0,620.0,Apt/Condo
British Columbia,coquitlam-bc,1530000.0,3.0,2.0,1341.0,Apt/Condo
British Columbia,coquitlam-bc,1488000.0,4.0,3.0,1912.0,House
British Columbia,coquitlam-bc,59000.0,0.0,,,Land/Lot
British Columbia,coquitlam-bc,1749900.0,4.0,4.0,3991.0,House
British Columbia,coquitlam-bc,1580000.0,4.0,2.0,1966.0,House
British Columbia,coquitlam-bc,438880.0,4.0,1.0,1152.0,Mfd/Mobile Home
British Columbia,coquitlam-bc,1018000.0,4.0,3.0,1816.0,Townhouse
British Columbia,coquitlam-bc,749000.0,2.0,2.0,1004.0,Apt/Condo
British Columbia,coquitlam-bc,3990000.0,5.0,6.0,5422.0,House
British Columbia,coquitlam-bc,2399900.0,3.0,2.0,2061.0,House
British Columbia,coquitlam-bc,589000.0,1.0,1.0,522.0,Apt/Condo
British Columbia,coquitlam-bc,1999000.0,3.0,3.0,1273.0,House
British Columbia,coquitlam-bc,2099000.0,5.0,4.0,3814.0,House
British Columbia,coquitlam-bc,4616000.0,4.0,3.0,2530.0,House
British Columbia,coquitlam-bc,919900.0,2.0,2.0,936.0,Apt/Condo
British Columbia,coquitlam-bc,2499000.0,7.0,3.0,3594.0,House
British Columbia,coquitlam-bc,424900.0,2.0,1.0,807.0,Apt/Condo
British Columbia,coquitlam-bc,4616000.0,4.0,3.0,2337.0,House
British Columbia,coquitlam-bc,7299999.0,4.0,2.0,2486.0,House
British Columbia,coquitlam-bc,1649000.0,9.0,5.0,3175.0,
British Columbia,coquitlam-bc,699900.0,2.0,2.0,772.0,
British Columbia,coquitlam-bc,724900.0,2.0,2.0,848.0,
British Columbia,coquitlam-bc,,,,,
British Columbia,coquitlam-bc,599900.0,1.0,1.0,556.0,Apt/Condo
British Columbia,coquitlam-bc,1388000.0,3.0,3.0,1546.0,Duplex
British Columbia,coquitlam-bc,3645000.0,4.0,3.0,2500.0,House
British Columbia,coquitlam-bc,4710000.0,4.0,3.0,2816.0,House
British Columbia,coquitlam-bc,3645000.0,4.0,3.0,2200.0,House
British Columbia,coquitlam-bc,3645000.0,4.0,3.0,3005.0,House
British Columbia,coquitlam-bc,278880.0,3.0,1.0,864.0,Mfd/Mobile Home
British Columbia,coquitlam-bc,1489000.0,4.0,3.0,2584.0,Duplex
British Columbia,coquitlam-bc,3100000.0,3.0,1.0,1312.0,House
British Columbia,coquitlam-bc,269880.0,2.0,1.0,672.0,Mfd/Mobile Home
British Columbia,coquitlam-bc,1149000.0,3.0,3.0,1763.0,Townhouse
British Columbia,coquitlam-bc,2288888.0,6.0,4.0,3514.0,House
British Columbia,coquitlam-bc,639000.0,1.0,1.0,588.0,Apt/Condo
British Columbia,coquitlam-bc,2398800.0,6.0,6.0,3889.0,House
British Columbia,coquitlam-bc,3088888.0,8.0,8.0,5101.0,House
British Columbia,coquitlam-bc,1880000.0,4.0,4.0,2687.0,House
British Columbia,coquitlam-bc,1398000.0,2.0,1.0,954.0,House
British Columbia,coquitlam-bc,1998000.0,5.0,2.0,2600.0,House
British Columbia,coquitlam-bc,2300000.0,2.0,3.0,1732.0,House
British Columbia,coquitlam-bc,2300000.0,2.0,1.0,1050.0,House
British Columbia,coquitlam-bc,2300000.0,7.0,2.0,1143.0,House
British Columbia,coquitlam-bc,1649000.0,9.0,5.0,3175.0,
British Columbia,coquitlam-bc,699900.0,2.0,2.0,772.0,
British Columbia,coquitlam-bc,724900.0,2.0,2.0,848.0,
British Columbia,coquitlam-bc,,,,,
British Columbia,coquitlam-bc,2300000.0,3.0,2.0,2135.0,House
British Columbia,coquitlam-bc,1650000.0,5.0,3.0,3287.0,House
British Columbia,coquitlam-bc,2300000.0,2.0,1.0,1940.0,House
British Columbia,coquitlam-bc,1460000.0,3.0,3.0,1776.0,Townhouse
British Columbia,coquitlam-bc,5699000.0,4.0,2.0,2146.0,House
British Columbia,coquitlam-bc,2625000.0,4.0,2.0,1975.0,House
British Columbia,coquitlam-bc,2399000.0,7.0,4.0,2628.0,House
British Columbia,coquitlam-bc,2599000.0,3.0,2.0,2062.0,House
British Columbia,coquitlam-bc,2599000.0,3.0,2.0,2062.0,House
British Columbia,coquitlam-bc,2599000.0,3.0,2.0,1752.0,House
British Columbia,coquitlam-bc,2599000.0,3.0,2.0,1810.0,House
British Columbia,coquitlam-bc,519000.0,1.0,1.0,615.0,Apt/Condo
British Columbia,coquitlam-bc,1999000.0,6.0,5.0,3904.0,House
British Columbia,coquitlam-bc,1019000.0,3.0,3.0,1391.0,Townhouse
British Columbia,coquitlam-bc,755000.0,2.0,2.0,962.0,Apt/Condo
British Columbia,coquitlam-bc,1499999.0,5.0,4.0,1986.0,Duplex
British Columbia,coquitlam-bc,3600000.0,6.0,8.0,4970.0,House
British Columbia,coquitlam-bc,550000.0,1.0,1.0,550.0,Apt/Condo
British Columbia,coquitlam-bc,799000.0,2.0,2.0,912.0,Apt/Condo
British Columbia,coquitlam-bc,699900.0,2.0,2.0,731.0,Apt/Condo
British Columbia,coquitlam-bc,948800.0,3.0,3.0,1564.0,Townhouse
British Columbia,coquitlam-bc,1649000.0,9.0,5.0,3175.0,
British Columbia,coquitlam-bc,699900.0,2.0,2.0,772.0,
British Columbia,coquitlam-bc,724900.0,2.0,2.0,848.0,
British Columbia,coquitlam-bc,,,,,
British Columbia,coquitlam-bc,1150000.0,3.0,3.0,1361.0,Townhouse
British Columbia,coquitlam-bc,2580000.0,6.0,5.0,4946.0,House
British Columbia,coquitlam-bc,2499000.0,9.0,7.0,5289.0,House
British Columbia,coquitlam-bc,638000.0,1.0,1.0,614.0,Apt/Condo
British Columbia,coquitlam-bc,798000.0,2.0,2.0,759.0,Apt/Condo
British Columbia,coquitlam-bc,749000.0,2.0,2.0,812.0,Apt/Condo
British Columbia,coquitlam-bc,699000.0,1.0,1.0,618.0,Apt/Condo
British Columbia,coquitlam-bc,899900.0,2.0,2.0,875.0,Apt/Condo
British Columbia,coquitlam-bc,1188000.0,4.0,3.0,1489.0,Townhouse
British Columbia,coquitlam-bc,638999.0,2.0,1.0,743.0,Apt/Condo
British Columbia,coquitlam-bc,969000.0,3.0,2.0,1225.0,House
British Columbia,coquitlam-bc,998000.0,2.0,2.0,952.0,Apt/Condo
British Columbia,coquitlam-bc,508800.0,1.0,1.0,734.0,Apt/Condo
British Columbia,coquitlam-bc,949900.0,3.0,3.0,1402.0,Townhouse
British Columbia,coquitlam-bc,1388900.0,2.0,2.0,1105.0,Apt/Condo
British Columbia,coquitlam-bc,1948000.0,4.0,3.0,2290.0,House
British Columbia,coquitlam-bc,699900.0,2.0,1.0,767.0,Apt/Condo
British Columbia,coquitlam-bc,1675000.0,3.0,4.0,2710.0,House
British Columbia,coquitlam-bc,539900.0,1.0,1.0,544.0,Apt/Condo
British Columbia,coquitlam-bc,649990.0,1.0,1.0,746.0,Apt/Condo
British Columbia,coquitlam-bc,1550000.0,3.0,1.0,1792.0,House
British Columbia,coquitlam-bc,1649000.0,9.0,5.0,3175.0,
British Columbia,coquitlam-bc,699900.0,2.0,2.0,772.0,
British Columbia,coquitlam-bc,724900.0,2.0,2.0,848.0,
British Columbia,coquitlam-bc,,,,,
British Columbia,coquitlam-bc,1750000.0,4.0,4.0,3333.0,House
British Columbia,coquitlam-bc,1779000.0,5.0,4.0,3004.0,House
British Columbia,coquitlam-bc,1188000.0,2.0,2.0,948.0,House
British Columbia,coquitlam-bc,499000.0,2.0,1.0,848.0,Apt/Condo
British Columbia,coquitlam-bc,1298800.0,4.0,3.0,2060.0,House
British Columbia,coquitlam-bc,928800.0,2.0,2.0,860.0,Apt/Condo
British Columbia,coquitlam-bc,2138000.0,4.0,3.0,3113.0,House
British Columbia,coquitlam-bc,2498000.0,7.0,6.0,4582.0,House
British Columbia,coquitlam-bc,3099900.0,5.0,5.0,5337.0,House
British Columbia,coquitlam-bc,969000.0,3.0,2.0,1377.0,Townhouse
British Columbia,coquitlam-bc,1925000.0,7.0,5.0,4328.0,House
British Columbia,coquitlam-bc,489900.0,2.0,1.0,899.0,Apt/Condo
British Columbia,coquitlam-bc,899900.0,3.0,2.0,1196.0,Duplex
British Columbia,coquitlam-bc,899900.0,3.0,2.0,1202.0,Duplex
British Columbia,coquitlam-bc,524900.0,1.0,1.0,510.0,Apt/Condo
British Columbia,coquitlam-bc,958000.0,2.0,2.0,959.0,Apt/Condo
British Columbia,coquitlam-bc,2399000.0,9.0,7.0,4207.0,House
British Columbia,coquitlam-bc,1388000.0,4.0,4.0,2096.0,Townhouse
British Columbia,coquitlam-bc,595000.0,1.0,1.0,499.0,Apt/Condo
British Columbia,coquitlam-bc,977000.0,3.0,2.0,954.0,Apt/Condo
British Columbia,coquitlam-bc,1899998.0,7.0,5.0,3485.0,House
British Columbia,coquitlam-bc,1649000.0,9.0,5.0,3175.0,
British Columbia,coquitlam-bc,699900.0,2.0,2.0,772.0,
British Columbia,coquitlam-bc,724900.0,2.0,2.0,848.0,
British Columbia,coquitlam-bc,,,,,
British Columbia,coquitlam-bc,789500.0,2.0,2.0,847.0,Apt/Condo
British Columbia,coquitlam-bc,1388000.0,3.0,3.0,1546.0,Duplex
British Columbia,coquitlam-bc,550000.0,1.0,1.0,540.0,Apt/Condo
British Columbia,coquitlam-bc,1748000.0,5.0,4.0,2695.0,House
British Columbia,coquitlam-bc,549900.0,2.0,1.0,842.0,Apt/Condo
British Columbia,coquitlam-bc,1689000.0,5.0,5.0,3440.0,Duplex
British Columbia,coquitlam-bc,1988888.0,6.0,4.0,4241.0,House
British Columbia,coquitlam-bc,1250000.0,4.0,4.0,2226.0,Townhouse
British Columbia,coquitlam-bc,979000.0,2.0,2.0,1230.0,Apt/Condo
British Columbia,coquitlam-bc,3950000.0,0.0,,,Multifamily
British Columbia,coquitlam-bc,599000.0,1.0,1.0,518.0,Apt/Condo
British Columbia,coquitlam-bc,719900.0,2.0,2.0,1003.0,Apt/Condo
British Columbia,coquitlam-bc,520000.0,1.0,1.0,540.0,Apt/Condo
British Columbia,coquitlam-bc,549900.0,1.0,1.0,518.0,Apt/Condo
British Columbia,coquitlam-bc,675000.0,2.0,2.0,1032.0,Apt/Condo
British Columbia,coquitlam-bc,1075000.0,3.0,3.0,1413.0,Townhouse
British Columbia,coquitlam-bc,959800.0,2.0,2.0,972.0,Apt/Condo
British Columbia,coquitlam-bc,1149000.0,3.0,3.0,1412.0,Townhouse
British Columbia,coquitlam-bc,620000.0,1.0,1.0,576.0,Apt/Condo
British Columbia,coquitlam-bc,1990000.0,2.0,1.0,1434.0,House
British Columbia,coquitlam-bc,1680000.0,4.0,3.0,3191.0,House
British Columbia,coquitlam-bc,1649000.0,9.0,5.0,3175.0,
British Columbia,coquitlam-bc,699900.0,2.0,2.0,772.0,
British Columbia,coquitlam-bc,724900.0,2.0,2.0,848.0,
British Columbia,coquitlam-bc,,,,,
British Columbia,coquitlam-bc,2199900.0,5.0,4.0,3918.0,House
British Columbia,coquitlam-bc,749000.0,2.0,2.0,1030.0,Apt/Condo
British Columbia,coquitlam-bc,3000000.0,8.0,4.0,3524.0,Duplex
British Columbia,coquitlam-bc,2988000.0,9.0,7.0,8085.0,House
British Columbia,coquitlam-bc,1298000.0,3.0,3.0,1535.0,Duplex
British Columbia,coquitlam-bc,1359000.0,3.0,4.0,1914.0,Townhouse
British Columbia,coquitlam-bc,525000.0,1.0,1.0,594.0,Apt/Condo
British Columbia,coquitlam-bc,789000.0,2.0,2.0,876.0,Apt/Condo
British Columbia,coquitlam-bc,559900.0,1.0,1.0,678.0,Apt/Condo
British Columbia,coquitlam-bc,878000.0,3.0,2.0,969.0,Apt/Condo
British Columbia,coquitlam-bc,1029900.0,3.0,3.0,1580.0,Townhouse
British Columbia,coquitlam-bc,1149000.0,2.0,2.0,936.0,Apt/Condo
British Columbia,coquitlam-bc,1599000.0,3.0,1.0,1069.0,House
British Columbia,coquitlam-bc,950000.0,4.0,3.0,1575.0,House
British Columbia,coquitlam-bc,540000.0,1.0,1.0,722.0,Apt/Condo
British Columbia,coquitlam-bc,2500000.0,6.0,3.0,2600.0,House
British Columbia,coquitlam-bc,499990.0,1.0,1.0,576.0,Apt/Condo
British Columbia,coquitlam-bc,1449000.0,4.0,4.0,2656.0,Townhouse
British Columbia,coquitlam-bc,1688000.0,4.0,4.0,2038.0,House
British Columbia,coquitlam-bc,719000.0,2.0,2.0,792.0,Apt/Condo
British Columbia,coquitlam-bc,689900.0,2.0,2.0,875.0,Apt/Condo
British Columbia,coquitlam-bc,1649000.0,9.0,5.0,3175.0,
British Columbia,coquitlam-bc,699900.0,2.0,2.0,772.0,
British Columbia,coquitlam-bc,724900.0,2.0,2.0,848.0,
British Columbia,coquitlam-bc,,,,,
British Columbia,coquitlam-bc,750000.0,2.0,2.0,840.0,Apt/Condo
British Columbia,coquitlam-bc,1269000.0,4.0,3.0,1682.0,Townhouse
British Columbia,coquitlam-bc,699000.0,2.0,2.0,770.0,Apt/Condo
British Columbia,coquitlam-bc,759000.0,2.0,2.0,779.0,Apt/Condo
British Columbia,coquitlam-bc,1368800.0,4.0,3.0,2343.0,House
British Columbia,coquitlam-bc,513888.0,1.0,1.0,488.0,Apt/Condo
British Columbia,coquitlam-bc,1468000.0,4.0,4.0,2235.0,Townhouse
British Columbia,coquitlam-bc,1738000.0,3.0,3.0,3521.0,House
British Columbia,coquitlam-bc,600000.0,2.0,2.0,1094.0,Apt/Condo
British Columbia,coquitlam-bc,539900.0,1.0,1.0,764.0,Apt/Condo
British Columbia,coquitlam-bc,649900.0,2.0,2.0,1045.0,Apt/Condo
British Columbia,coquitlam-bc,1139900.0,3.0,2.0,2410.0,House
British Columbia,coquitlam-bc,3499000.0,7.0,8.0,5036.0,House
British Columbia,coquitlam-bc,529900.0,1.0,1.0,576.0,Apt/Condo
British Columbia,coquitlam-bc,739900.0,2.0,2.0,789.0,Apt/Condo
British Columbia,coquitlam-bc,1150000.0,2.0,1.0,1030.0,House
British Columbia,coquitlam-bc,674888.0,2.0,2.0,815.0,Apt/Condo
British Columbia,coquitlam-bc,3298000.0,8.0,9.0,5494.0,House
British Columbia,coquitlam-bc,869900.0,2.0,2.0,945.0,Apt/Condo
British Columbia,coquitlam-bc,1729000.0,5.0,4.0,2310.0,House
British Columbia,coquitlam-bc,718000.0,2.0,2.0,842.0,Apt/Condo
British Columbia,coquitlam-bc,1649000.0,9.0,5.0,3175.0,
British Columbia,coquitlam-bc,699900.0,2.0,2.0,772.0,
British Columbia,coquitlam-bc,724900.0,2.0,2.0,848.0,
British Columbia,coquitlam-bc,,,,,
British Columbia,coquitlam-bc,638000.0,1.0,1.0,614.0,Apt/Condo
British Columbia,coquitlam-bc,889900.0,3.0,3.0,1377.0,Townhouse
British Columbia,coquitlam-bc,797800.0,2.0,2.0,972.0,Apt/Condo
British Columbia,coquitlam-bc,549800.0,2.0,2.0,938.0,Apt/Condo
British Columbia,coquitlam-bc,1599000.0,4.0,2.0,2566.0,House
British Columbia,coquitlam-bc,2500000.0,4.0,2.0,1800.0,House
British Columbia,coquitlam-bc,2999999.0,6.0,7.0,4862.0,House
British Columbia,coquitlam-bc,2500000.0,3.0,1.0,1728.0,House
British Columbia,coquitlam-bc,1398999.0,3.0,2.0,1105.0,Apt/Condo
British Columbia,coquitlam-bc,519000.0,1.0,1.0,556.0,Apt/Condo
British Columbia,coquitlam-bc,768000.0,2.0,2.0,910.0,Apt/Condo
British Columbia,coquitlam-bc,498800.0,1.0,1.0,733.0,Apt/Condo
British Columbia,coquitlam-bc,1750000.0,6.0,4.0,2988.0,House
British Columbia,coquitlam-bc,624900.0,1.0,1.0,535.0,Apt/Condo
British Columbia,coquitlam-bc,533800.0,1.0,1.0,522.0,Apt/Condo
British Columbia,coquitlam-bc,749900.0,2.0,2.0,887.0,Apt/Condo
British Columbia,coquitlam-bc,699900.0,2.0,2.0,735.0,Apt/Condo
British Columbia,coquitlam-bc,599900.0,2.0,2.0,1040.0,Apt/Condo
British Columbia,coquitlam-bc,2199999.0,4.0,5.0,4578.0,House
British Columbia,coquitlam-bc,559000.0,1.0,1.0,647.0,Apt/Condo
British Columbia,coquitlam-bc,999000.0,3.0,4.0,1395.0,Townhouse
British Columbia,coquitlam-bc,1649000.0,9.0,5.0,3175.0,
British Columbia,coquitlam-bc,699900.0,2.0,2.0,772.0,
British Columbia,coquitlam-bc,724900.0,2.0,2.0,848.0,
British Columbia,coquitlam-bc,,,,,
British Columbia,coquitlam-bc,1358800.0,5.0,2.0,2356.0,House
British Columbia,coquitlam-bc,749000.0,2.0,2.0,1030.0,Apt/Condo
British Columbia,coquitlam-bc,718900.0,2.0,2.0,1221.0,Apt/Condo
British Columbia,coquitlam-bc,528000.0,1.0,1.0,783.0,Apt/Condo
British Columbia,coquitlam-bc,685000.0,3.0,2.0,830.0,Apt/Condo
British Columbia,coquitlam-bc,559900.0,1.0,1.0,578.0,Apt/Condo
British Columbia,coquitlam-bc,630000.0,2.0,2.0,1021.0,Apt/Condo
British Columbia,coquitlam-bc,895000.0,2.0,2.0,1174.0,Apt/Condo
British Columbia,coquitlam-bc,1499000.0,3.0,2.0,2145.0,House
British Columbia,coquitlam-bc,849900.0,3.0,2.0,921.0,Apt/Condo
British Columbia,coquitlam-bc,1024900.0,2.0,2.0,1085.0,Apt/Condo
British Columbia,coquitlam-bc,658800.0,2.0,2.0,1075.0,Apt/Condo
British Columbia,coquitlam-bc,1499000.0,4.0,4.0,2733.0,House
British Columbia,coquitlam-bc,675000.0,2.0,2.0,868.0,Apt/Condo
British Columbia,coquitlam-bc,1450000.0,2.0,2.0,1105.0,Apt/Condo
British Columbia,coquitlam-bc,516000.0,2.0,1.0,816.0,Apt/Condo
British Columbia,coquitlam-bc,559000.0,1.0,1.0,606.0,Apt/Condo
British Columbia,coquitlam-bc,899900.0,2.0,2.0,1170.0,Apt/Condo
British Columbia,coquitlam-bc,2198000.0,6.0,4.0,4208.0,House
British Columbia,coquitlam-bc,1375000.0,5.0,3.0,2944.0,House
British Columbia,coquitlam-bc,959000.0,3.0,2.0,1036.0,Apt/Condo
British Columbia,coquitlam-bc,1649000.0,9.0,5.0,3175.0,
British Columbia,coquitlam-bc,699900.0,2.0,2.0,772.0,
British Columbia,coquitlam-bc,724900.0,2.0,2.0,848.0,
British Columbia,richmond-bc,219999.0,1.0,1.0,635.0,Apt/Condo
British Columbia,richmond-bc,414900.0,1.0,1.0,651.0,Apt/Condo
British Columbia,richmond-bc,1068000.0,3.0,3.0,1363.0,Townhouse
British Columbia,richmond-bc,359900.0,1.0,1.0,679.0,Apt/Condo
British Columbia,richmond-bc,418000.0,1.0,1.0,676.0,Apt/Condo
British Columbia,richmond-bc,1550000.0,3.0,2.0,1591.0,House
British Columbia,richmond-bc,249000.0,2.0,1.0,834.0,Apt/Condo
British Columbia,richmond-bc,2199000.0,5.0,4.0,2844.0,House
British Columbia,richmond-bc,2990000.0,5.0,7.0,3177.0,House
British Columbia,richmond-bc,3288000.0,5.0,6.0,3490.0,House
British Columbia,richmond-bc,1325000.0,3.0,3.0,2071.0,Townhouse
British Columbia,richmond-bc,549900.0,1.0,1.0,681.0,Apt/Condo
British Columbia,richmond-bc,1088000.0,3.0,3.0,1399.0,Townhouse
British Columbia,richmond-bc,1299888.0,5.0,2.0,1201.0,House
British Columbia,richmond-bc,1618000.0,4.0,2.0,2132.0,House
British Columbia,richmond-bc,698800.0,2.0,2.0,1066.0,Apt/Condo
British Columbia,richmond-bc,2999000.0,0.0,,,Land/Lot
British Columbia,richmond-bc,339900.0,1.0,1.0,528.0,Apt/Condo
British Columbia,richmond-bc,426900.0,1.0,1.0,755.0,Apt/Condo
British Columbia,richmond-bc,499000.0,1.0,1.0,425.0,Apt/Condo
British Columbia,richmond-bc,2138000.0,5.0,3.0,2719.0,House
British Columbia,richmond-bc,1599900.0,4.0,3.0,1475.0,
British Columbia,richmond-bc,1399900.0,3.0,2.0,1302.0,
British Columbia,richmond-bc,1599900.0,4.0,3.0,1496.0,
British Columbia,richmond-bc,638800.0,2.0,2.0,959.0,Apt/Condo
British Columbia,richmond-bc,1790000.0,6.0,4.0,3184.0,House
British Columbia,richmond-bc,1158000.0,3.0,3.0,1760.0,Townhouse
British Columbia,richmond-bc,689000.0,1.0,1.0,707.0,Apt/Condo
British Columbia,richmond-bc,1538000.0,5.0,3.0,2594.0,House
British Columbia,richmond-bc,799000.0,2.0,2.0,825.0,Apt/Condo
British Columbia,richmond-bc,1999999.0,6.0,4.0,2695.0,House
British Columbia,richmond-bc,3680000.0,5.0,6.0,3676.0,House
British Columbia,richmond-bc,2880000.0,5.0,6.0,3001.0,House
British Columbia,richmond-bc,848000.0,3.0,3.0,1166.0,Townhouse
British Columbia,richmond-bc,2358800.0,4.0,5.0,2442.0,House
British Columbia,richmond-bc,899000.0,2.0,2.0,1069.0,Apt/Condo
British Columbia,richmond-bc,235000.0,1.0,1.0,546.0,House
British Columbia,richmond-bc,599000.0,2.0,1.0,541.0,Apt/Condo
British Columbia,richmond-bc,685000.0,2.0,1.0,618.0,Apt/Condo
British Columbia,richmond-bc,3988800.0,5.0,6.0,3627.0,House
British Columbia,richmond-bc,2189000.0,4.0,2.0,1576.0,House
British Columbia,richmond-bc,799000.0,2.0,2.0,848.0,Apt/Condo
British Columbia,richmond-bc,2689000.0,5.0,6.0,3106.0,House
British Columbia,richmond-bc,588000.0,1.0,1.0,623.0,Apt/Condo
British Columbia,richmond-bc,1288000.0,3.0,3.0,1450.0,Townhouse
British Columbia,richmond-bc,1599900.0,4.0,3.0,1475.0,
British Columbia,richmond-bc,1399900.0,3.0,2.0,1302.0,
British Columbia,richmond-bc,1599900.0,4.0,3.0,1496.0,
British Columbia,richmond-bc,489000.0,1.0,1.0,708.0,Apt/Condo
British Columbia,richmond-bc,938000.0,3.0,2.0,933.0,Apt/Condo
British Columbia,richmond-bc,1048800.0,3.0,3.0,1475.0,Townhouse
British Columbia,richmond-bc,1759000.0,4.0,3.0,2320.0,House
British Columbia,richmond-bc,538800.0,2.0,1.0,957.0,Townhouse
British Columbia,richmond-bc,1380000.0,4.0,4.0,1567.0,Townhouse
British Columbia,richmond-bc,649800.0,2.0,2.0,767.0,Apt/Condo
British Columbia,richmond-bc,668000.0,2.0,2.0,1066.0,Apt/Condo
British Columbia,richmond-bc,3788000.0,5.0,7.0,4621.0,House
British Columbia,richmond-bc,3499900.0,5.0,6.0,3747.0,House
British Columbia,richmond-bc,899000.0,2.0,2.0,804.0,Apt/Condo
British Columbia,richmond-bc,629900.0,2.0,2.0,955.0,Apt/Condo
British Columbia,richmond-bc,1688000.0,4.0,3.0,2393.0,House
British Columbia,richmond-bc,979000.0,3.0,3.0,1341.0,Townhouse
British Columbia,richmond-bc,489000.0,1.0,1.0,606.0,Apt/Condo
British Columbia,richmond-bc,1299000.0,3.0,3.0,1680.0,Townhouse
British Columbia,richmond-bc,1498000.0,3.0,3.0,1747.0,Townhouse
British Columbia,richmond-bc,1949999.0,4.0,3.0,2154.0,House
British Columbia,richmond-bc,699000.0,2.0,2.0,1184.0,Apt/Condo
British Columbia,richmond-bc,1788000.0,8.0,5.0,2172.0,House
British Columbia,richmond-bc,758000.0,2.0,2.0,1403.0,Apt/Condo
British Columbia,richmond-bc,1599900.0,4.0,3.0,1475.0,
British Columbia,richmond-bc,1399900.0,3.0,2.0,1302.0,
British Columbia,richmond-bc,1599900.0,4.0,3.0,1496.0,
British Columbia,richmond-bc,783800.0,2.0,2.0,969.0,Apt/Condo
British Columbia,richmond-bc,3888888.0,6.0,7.0,4461.0,House
British Columbia,richmond-bc,649900.0,2.0,2.0,953.0,Apt/Condo
British Columbia,richmond-bc,397500.0,1.0,1.0,690.0,Apt/Condo
British Columbia,richmond-bc,599000.0,2.0,1.0,552.0,Apt/Condo
British Columbia,richmond-bc,1088000.0,3.0,2.0,1271.0,Apt/Condo
British Columbia,richmond-bc,529000.0,2.0,1.0,973.0,Apt/Condo
British Columbia,richmond-bc,1498500.0,4.0,3.0,1916.0,Townhouse
British Columbia,richmond-bc,515000.0,1.0,1.0,793.0,Apt/Condo
British Columbia,richmond-bc,575000.0,1.0,1.0,625.0,Apt/Condo
British Columbia,richmond-bc,799000.0,2.0,2.0,978.0,Apt/Condo
British Columbia,richmond-bc,1788800.0,5.0,3.0,2908.0,Duplex
British Columbia,richmond-bc,1748000.0,4.0,3.0,2133.0,House
British Columbia,richmond-bc,1999000.0,4.0,4.0,2500.0,House
British Columbia,richmond-bc,608000.0,1.0,1.0,580.0,Apt/Condo
British Columbia,richmond-bc,650000.0,2.0,2.0,934.0,Apt/Condo
British Columbia,richmond-bc,5988000.0,8.0,9.0,8319.0,House
British Columbia,richmond-bc,5280000.0,6.0,7.0,5152.0,House
British Columbia,richmond-bc,699000.0,1.0,1.0,657.0,Apt/Condo
British Columbia,richmond-bc,588800.0,1.0,1.0,694.0,Apt/Condo
British Columbia,richmond-bc,598000.0,1.0,1.0,546.0,Apt/Condo
British Columbia,richmond-bc,1599900.0,4.0,3.0,1475.0,
British Columbia,richmond-bc,1399900.0,3.0,2.0,1302.0,
British Columbia,richmond-bc,1599900.0,4.0,3.0,1496.0,
British Columbia,richmond-bc,970000.0,4.0,3.0,1609.0,Townhouse
British Columbia,richmond-bc,499000.0,1.0,1.0,719.0,Apt/Condo
British Columbia,richmond-bc,888000.0,2.0,2.0,774.0,Apt/Condo
British Columbia,richmond-bc,628000.0,2.0,2.0,732.0,Apt/Condo
British Columbia,richmond-bc,699000.0,2.0,2.0,688.0,Apt/Condo
British Columbia,richmond-bc,599000.0,1.0,1.0,570.0,Apt/Condo
British Columbia,richmond-bc,998000.0,3.0,3.0,1492.0,Townhouse
British Columbia,richmond-bc,425000.0,2.0,1.0,832.0,Apt/Condo
British Columbia,richmond-bc,848888.0,3.0,2.0,1219.0,Apt/Condo
British Columbia,richmond-bc,1099900.0,4.0,3.0,1542.0,Townhouse
British Columbia,richmond-bc,6280000.0,7.0,6.0,4570.0,House
British Columbia,richmond-bc,2699000.0,5.0,7.0,4119.0,House
British Columbia,richmond-bc,2799000.0,5.0,6.0,3612.0,House
British Columbia,richmond-bc,849900.0,4.0,3.0,1541.0,Townhouse
British Columbia,richmond-bc,2199000.0,5.0,3.0,2280.0,House
British Columbia,richmond-bc,929000.0,3.0,3.0,1073.0,Apt/Condo
British Columbia,richmond-bc,4288000.0,5.0,8.0,6182.0,House
British Columbia,richmond-bc,1999000.0,5.0,4.0,2114.0,House
British Columbia,richmond-bc,1599999.0,3.0,2.0,1901.0,House
British Columbia,richmond-bc,2090000.0,5.0,4.0,2127.0,House
British Columbia,richmond-bc,3888888.0,6.0,7.0,4461.0,House
British Columbia,richmond-bc,1599900.0,4.0,3.0,1475.0,
British Columbia,richmond-bc,1399900.0,3.0,2.0,1302.0,
British Columbia,richmond-bc,1599900.0,4.0,3.0,1496.0,
British Columbia,richmond-bc,650000.0,2.0,2.0,860.0,Apt/Condo
British Columbia,richmond-bc,3685000.0,6.0,5.0,4519.0,House
British Columbia,richmond-bc,549990.0,1.0,1.0,667.0,Apt/Condo
British Columbia,richmond-bc,1799800.0,5.0,3.0,3069.0,House
British Columbia,richmond-bc,1560000.0,5.0,3.0,2412.0,House
British Columbia,richmond-bc,999000.0,3.0,2.0,1786.0,Townhouse
British Columbia,richmond-bc,1449000.0,4.0,3.0,2218.0,House
British Columbia,richmond-bc,948000.0,2.0,2.0,776.0,Apt/Condo
British Columbia,richmond-bc,588000.0,2.0,2.0,1215.0,Apt/Condo
British Columbia,richmond-bc,869000.0,3.0,2.0,1443.0,Townhouse
British Columbia,richmond-bc,698800.0,2.0,2.0,1136.0,Apt/Condo
British Columbia,richmond-bc,849900.0,3.0,3.0,1162.0,Townhouse
British Columbia,richmond-bc,2280000.0,5.0,3.0,2532.0,House
British Columbia,richmond-bc,1029000.0,3.0,3.0,1400.0,Townhouse
British Columbia,richmond-bc,829000.0,2.0,2.0,840.0,Apt/Condo
British Columbia,richmond-bc,3788000.0,5.0,6.0,3653.0,House
British Columbia,richmond-bc,688000.0,2.0,2.0,1151.0,Apt/Condo
British Columbia,richmond-bc,599900.0,2.0,2.0,901.0,Apt/Condo
British Columbia,richmond-bc,699900.0,2.0,2.0,955.0,Apt/Condo
British Columbia,richmond-bc,579000.0,1.0,1.0,673.0,Apt/Condo
British Columbia,richmond-bc,3699000.0,5.0,6.0,3987.0,House
British Columbia,richmond-bc,1599900.0,4.0,3.0,1475.0,
British Columbia,richmond-bc,1399900.0,3.0,2.0,1302.0,
British Columbia,richmond-bc,1599900.0,4.0,3.0,1496.0,
British Columbia,richmond-bc,629900.0,2.0,2.0,875.0,Apt/Condo
British Columbia,richmond-bc,649800.0,2.0,2.0,767.0,Apt/Condo
British Columbia,richmond-bc,2238000.0,6.0,4.0,3089.0,House
British Columbia,richmond-bc,1139888.0,3.0,3.0,1757.0,Townhouse
British Columbia,richmond-bc,485000.0,1.0,1.0,720.0,Apt/Condo
British Columbia,richmond-bc,520000.0,2.0,1.0,1136.0,Townhouse
British Columbia,richmond-bc,679000.0,2.0,2.0,938.0,Apt/Condo
British Columbia,richmond-bc,1588800.0,4.0,4.0,2076.0,Townhouse
British Columbia,richmond-bc,609900.0,2.0,2.0,728.0,Apt/Condo
British Columbia,richmond-bc,849900.0,2.0,2.0,903.0,Apt/Condo
British Columbia,richmond-bc,759000.0,3.0,3.0,1368.0,Townhouse
British Columbia,richmond-bc,909900.0,3.0,3.0,1341.0,Townhouse
British Columbia,richmond-bc,799000.0,2.0,2.0,1105.0,Apt/Condo
British Columbia,richmond-bc,799000.0,2.0,2.0,850.0,Apt/Condo
British Columbia,richmond-bc,3880000.0,5.0,6.0,3630.0,House
British Columbia,richmond-bc,1099900.0,3.0,3.0,1451.0,Townhouse
British Columbia,richmond-bc,1790000.0,6.0,4.0,3184.0,House
British Columbia,richmond-bc,549880.0,2.0,2.0,1038.0,Apt/Condo
British Columbia,richmond-bc,6995000.0,6.0,7.0,5621.0,House
British Columbia,richmond-bc,2598000.0,3.0,2.0,1935.0,House
British Columbia,richmond-bc,1399000.0,5.0,3.0,2172.0,House
British Columbia,richmond-bc,1599900.0,4.0,3.0,1475.0,
British Columbia,richmond-bc,1399900.0,3.0,2.0,1302.0,
British Columbia,richmond-bc,1599900.0,4.0,3.0,1496.0,
British Columbia,richmond-bc,769900.0,2.0,3.0,1398.0,Townhouse
British Columbia,richmond-bc,499000.0,1.0,1.0,719.0,Apt/Condo
British Columbia,richmond-bc,3685000.0,6.0,5.0,4519.0,House
British Columbia,richmond-bc,2199000.0,5.0,3.0,3555.0,House
British Columbia,richmond-bc,1178000.0,3.0,3.0,1350.0,Townhouse
British Columbia,richmond-bc,1100000.0,2.0,2.0,861.0,Apt/Condo
British Columbia,richmond-bc,699000.0,2.0,2.0,795.0,Apt/Condo
British Columbia,richmond-bc,2048000.0,5.0,3.0,3302.0,House
British Columbia,richmond-bc,675000.0,2.0,2.0,940.0,Apt/Condo
British Columbia,richmond-bc,876000.0,2.0,3.0,1181.0,Townhouse
British Columbia,richmond-bc,799880.0,3.0,2.0,1373.0,Townhouse
British Columbia,richmond-bc,1679800.0,5.0,3.0,2835.0,House
British Columbia,richmond-bc,1231000.0,2.0,2.0,1090.0,Apt/Condo
British Columbia,richmond-bc,2388000.0,4.0,3.0,3460.0,House
British Columbia,richmond-bc,1338000.0,3.0,3.0,1305.0,Townhouse
British Columbia,richmond-bc,949000.0,3.0,3.0,1181.0,Townhouse
British Columbia,richmond-bc,999000.0,3.0,3.0,1229.0,Townhouse
British Columbia,richmond-bc,414900.0,1.0,1.0,651.0,Apt/Condo
British Columbia,richmond-bc,618000.0,2.0,2.0,1188.0,Apt/Condo
British Columbia,richmond-bc,1378000.0,4.0,3.0,2255.0,House
British Columbia,richmond-bc,1123800.0,2.0,2.0,1246.0,Apt/Condo
British Columbia,richmond-bc,1599900.0,4.0,3.0,1475.0,
British Columbia,richmond-bc,1399900.0,3.0,2.0,1302.0,
British Columbia,richmond-bc,1599900.0,4.0,3.0,1496.0,
British Columbia,richmond-bc,549000.0,2.0,1.0,726.0,Apt/Condo
British Columbia,richmond-bc,2199000.0,5.0,3.0,2280.0,House
British Columbia,richmond-bc,499000.0,1.0,1.0,719.0,Apt/Condo
British Columbia,richmond-bc,1248000.0,4.0,3.0,1520.0,Townhouse
British Columbia,richmond-bc,470000.0,2.0,1.0,923.0,Apt/Condo
British Columbia,richmond-bc,1938000.0,5.0,3.0,2827.0,House
British Columbia,richmond-bc,909900.0,3.0,2.0,1433.0,Apt/Condo
British Columbia,richmond-bc,2299000.0,4.0,3.0,2528.0,House
British Columbia,richmond-bc,999000.0,3.0,3.0,1520.0,Townhouse
British Columbia,richmond-bc,569000.0,1.0,1.0,663.0,Apt/Condo
British Columbia,richmond-bc,2479000.0,5.0,5.0,3691.0,House
British Columbia,richmond-bc,1488800.0,3.0,3.0,2203.0,House
British Columbia,richmond-bc,459000.0,1.0,1.0,762.0,Apt/Condo
British Columbia,richmond-bc,3688000.0,5.0,6.0,3607.0,House
British Columbia,richmond-bc,899000.0,3.0,3.0,1712.0,Apt/Condo
British Columbia,richmond-bc,1088000.0,3.0,3.0,1498.0,Townhouse
British Columbia,richmond-bc,2638000.0,5.0,4.0,3093.0,House
British Columbia,richmond-bc,1089000.0,2.0,2.0,897.0,Apt/Condo
British Columbia,richmond-bc,1158000.0,3.0,3.0,1705.0,Townhouse
British Columbia,richmond-bc,209000.0,1.0,1.0,635.0,Apt/Condo
British Columbia,richmond-bc,1699000.0,4.0,3.0,2568.0,House
British Columbia,richmond-bc,1599900.0,4.0,3.0,1475.0,
British Columbia,richmond-bc,1399900.0,3.0,2.0,1302.0,
British Columbia,richmond-bc,1599900.0,4.0,3.0,1496.0,
British Columbia,richmond-bc,850000.0,2.0,2.0,857.0,Apt/Condo
British Columbia,richmond-bc,2199000.0,5.0,3.0,2280.0,House
British Columbia,richmond-bc,2988000.0,5.0,6.0,3604.0,House
British Columbia,richmond-bc,1198000.0,3.0,3.0,1353.0,Townhouse
British Columbia,richmond-bc,668000.0,2.0,2.0,830.0,Apt/Condo
British Columbia,richmond-bc,1098000.0,3.0,3.0,1560.0,Townhouse
British Columbia,richmond-bc,2350000.0,5.0,6.0,3285.0,House
British Columbia,richmond-bc,1599900.0,3.0,4.0,1738.0,Townhouse
British Columbia,richmond-bc,2298000.0,6.0,6.0,3282.0,House
British Columbia,richmond-bc,685000.0,2.0,1.0,618.0,Apt/Condo
British Columbia,richmond-bc,958000.0,2.0,3.0,1310.0,Townhouse
British Columbia,richmond-bc,899800.0,3.0,2.0,1389.0,Townhouse
British Columbia,richmond-bc,1158000.0,3.0,3.0,1398.0,Townhouse
British Columbia,richmond-bc,1760000.0,5.0,4.0,2672.0,House
British Columbia,richmond-bc,650000.0,1.0,1.0,574.0,Apt/Condo
British Columbia,richmond-bc,1315000.0,3.0,3.0,1371.0,Townhouse
British Columbia,richmond-bc,669000.0,2.0,2.0,818.0,Apt/Condo
British Columbia,richmond-bc,688000.0,2.0,2.0,948.0,Apt/Condo
British Columbia,richmond-bc,1369000.0,3.0,3.0,1456.0,Townhouse
British Columbia,richmond-bc,675000.0,2.0,2.0,931.0,Apt/Condo
British Columbia,richmond-bc,588888.0,2.0,2.0,1134.0,Apt/Condo
British Columbia,richmond-bc,1599900.0,4.0,3.0,1475.0,
British Columbia,richmond-bc,1399900.0,3.0,2.0,1302.0,
British Columbia,richmond-bc,1599900.0,4.0,3.0,1496.0,
British Columbia,richmond-bc,2999900.0,2.0,1.0,1369.0,House
British Columbia,richmond-bc,1123800.0,2.0,2.0,1246.0,Apt/Condo
British Columbia,richmond-bc,1689000.0,4.0,3.0,2122.0,House
British Columbia,richmond-bc,1288000.0,2.0,2.0,1040.0,Apt/Condo
British Columbia,richmond-bc,899800.0,2.0,3.0,1297.0,Townhouse
British Columbia,richmond-bc,4215000.0,5.0,8.0,7701.0,House
British Columbia,richmond-bc,2799000.0,5.0,5.0,3382.0,House
British Columbia,richmond-bc,868000.0,2.0,2.0,803.0,Apt/Condo
British Columbia,richmond-bc,968000.0,2.0,3.0,1240.0,Townhouse
British Columbia,richmond-bc,979000.0,2.0,2.0,931.0,Apt/Condo
British Columbia,richmond-bc,699900.0,2.0,2.0,887.0,Apt/Condo
British Columbia,richmond-bc,2999900.0,5.0,5.0,3696.0,House
British Columbia,richmond-bc,928800.0,2.0,2.0,981.0,Apt/Condo
British Columbia,richmond-bc,745000.0,2.0,2.0,1082.0,Apt/Condo
British Columbia,richmond-bc,728800.0,1.0,1.0,602.0,Apt/Condo
British Columbia,richmond-bc,528800.0,2.0,2.0,664.0,Apt/Condo
British Columbia,richmond-bc,1848800.0,5.0,3.0,2952.0,House
British Columbia,richmond-bc,735000.0,2.0,2.0,1093.0,Townhouse
British Columbia,richmond-bc,3688000.0,5.0,6.0,3402.0,House
British Columbia,richmond-bc,899999.0,2.0,2.0,1028.0,Apt/Condo
British Columbia,richmond-bc,2290000.0,5.0,4.0,2895.0,House
British Columbia,richmond-bc,1599900.0,4.0,3.0,1475.0,
British Columbia,richmond-bc,1399900.0,3.0,2.0,1302.0,
British Columbia,richmond-bc,1599900.0,4.0,3.0,1496.0,
British Columbia,richmond-bc,2049000.0,6.0,3.0,3821.0,House
British Columbia,richmond-bc,1123800.0,2.0,2.0,1246.0,Apt/Condo
British Columbia,richmond-bc,1798000.0,3.0,3.0,2191.0,House
British Columbia,richmond-bc,1599900.0,4.0,3.0,1475.0,Townhouse
British Columbia,richmond-bc,1399900.0,3.0,3.0,1302.0,Townhouse
British Columbia,richmond-bc,1599900.0,4.0,3.0,1496.0,Townhouse
British Columbia,richmond-bc,1299900.0,3.0,3.0,1302.0,Townhouse
British Columbia,richmond-bc,1399900.0,3.0,3.0,1367.0,Townhouse
British Columbia,richmond-bc,3288000.0,6.0,6.0,3485.0,House
British Columbia,richmond-bc,2080000.0,3.0,2.0,1582.0,House
British Columbia,richmond-bc,438000.0,1.0,1.0,653.0,Apt/Condo
British Columbia,richmond-bc,558000.0,1.0,1.0,840.0,Apt/Condo
British Columbia,richmond-bc,1388000.0,3.0,2.0,1343.0,House
British Columbia,richmond-bc,4999999.0,0.0,,,Land/Lot
British Columbia,richmond-bc,1980000.0,4.0,3.0,1962.0,House
British Columbia,richmond-bc,938000.0,3.0,2.0,933.0,Apt/Condo
British Columbia,richmond-bc,1149000.0,2.0,2.0,1088.0,Apt/Condo
British Columbia,richmond-bc,278000.0,3.0,2.0,1077.0,Apt/Condo
British Columbia,richmond-bc,799000.0,2.0,2.0,844.0,Apt/Condo
British Columbia,richmond-bc,1288000.0,2.0,3.0,1685.0,Townhouse
British Columbia,richmond-bc,1088000.0,3.0,2.0,1751.0,Apt/Condo
British Columbia,richmond-bc,1599900.0,4.0,3.0,1475.0,
British Columbia,richmond-bc,1399900.0,3.0,2.0,1302.0,
British Columbia,richmond-bc,1599900.0,4.0,3.0,1496.0,
British Columbia,richmond-bc,919900.0,2.0,2.0,1018.0,Townhouse
British Columbia,richmond-bc,1790000.0,6.0,4.0,3184.0,House
British Columbia,richmond-bc,424888.0,1.0,1.0,654.0,Apt/Condo
British Columbia,richmond-bc,1198000.0,3.0,3.0,1488.0,Townhouse
British Columbia,richmond-bc,1249000.0,3.0,3.0,1435.0,Townhouse
British Columbia,richmond-bc,2198800.0,3.0,3.0,2004.0,House
British Columbia,richmond-bc,853000.0,2.0,2.0,1063.0,Apt/Condo
British Columbia,richmond-bc,718880.0,2.0,2.0,963.0,Apt/Condo
British Columbia,richmond-bc,1249000.0,3.0,3.0,1553.0,Townhouse
British Columbia,richmond-bc,1135000.0,2.0,2.0,854.0,Apt/Condo
British Columbia,richmond-bc,2388000.0,4.0,3.0,2656.0,House
British Columbia,richmond-bc,1799000.0,5.0,3.0,2593.0,House
British Columbia,richmond-bc,1988000.0,3.0,3.0,2263.0,House
British Columbia,richmond-bc,774800.0,3.0,2.0,1253.0,Apt/Condo
British Columbia,richmond-bc,738000.0,2.0,2.0,860.0,Apt/Condo
British Columbia,richmond-bc,509900.0,1.0,1.0,546.0,Apt/Condo
British Columbia,richmond-bc,2599900.0,6.0,4.0,4320.0,House
British Columbia,richmond-bc,2198000.0,6.0,4.0,3010.0,House
British Columbia,richmond-bc,899000.0,2.0,2.0,918.0,Apt/Condo
British Columbia,richmond-bc,2799000.0,5.0,6.0,3315.0,House
British Columbia,richmond-bc,1139000.0,3.0,3.0,1345.0,Townhouse
British Columbia,richmond-bc,1599900.0,4.0,3.0,1475.0,
British Columbia,richmond-bc,1399900.0,3.0,2.0,1302.0,
British Columbia,richmond-bc,1599900.0,4.0,3.0,1496.0,
British Columbia,richmond-bc,2098800.0,4.0,3.0,1922.0,House
British Columbia,richmond-bc,999000.0,3.0,3.0,1520.0,Townhouse
British Columbia,richmond-bc,258000.0,3.0,1.0,1089.0,Apt/Condo
British Columbia,richmond-bc,1399000.0,4.0,3.0,1528.0,Townhouse
British Columbia,richmond-bc,1469000.0,4.0,4.0,1767.0,Townhouse
British Columbia,richmond-bc,799000.0,2.0,2.0,744.0,Apt/Condo
British Columbia,richmond-bc,1868800.0,3.0,4.0,3101.0,House
British Columbia,richmond-bc,649000.0,2.0,2.0,896.0,Apt/Condo
British Columbia,richmond-bc,2498000.0,4.0,5.0,2216.0,House
British Columbia,richmond-bc,2899800.0,6.0,6.0,3800.0,House
British Columbia,richmond-bc,978000.0,4.0,3.0,1255.0,Apt/Condo
British Columbia,richmond-bc,1838000.0,4.0,2.0,1372.0,House
British Columbia,richmond-bc,598000.0,1.0,1.0,725.0,Apt/Condo
British Columbia,richmond-bc,988800.0,3.0,2.0,906.0,Apt/Condo
British Columbia,richmond-bc,1999900.0,4.0,3.0,2042.0,House
British Columbia,richmond-bc,1025000.0,3.0,3.0,1708.0,Townhouse
British Columbia,richmond-bc,619900.0,2.0,2.0,990.0,Apt/Condo
British Columbia,richmond-bc,3788000.0,6.0,6.0,3802.0,House
British Columbia,richmond-bc,1280000.0,3.0,3.0,2177.0,Townhouse
British Columbia,richmond-bc,1690000.0,4.0,3.0,2612.0,House
British Columbia,richmond-bc,1328000.0,4.0,3.0,1619.0,Townhouse
British Columbia,richmond-bc,1599900.0,4.0,3.0,1475.0,
British Columbia,richmond-bc,1399900.0,3.0,2.0,1302.0,
British Columbia,richmond-bc,1599900.0,4.0,3.0,1496.0,
British Columbia,richmond-bc,789000.0,2.0,2.0,758.0,Apt/Condo
British Columbia,richmond-bc,699900.0,2.0,2.0,994.0,Apt/Condo
British Columbia,richmond-bc,4059000.0,5.0,6.0,5309.0,House
British Columbia,richmond-bc,2848000.0,0.0,0.0,101.0,House
British Columbia,richmond-bc,698000.0,2.0,2.0,959.0,Apt/Condo
British Columbia,richmond-bc,588000.0,2.0,1.0,785.0,Apt/Condo
British Columbia,richmond-bc,2360000.0,4.0,4.0,2450.0,House
British Columbia,richmond-bc,3630000.0,5.0,6.0,3497.0,House
British Columbia,richmond-bc,890000.0,3.0,2.0,1093.0,Apt/Condo
British Columbia,richmond-bc,669000.0,2.0,2.0,744.0,Apt/Condo
British Columbia,richmond-bc,4990000.0,5.0,6.0,4037.0,House
British Columbia,richmond-bc,1098800.0,3.0,3.0,1439.0,Townhouse
British Columbia,richmond-bc,488800.0,1.0,2.0,762.0,Apt/Condo
British Columbia,richmond-bc,993500.0,3.0,3.0,1268.0,Townhouse
British Columbia,richmond-bc,1188000.0,3.0,3.0,1295.0,Townhouse
British Columbia,richmond-bc,525000.0,1.0,1.0,612.0,Apt/Condo
British Columbia,richmond-bc,768000.0,1.0,1.0,803.0,Apt/Condo
British Columbia,richmond-bc,10900000.0,6.0,7.0,7512.0,House
British Columbia,richmond-bc,699000.0,2.0,2.0,803.0,Apt/Condo
British Columbia,richmond-bc,799000.0,2.0,2.0,957.0,Duplex
British Columbia,richmond-bc,3150000.0,5.0,6.0,3369.0,House
British Columbia,richmond-bc,1599900.0,4.0,3.0,1475.0,
British Columbia,richmond-bc,1399900.0,3.0,2.0,1302.0,
British Columbia,richmond-bc,1599900.0,4.0,3.0,1496.0,
British Columbia,richmond-bc,4688000.0,5.0,6.0,4145.0,House
British Columbia,richmond-bc,3685000.0,6.0,5.0,4519.0,House
British Columbia,richmond-bc,660000.0,2.0,2.0,817.0,Apt/Condo
British Columbia,richmond-bc,560000.0,1.0,1.0,600.0,Apt/Condo
British Columbia,richmond-bc,1699000.0,4.0,2.0,1643.0,House
British Columbia,richmond-bc,949999.0,2.0,2.0,930.0,Apt/Condo
British Columbia,richmond-bc,2999999.0,5.0,5.0,3963.0,House
British Columbia,richmond-bc,780000.0,2.0,2.0,870.0,Apt/Condo
British Columbia,richmond-bc,1688800.0,2.0,2.0,1404.0,Apt/Condo
British Columbia,richmond-bc,699800.0,2.0,2.0,1120.0,Apt/Condo
British Columbia,richmond-bc,578000.0,1.0,1.0,640.0,Apt/Condo
British Columbia,richmond-bc,699000.0,2.0,2.0,815.0,Apt/Condo
British Columbia,richmond-bc,2474999.0,5.0,5.0,2311.0,House
British Columbia,richmond-bc,4379000.0,5.0,6.0,4364.0,House
British Columbia,richmond-bc,1799000.0,4.0,2.0,1659.0,House
British Columbia,richmond-bc,2399999.0,5.0,5.0,2378.0,House
British Columbia,richmond-bc,439000.0,0.0,1.0,406.0,Apt/Condo
British Columbia,richmond-bc,2988000.0,5.0,6.0,3514.0,House
British Columbia,richmond-bc,1888000.0,4.0,3.0,2400.0,House
British Columbia,richmond-bc,1239000.0,4.0,3.0,1699.0,Townhouse
British Columbia,richmond-bc,1699000.0,5.0,3.0,2500.0,House
British Columbia,richmond-bc,1599900.0,4.0,3.0,1475.0,
British Columbia,richmond-bc,1399900.0,3.0,2.0,1302.0,
British Columbia,richmond-bc,1599900.0,4.0,3.0,1496.0,
British Columbia,richmond-bc,2320000.0,5.0,4.0,3118.0,House
British Columbia,richmond-bc,1788800.0,5.0,3.0,2908.0,Duplex
British Columbia,richmond-bc,515000.0,2.0,1.0,958.0,Apt/Condo
British Columbia,richmond-bc,850000.0,3.0,2.0,1269.0,Townhouse
British Columbia,richmond-bc,1698000.0,3.0,3.0,2030.0,House
British Columbia,richmond-bc,1059000.0,3.0,3.0,1291.0,Townhouse
British Columbia,richmond-bc,1068800.0,3.0,3.0,1544.0,Townhouse
British Columbia,richmond-bc,4980000.0,5.0,6.0,4290.0,House
British Columbia,richmond-bc,540000.0,1.0,1.0,559.0,Apt/Condo
British Columbia,richmond-bc,2788000.0,4.0,3.0,2811.0,House
British Columbia,richmond-bc,2688000.0,5.0,5.0,3476.0,House
British Columbia,richmond-bc,309900.0,3.0,2.0,1190.0,Apt/Condo
British Columbia,richmond-bc,469000.0,1.0,2.0,961.0,Apt/Condo
British Columbia,richmond-bc,1480000.0,5.0,3.0,2364.0,House
British Columbia,richmond-bc,899000.0,2.0,2.0,777.0,Apt/Condo
British Columbia,richmond-bc,599000.0,1.0,1.0,516.0,Apt/Condo
British Columbia,richmond-bc,589000.0,1.0,1.0,515.0,Apt/Condo
British Columbia,richmond-bc,699000.0,2.0,2.0,821.0,Apt/Condo
British Columbia,richmond-bc,895000.0,2.0,2.0,930.0,Apt/Condo
British Columbia,richmond-bc,1599000.0,4.0,3.0,2637.0,House
British Columbia,richmond-bc,209900.0,1.0,1.0,800.0,Apt/Condo
British Columbia,richmond-bc,1599900.0,4.0,3.0,1475.0,
British Columbia,richmond-bc,1399900.0,3.0,2.0,1302.0,
British Columbia,richmond-bc,1599900.0,4.0,3.0,1496.0,
British Columbia,richmond-bc,449800.0,1.0,1.0,755.0,Apt/Condo
British Columbia,richmond-bc,414900.0,1.0,1.0,651.0,Apt/Condo
British Columbia,richmond-bc,1168800.0,2.0,2.0,1413.0,Apt/Condo
British Columbia,richmond-bc,1950000.0,5.0,3.0,2696.0,House
British Columbia,richmond-bc,2399800.0,3.0,5.0,2364.0,House
British Columbia,richmond-bc,2499800.0,6.0,5.0,3899.0,House
British Columbia,richmond-bc,668000.0,2.0,2.0,1038.0,Apt/Condo
British Columbia,richmond-bc,469800.0,1.0,1.0,795.0,Apt/Condo
British Columbia,richmond-bc,649000.0,1.0,1.0,671.0,Apt/Condo
British Columbia,richmond-bc,1388000.0,3.0,3.0,1305.0,Apt/Condo
British Columbia,richmond-bc,878000.0,3.0,2.0,1179.0,Apt/Condo
British Columbia,richmond-bc,1539000.0,5.0,3.0,2374.0,Duplex
British Columbia,richmond-bc,1299999.0,3.0,3.0,1450.0,Townhouse
British Columbia,richmond-bc,2090000.0,5.0,3.0,2550.0,House
British Columbia,richmond-bc,2399000.0,5.0,4.0,3016.0,House
British Columbia,richmond-bc,1699000.0,4.0,2.0,1856.0,House
British Columbia,richmond-bc,719000.0,2.0,2.0,887.0,Apt/Condo
British Columbia,richmond-bc,1725000.0,4.0,3.0,1940.0,House
British Columbia,richmond-bc,1899000.0,4.0,3.0,2015.0,House
British Columbia,richmond-bc,945000.0,2.0,2.0,1092.0,Apt/Condo
British Columbia,richmond-bc,1585000.0,4.0,3.0,1938.0,House
British Columbia,richmond-bc,1599900.0,4.0,3.0,1475.0,
British Columbia,richmond-bc,1399900.0,3.0,2.0,1302.0,
British Columbia,richmond-bc,1599900.0,4.0,3.0,1496.0,
British Columbia,richmond-bc,1598000.0,3.0,1.0,1697.0,House
British Columbia,richmond-bc,2199000.0,5.0,3.0,2280.0,House
British Columbia,richmond-bc,1288000.0,2.0,2.0,1318.0,Apt/Condo
British Columbia,richmond-bc,1499900.0,3.0,3.0,1858.0,House
British Columbia,richmond-bc,1399900.0,4.0,2.0,2251.0,House
British Columbia,richmond-bc,890000.0,2.0,2.0,977.0,Apt/Condo
British Columbia,richmond-bc,679900.0,2.0,2.0,974.0,Apt/Condo
British Columbia,richmond-bc,1350000.0,3.0,3.0,1832.0,House
British Columbia,richmond-bc,1199800.0,3.0,3.0,1382.0,Townhouse
British Columbia,richmond-bc,648000.0,1.0,1.0,779.0,Apt/Condo
British Columbia,richmond-bc,1024900.0,3.0,2.0,1018.0,Apt/Condo
British Columbia,richmond-bc,848000.0,2.0,2.0,826.0,Apt/Condo
British Columbia,richmond-bc,1350000.0,3.0,2.0,1316.0,Apt/Condo
British Columbia,richmond-bc,3380000.0,6.0,6.0,3797.0,House
British Columbia,richmond-bc,639000.0,1.0,1.0,650.0,Apt/Condo
British Columbia,richmond-bc,2990000.0,4.0,5.0,3715.0,House
British Columbia,richmond-bc,1760000.0,4.0,3.0,2113.0,House
British Columbia,richmond-bc,1130000.0,2.0,3.0,2177.0,Townhouse
British Columbia,richmond-bc,559000.0,2.0,2.0,1045.0,Apt/Condo
British Columbia,richmond-bc,499000.0,1.0,1.0,615.0,Apt/Condo
British Columbia,richmond-bc,3068000.0,5.0,6.0,3766.0,House
British Columbia,richmond-bc,1599900.0,4.0,3.0,1475.0,
British Columbia,richmond-bc,1399900.0,3.0,2.0,1302.0,
British Columbia,richmond-bc,1599900.0,4.0,3.0,1496.0,
British Columbia,richmond-bc,539000.0,2.0,2.0,937.0,Apt/Condo
British Columbia,richmond-bc,699900.0,2.0,2.0,994.0,Apt/Condo
British Columbia,richmond-bc,539000.0,2.0,2.0,956.0,Apt/Condo
British Columbia,richmond-bc,1848000.0,4.0,3.0,2547.0,House
British Columbia,richmond-bc,1099000.0,2.0,2.0,1007.0,Apt/Condo
British Columbia,richmond-bc,569000.0,1.0,1.0,619.0,Apt/Condo
British Columbia,richmond-bc,1249900.0,4.0,3.0,1688.0,Townhouse
British Columbia,richmond-bc,523800.0,1.0,1.0,537.0,Apt/Condo
British Columbia,richmond-bc,970000.0,2.0,3.0,1310.0,Townhouse
British Columbia,richmond-bc,3880000.0,5.0,6.0,4200.0,House
British Columbia,richmond-bc,4588000.0,5.0,6.0,3453.0,House
British Columbia,richmond-bc,618000.0,2.0,2.0,978.0,Apt/Condo
British Columbia,richmond-bc,2076000.0,3.0,1.0,1150.0,House
British Columbia,richmond-bc,1379000.0,4.0,3.0,1347.0,Townhouse
British Columbia,richmond-bc,2988000.0,4.0,3.0,3286.0,House
British Columbia,richmond-bc,4300000.0,0.0,,,Land/Lot
British Columbia,richmond-bc,777000.0,2.0,2.0,917.0,Apt/Condo
British Columbia,richmond-bc,739900.0,2.0,2.0,1067.0,Apt/Condo
British Columbia,richmond-bc,1285000.0,3.0,3.0,1193.0,Townhouse
British Columbia,richmond-bc,565000.0,1.0,1.0,630.0,Apt/Condo
British Columbia,richmond-bc,539900.0,1.0,1.0,455.0,Apt/Condo
British Columbia,richmond-bc,1599900.0,4.0,3.0,1475.0,
British Columbia,richmond-bc,1399900.0,3.0,2.0,1302.0,
British Columbia,richmond-bc,1599900.0,4.0,3.0,1496.0,
British Columbia,richmond-bc,749000.0,2.0,2.0,930.0,Apt/Condo
British Columbia,richmond-bc,999000.0,3.0,3.0,1520.0,Townhouse
British Columbia,richmond-bc,1250000.0,4.0,3.0,2004.0,Townhouse
British Columbia,richmond-bc,499000.0,1.0,1.0,579.0,Apt/Condo
British Columbia,richmond-bc,969900.0,3.0,3.0,1341.0,Townhouse
British Columbia,richmond-bc,2899000.0,5.0,5.0,3075.0,House
British Columbia,richmond-bc,609900.0,1.0,1.0,688.0,Apt/Condo
British Columbia,richmond-bc,699800.0,2.0,2.0,889.0,Apt/Condo
British Columbia,richmond-bc,1928800.0,4.0,3.0,2254.0,House
British Columbia,richmond-bc,2699000.0,5.0,5.0,3596.0,House
British Columbia,richmond-bc,2439000.0,4.0,4.0,3243.0,House
British Columbia,richmond-bc,2288000.0,3.0,3.0,2675.0,Apt/Condo
British Columbia,richmond-bc,598000.0,2.0,2.0,1038.0,Apt/Condo
British Columbia,richmond-bc,715000.0,3.0,2.0,990.0,Apt/Condo
British Columbia,richmond-bc,1580000.0,4.0,3.0,1838.0,House
British Columbia,richmond-bc,3780000.0,5.0,6.0,3882.0,House
British Columbia,richmond-bc,1399000.0,3.0,3.0,1540.0,Townhouse
British Columbia,richmond-bc,1038000.0,3.0,3.0,1400.0,Townhouse
British Columbia,richmond-bc,988000.0,2.0,2.0,1137.0,Apt/Condo
British Columbia,richmond-bc,749000.0,2.0,2.0,1129.0,Townhouse
British Columbia,richmond-bc,399000.0,1.0,1.0,642.0,Apt/Condo
British Columbia,richmond-bc,1599900.0,4.0,3.0,1475.0,
British Columbia,richmond-bc,1399900.0,3.0,2.0,1302.0,
British Columbia,richmond-bc,1599900.0,4.0,3.0,1496.0,
British Columbia,richmond-bc,699000.0,2.0,2.0,942.0,Apt/Condo
British Columbia,richmond-bc,699900.0,2.0,2.0,994.0,Apt/Condo
British Columbia,richmond-bc,2975000.0,6.0,5.0,4264.0,House
British Columbia,richmond-bc,656000.0,2.0,2.0,963.0,Apt/Condo
British Columbia,richmond-bc,799800.0,2.0,2.0,866.0,Apt/Condo
British Columbia,richmond-bc,1089405.0,3.0,3.0,1292.0,Townhouse
British Columbia,richmond-bc,790000.0,2.0,2.0,985.0,Townhouse
British Columbia,richmond-bc,489000.0,2.0,1.0,928.0,Apt/Condo
British Columbia,richmond-bc,2390000.0,3.0,4.0,1990.0,House
British Columbia,richmond-bc,618000.0,2.0,1.0,801.0,Apt/Condo
British Columbia,richmond-bc,1185000.0,3.0,3.0,1705.0,Townhouse
British Columbia,richmond-bc,856000.0,3.0,2.0,1201.0,Apt/Condo
British Columbia,richmond-bc,2980000.0,5.0,6.0,3473.0,House
British Columbia,richmond-bc,715000.0,2.0,2.0,808.0,Apt/Condo
British Columbia,richmond-bc,1828000.0,4.0,3.0,2392.0,House
British Columbia,richmond-bc,799800.0,2.0,2.0,1052.0,Apt/Condo
British Columbia,richmond-bc,1288000.0,3.0,3.0,1566.0,Townhouse
British Columbia,richmond-bc,379900.0,1.0,1.0,682.0,Apt/Condo
British Columbia,richmond-bc,1599000.0,0.0,,,Land/Lot
British Columbia,richmond-bc,3288000.0,5.0,2.0,2742.0,House
British Columbia,richmond-bc,1700000.0,4.0,3.0,1700.0,House
British Columbia,richmond-bc,1599900.0,4.0,3.0,1475.0,
British Columbia,richmond-bc,1399900.0,3.0,2.0,1302.0,
British Columbia,richmond-bc,1599900.0,4.0,3.0,1496.0,
British Columbia,richmond-bc,2288800.0,5.0,4.0,2152.0,House
British Columbia,richmond-bc,1788800.0,5.0,3.0,2908.0,Duplex
British Columbia,richmond-bc,3550000.0,0.0,,,Land/Lot
British Columbia,richmond-bc,2499000.0,5.0,5.0,3038.0,House
British Columbia,richmond-bc,2790000.0,6.0,7.0,4059.0,House
British Columbia,richmond-bc,1688888.0,6.0,4.0,4217.0,Townhouse
British Columbia,richmond-bc,699000.0,2.0,2.0,1147.0,Apt/Condo
British Columbia,richmond-bc,699900.0,2.0,2.0,994.0,Apt/Condo
British Columbia,richmond-bc,1660000.0,4.0,2.0,2027.0,House
British Columbia,richmond-bc,699000.0,2.0,2.0,817.0,Apt/Condo
British Columbia,richmond-bc,1999000.0,4.0,2.0,1568.0,House
British Columbia,richmond-bc,778000.0,2.0,2.0,944.0,Apt/Condo
British Columbia,richmond-bc,1288000.0,3.0,2.0,1166.0,Townhouse
British Columbia,richmond-bc,1698000.0,4.0,3.0,1632.0,Townhouse
British Columbia,richmond-bc,1288000.0,3.0,2.0,1145.0,Townhouse
British Columbia,richmond-bc,1498000.0,3.0,3.0,1328.0,Townhouse
British Columbia,richmond-bc,579000.0,1.0,1.0,573.0,Apt/Condo
British Columbia,richmond-bc,599999.0,2.0,2.0,811.0,Apt/Condo
British Columbia,richmond-bc,889000.0,2.0,2.0,1036.0,Townhouse
British Columbia,richmond-bc,14990000.0,7.0,8.0,14432.0,House
British Columbia,richmond-bc,3499900.0,6.0,5.0,3925.0,House
British Columbia,richmond-bc,1599900.0,4.0,3.0,1475.0,
British Columbia,richmond-bc,1399900.0,3.0,2.0,1302.0,
British Columbia,richmond-bc,1599900.0,4.0,3.0,1496.0,
British Columbia,richmond-bc,5880000.0,4.0,5.0,3603.0,Apt/Condo
British Columbia,richmond-bc,1149000.0,2.0,2.0,1088.0,Apt/Condo
British Columbia,richmond-bc,1439900.0,3.0,3.0,1588.0,Townhouse
British Columbia,richmond-bc,1899900.0,4.0,4.0,2225.0,Townhouse
British Columbia,richmond-bc,1090000.0,2.0,2.0,846.0,Apt/Condo
British Columbia,richmond-bc,2819000.0,5.0,6.0,3685.0,House
British Columbia,richmond-bc,1698800.0,6.0,3.0,2626.0,House
British Columbia,richmond-bc,460000.0,2.0,1.0,808.0,Apt/Condo
British Columbia,richmond-bc,2260000.0,6.0,3.0,2775.0,House
British Columbia,richmond-bc,2650000.0,5.0,6.0,3137.0,House
British Columbia,richmond-bc,5900000.0,5.0,7.0,7086.0,House
British Columbia,richmond-bc,8800000.0,9.0,9.0,12724.0,House
British Columbia,richmond-bc,878000.0,3.0,2.0,1387.0,Townhouse
British Columbia,richmond-bc,9999000.0,0.0,,1357.0,Multifamily
British Columbia,richmond-bc,4999000.0,4.0,2.0,2808.0,House
British Columbia,richmond-bc,6980000.0,9.0,7.0,7897.0,House
British Columbia,richmond-bc,1699999.0,5.0,4.0,1796.0,Duplex
British Columbia,richmond-bc,699000.0,2.0,1.0,643.0,Apt/Condo
British Columbia,richmond-bc,1658000.0,4.0,5.0,2010.0,Townhouse
British Columbia,richmond-bc,1999999.0,6.0,4.0,3564.0,House
British Columbia,richmond-bc,768000.0,2.0,2.0,941.0,Apt/Condo
British Columbia,richmond-bc,1599900.0,4.0,3.0,1475.0,
British Columbia,richmond-bc,1399900.0,3.0,2.0,1302.0,
British Columbia,richmond-bc,1599900.0,4.0,3.0,1496.0,
British Columbia,richmond-bc,648000.0,2.0,2.0,1030.0,Apt/Condo
British Columbia,richmond-bc,414900.0,1.0,1.0,651.0,Apt/Condo
British Columbia,richmond-bc,12800000.0,3.0,4.0,3205.0,House
British Columbia,richmond-bc,4990000.0,5.0,7.0,5981.0,House
British Columbia,richmond-bc,4700000.0,10.0,10.0,10998.0,House
British Columbia,richmond-bc,1050000.0,2.0,2.0,1042.0,Apt/Condo
British Columbia,richmond-bc,4988000.0,6.0,7.0,4598.0,House
British Columbia,richmond-bc,695000.0,1.0,1.0,667.0,Apt/Condo
British Columbia,richmond-bc,2290000.0,3.0,4.0,2503.0,Townhouse
British Columbia,richmond-bc,599000.0,2.0,1.0,527.0,Apt/Condo
British Columbia,richmond-bc,720000.0,2.0,2.0,1431.0,Apt/Condo
British Columbia,richmond-bc,799000.0,2.0,2.0,800.0,Apt/Condo
British Columbia,richmond-bc,499000.0,2.0,1.0,873.0,Apt/Condo
British Columbia,richmond-bc,988300.0,2.0,2.0,819.0,Apt/Condo
British Columbia,richmond-bc,1288000.0,2.0,2.0,819.0,Apt/Condo
British Columbia,richmond-bc,299900.0,3.0,2.0,1140.0,Apt/Condo
British Columbia,richmond-bc,2099999.0,7.0,5.0,3252.0,House
British Columbia,richmond-bc,599000.0,1.0,1.0,631.0,Apt/Condo
British Columbia,richmond-bc,1838800.0,4.0,4.0,2225.0,House
British Columbia,richmond-bc,3988000.0,4.0,5.0,5400.0,House
British Columbia,richmond-bc,1628000.0,4.0,3.0,2363.0,House
British Columbia,richmond-bc,1599900.0,4.0,3.0,1475.0,
British Columbia,richmond-bc,1399900.0,3.0,2.0,1302.0,
British Columbia,richmond-bc,1599900.0,4.0,3.0,1496.0,
Alberta,calgary-ab,849900.0,4.0,4.0,1943.0,Duplex
Alberta,calgary-ab,375000.0,3.0,2.0,1415.0,Townhouse
Alberta,calgary-ab,665000.0,4.0,4.0,1623.0,House
Alberta,calgary-ab,424900.0,2.0,3.0,1594.0,Townhouse
Alberta,calgary-ab,294900.0,1.0,1.0,419.0,Apt/Condo
Alberta,calgary-ab,565000.0,5.0,4.0,1559.0,Duplex
Alberta,calgary-ab,465000.0,3.0,1.0,1151.0,House
Alberta,calgary-ab,875000.0,2.0,3.0,2290.0,Townhouse
Alberta,calgary-ab,430000.0,2.0,3.0,1405.0,Townhouse
Alberta,calgary-ab,1199900.0,4.0,4.0,2792.0,House
Alberta,calgary-ab,259900.0,2.0,2.0,1308.0,Apt/Condo
Alberta,calgary-ab,209900.0,1.0,1.0,588.0,Apt/Condo
Alberta,calgary-ab,330000.0,2.0,1.0,1129.0,Townhouse
Alberta,calgary-ab,363000.0,1.0,1.0,571.0,Apt/Condo
Alberta,calgary-ab,314900.0,2.0,2.0,835.0,Apt/Condo
Alberta,calgary-ab,457900.0,2.0,2.0,1021.0,Apt/Condo
Alberta,calgary-ab,974900.0,3.0,4.0,2292.0,House
Alberta,calgary-ab,247500.0,1.0,1.0,504.0,Apt/Condo
Alberta,calgary-ab,700000.0,3.0,3.0,1829.0,House
Alberta,calgary-ab,675000.0,5.0,3.0,1168.0,House
Alberta,calgary-ab,875000.0,2.0,2.0,2290.0,
Alberta,calgary-ab,849900.0,4.0,3.0,1943.0,
Alberta,calgary-ab,454900.0,2.0,3.0,2048.0,Apt/Condo
Alberta,calgary-ab,368000.0,1.0,2.0,1027.0,Apt/Condo
Alberta,calgary-ab,999900.0,4.0,4.0,2108.0,House
Alberta,calgary-ab,355000.0,2.0,1.0,536.0,Apt/Condo
Alberta,calgary-ab,1264900.0,4.0,4.0,2595.0,House
Alberta,calgary-ab,799000.0,4.0,4.0,1502.0,House
Alberta,calgary-ab,1429900.0,4.0,5.0,3083.0,House
Alberta,calgary-ab,729900.0,2.0,3.0,1628.0,Duplex
Alberta,calgary-ab,460257.0,3.0,3.0,1469.0,Townhouse
Alberta,calgary-ab,539000.0,3.0,3.0,1287.0,House
Alberta,calgary-ab,178000.0,1.0,1.0,474.0,Apt/Condo
Alberta,calgary-ab,273000.0,1.0,1.0,656.0,Apt/Condo
Alberta,calgary-ab,649900.0,4.0,4.0,1664.0,House
Alberta,calgary-ab,350000.0,2.0,1.0,877.0,Apt/Condo
Alberta,calgary-ab,890000.0,3.0,4.0,2204.0,House
Alberta,calgary-ab,475000.0,4.0,1.0,1394.0,House
Alberta,calgary-ab,329900.0,2.0,2.0,888.0,Apt/Condo
Alberta,calgary-ab,1388800.0,4.0,4.0,2078.0,House
Alberta,calgary-ab,475000.0,2.0,3.0,1370.0,Townhouse
Alberta,calgary-ab,269900.0,1.0,1.0,502.0,Apt/Condo
Alberta,calgary-ab,875000.0,2.0,2.0,2290.0,
Alberta,calgary-ab,849900.0,4.0,3.0,1943.0,
Alberta,calgary-ab,325000.0,2.0,2.0,921.0,Apt/Condo
Alberta,calgary-ab,984900.0,4.0,4.0,1988.0,Duplex
Alberta,calgary-ab,675000.0,4.0,4.0,1926.0,House
Alberta,calgary-ab,720000.0,3.0,3.0,1404.0,House
Alberta,calgary-ab,315000.0,2.0,2.0,1001.0,Apt/Condo
Alberta,calgary-ab,294000.0,1.0,1.0,401.0,Apt/Condo
Alberta,calgary-ab,299000.0,1.0,1.0,419.0,Apt/Condo
Alberta,calgary-ab,1075000.0,4.0,4.0,2164.0,House
Alberta,calgary-ab,775000.0,5.0,3.0,1480.0,House
Alberta,calgary-ab,925000.0,4.0,3.0,2445.0,House
Alberta,calgary-ab,270000.0,2.0,1.0,861.0,Apt/Condo
Alberta,calgary-ab,909900.0,5.0,4.0,1991.0,House
Alberta,calgary-ab,4500000.0,5.0,7.0,5258.0,House
Alberta,calgary-ab,680000.0,3.0,3.0,2027.0,House
Alberta,calgary-ab,199999.0,2.0,1.0,838.0,Apt/Condo
Alberta,calgary-ab,624900.0,3.0,2.0,1131.0,House
Alberta,calgary-ab,448888.0,2.0,3.0,1234.0,Townhouse
Alberta,calgary-ab,695000.0,3.0,2.0,1030.0,House
Alberta,calgary-ab,379900.0,2.0,3.0,1105.0,Townhouse
Alberta,calgary-ab,189900.0,2.0,1.0,783.0,Apt/Condo
Alberta,calgary-ab,875000.0,2.0,2.0,2290.0,
Alberta,calgary-ab,849900.0,4.0,3.0,1943.0,
Alberta,calgary-ab,1029900.0,4.0,4.0,1925.0,House
Alberta,calgary-ab,485000.0,2.0,2.0,768.0,House
Alberta,calgary-ab,829000.0,5.0,3.0,1584.0,House
Alberta,calgary-ab,345000.0,1.0,1.0,533.0,Apt/Condo
Alberta,calgary-ab,389000.0,2.0,2.0,851.0,Apt/Condo
Alberta,calgary-ab,530250.0,3.0,3.0,1688.0,Townhouse
Alberta,calgary-ab,539516.0,4.0,4.0,1290.0,Townhouse
Alberta,calgary-ab,530250.0,4.0,3.0,1724.0,Townhouse
Alberta,calgary-ab,460257.0,3.0,3.0,1505.0,Townhouse
Alberta,calgary-ab,509900.0,3.0,2.0,854.0,House
Alberta,calgary-ab,899900.0,5.0,3.0,1365.0,House
Alberta,calgary-ab,249000.0,2.0,2.0,804.0,Apt/Condo
Alberta,calgary-ab,699000.0,3.0,3.0,2119.0,House
Alberta,calgary-ab,275000.0,2.0,2.0,837.0,Apt/Condo
Alberta,calgary-ab,785000.0,3.0,2.0,427.0,Duplex
Alberta,calgary-ab,660000.0,4.0,4.0,1682.0,House
Alberta,calgary-ab,1595000.0,5.0,4.0,3910.0,House
Alberta,calgary-ab,575000.0,2.0,2.0,1171.0,Apt/Condo
Alberta,calgary-ab,1650000.0,0.0,,3898.0,Duplex
Alberta,calgary-ab,569999.0,3.0,3.0,1336.0,House
Alberta,calgary-ab,875000.0,2.0,2.0,2290.0,
Alberta,calgary-ab,849900.0,4.0,3.0,1943.0,
Alberta,calgary-ab,475000.0,2.0,2.0,1056.0,House
Alberta,calgary-ab,509000.0,2.0,3.0,1232.0,Apt/Condo
Alberta,calgary-ab,340000.0,3.0,1.0,1067.0,Townhouse
Alberta,calgary-ab,1025000.0,4.0,5.0,2849.0,Duplex
Alberta,calgary-ab,1647000.0,5.0,5.0,3405.0,House
Alberta,calgary-ab,345000.0,2.0,2.0,836.0,Apt/Condo
Alberta,calgary-ab,615000.0,3.0,4.0,1326.0,House
Alberta,calgary-ab,1630000.0,6.0,6.0,3568.0,House
Alberta,calgary-ab,768500.0,4.0,3.0,2843.0,House
Alberta,calgary-ab,560000.0,3.0,2.0,800.0,House
Alberta,calgary-ab,979900.0,3.0,1.0,666.0,House
Alberta,calgary-ab,599900.0,3.0,3.0,1764.0,Duplex
Alberta,calgary-ab,1235000.0,4.0,5.0,2606.0,House
Alberta,calgary-ab,2799900.0,5.0,6.0,3702.0,House
Alberta,calgary-ab,1178000.0,4.0,5.0,3107.0,House
Alberta,calgary-ab,429000.0,2.0,2.0,759.0,Apt/Condo
Alberta,calgary-ab,333900.0,2.0,2.0,880.0,Apt/Condo
Alberta,calgary-ab,799900.0,3.0,5.0,3079.0,Townhouse
Alberta,calgary-ab,375000.0,2.0,2.0,1023.0,Apt/Condo
Alberta,calgary-ab,460257.0,3.0,3.0,1505.0,Townhouse
Alberta,calgary-ab,875000.0,2.0,2.0,2290.0,
Alberta,calgary-ab,849900.0,4.0,3.0,1943.0,
Alberta,calgary-ab,460257.0,3.0,3.0,1539.0,Townhouse
Alberta,calgary-ab,1729000.0,0.0,,,Land/Lot
Alberta,calgary-ab,1199999.0,5.0,4.0,3102.0,House
Alberta,calgary-ab,1298800.0,5.0,4.0,2128.0,House
Alberta,calgary-ab,659000.0,5.0,3.0,1171.0,House
Alberta,calgary-ab,3795000.0,3.0,5.0,3226.0,House
Alberta,calgary-ab,698800.0,4.0,4.0,1437.0,Townhouse
Alberta,calgary-ab,464900.0,3.0,1.0,1022.0,House
Alberta,calgary-ab,818888.0,3.0,4.0,2688.0,House
Alberta,calgary-ab,214900.0,2.0,1.0,736.0,Apt/Condo
Alberta,calgary-ab,490000.0,2.0,2.0,855.0,Apt/Condo
Alberta,calgary-ab,415000.0,3.0,3.0,1447.0,Townhouse
Alberta,calgary-ab,1439000.0,4.0,4.0,2532.0,House
Alberta,calgary-ab,420000.0,2.0,3.0,1301.0,Townhouse
Alberta,calgary-ab,339900.0,2.0,2.0,879.0,Apt/Condo
Alberta,calgary-ab,430000.0,2.0,2.0,729.0,Apt/Condo
Alberta,calgary-ab,289900.0,1.0,1.0,499.0,Apt/Condo
Alberta,calgary-ab,429900.0,2.0,2.0,1063.0,Apt/Condo
Alberta,calgary-ab,154900.0,1.0,1.0,586.0,Apt/Condo
Alberta,calgary-ab,860000.0,7.0,4.0,2195.0,House
Alberta,calgary-ab,875000.0,2.0,2.0,2290.0,
Alberta,calgary-ab,849900.0,4.0,3.0,1943.0,
Alberta,calgary-ab,620000.0,3.0,4.0,1815.0,House
Alberta,calgary-ab,517250.0,3.0,3.0,1515.0,Townhouse
Alberta,calgary-ab,491000.0,3.0,3.0,1505.0,Townhouse
Alberta,calgary-ab,412955.0,3.0,2.0,827.0,Apt/Condo
Alberta,calgary-ab,360168.0,2.0,1.0,614.0,Apt/Condo
Alberta,calgary-ab,299280.0,1.0,1.0,537.0,Apt/Condo
Alberta,calgary-ab,590000.0,4.0,3.0,1048.0,House
Alberta,calgary-ab,280000.0,2.0,2.0,833.0,Apt/Condo
Alberta,calgary-ab,299999.0,2.0,1.0,621.0,Apt/Condo
Alberta,calgary-ab,400000.0,3.0,2.0,1248.0,Townhouse
Alberta,calgary-ab,199000.0,2.0,1.0,828.0,Apt/Condo
Alberta,calgary-ab,177400.0,2.0,1.0,888.0,Apt/Condo
Alberta,calgary-ab,725000.0,2.0,2.0,1389.0,Apt/Condo
Alberta,calgary-ab,460257.0,3.0,3.0,1505.0,Townhouse
Alberta,calgary-ab,565000.0,3.0,3.0,1493.0,Duplex
Alberta,calgary-ab,595000.0,2.0,1.0,817.0,House
Alberta,calgary-ab,506625.0,4.0,4.0,1292.0,Townhouse
Alberta,calgary-ab,471387.0,3.0,3.0,1467.0,Townhouse
Alberta,calgary-ab,259000.0,2.0,1.0,845.0,Apt/Condo
Alberta,calgary-ab,299900.0,2.0,2.0,841.0,Apt/Condo
Alberta,calgary-ab,875000.0,2.0,2.0,2290.0,
Alberta,calgary-ab,849900.0,4.0,3.0,1943.0,
Alberta,calgary-ab,849900.0,4.0,4.0,1890.0,House
Alberta,calgary-ab,325000.0,1.0,1.0,515.0,Apt/Condo
Alberta,calgary-ab,1885000.0,6.0,5.0,3076.0,House
Alberta,calgary-ab,999999.0,4.0,2.0,935.0,House
Alberta,calgary-ab,175000.0,1.0,1.0,455.0,Apt/Condo
Alberta,calgary-ab,510000.0,2.0,2.0,982.0,Apt/Condo
Alberta,calgary-ab,684900.0,3.0,3.0,1720.0,House
Alberta,calgary-ab,1995000.0,2.0,3.0,1719.0,Duplex
Alberta,calgary-ab,1050000.0,4.0,2.0,1386.0,House
Alberta,calgary-ab,1099900.0,3.0,3.0,1843.0,House
Alberta,calgary-ab,339900.0,3.0,1.0,1128.0,Townhouse
Alberta,calgary-ab,499900.0,2.0,3.0,1581.0,Townhouse
Alberta,calgary-ab,749900.0,3.0,3.0,2509.0,House
Alberta,calgary-ab,1195000.0,8.0,4.0,1669.0,Duplex
Alberta,calgary-ab,285000.0,1.0,1.0,640.0,Apt/Condo
Alberta,calgary-ab,449800.0,3.0,3.0,1278.0,Townhouse
Alberta,calgary-ab,549900.0,3.0,3.0,1352.0,House
Alberta,calgary-ab,1200000.0,4.0,3.0,1968.0,House
Alberta,calgary-ab,315000.0,1.0,1.0,682.0,Apt/Condo
Alberta,calgary-ab,595000.0,3.0,2.0,1132.0,Duplex
Alberta,calgary-ab,875000.0,2.0,2.0,2290.0,
Alberta,calgary-ab,849900.0,4.0,3.0,1943.0,
Alberta,calgary-ab,459900.0,2.0,2.0,1047.0,Apt/Condo
Alberta,calgary-ab,774900.0,5.0,4.0,1844.0,Duplex
Alberta,calgary-ab,1149900.0,4.0,3.0,3075.0,House
Alberta,calgary-ab,849900.0,5.0,4.0,1981.0,Duplex
Alberta,calgary-ab,279900.0,2.0,1.0,607.0,Apt/Condo
Alberta,calgary-ab,1079900.0,5.0,4.0,2493.0,House
Alberta,calgary-ab,625000.0,5.0,2.0,1078.0,House
Alberta,calgary-ab,325000.0,2.0,2.0,1094.0,Apt/Condo
Alberta,calgary-ab,4000000.0,4.0,5.0,4268.0,House
Alberta,calgary-ab,364900.0,3.0,2.0,1179.0,Townhouse
Alberta,calgary-ab,929900.0,5.0,4.0,2035.0,Duplex
Alberta,calgary-ab,1395000.0,5.0,4.0,2142.0,House
Alberta,calgary-ab,1349900.0,5.0,4.0,1872.0,House
Alberta,calgary-ab,1750000.0,4.0,4.0,2827.0,House
Alberta,calgary-ab,199900.0,3.0,2.0,1095.0,Mfd/Mobile Home
Alberta,calgary-ab,399900.0,2.0,2.0,1039.0,Apt/Condo
Alberta,calgary-ab,314900.0,2.0,1.0,895.0,Townhouse
Alberta,calgary-ab,219900.0,1.0,1.0,522.0,Apt/Condo
Alberta,calgary-ab,624900.0,4.0,3.0,1224.0,House
Alberta,calgary-ab,995000.0,4.0,3.0,1682.0,House
Alberta,calgary-ab,875000.0,2.0,2.0,2290.0,
Alberta,calgary-ab,849900.0,4.0,3.0,1943.0,
Alberta,calgary-ab,405000.0,3.0,2.0,1000.0,Duplex
Alberta,calgary-ab,459900.0,3.0,2.0,1463.0,Townhouse
Alberta,calgary-ab,549900.0,2.0,2.0,1489.0,Apt/Condo
Alberta,calgary-ab,2995000.0,5.0,5.0,4117.0,House
Alberta,calgary-ab,1190000.0,4.0,4.0,1864.0,Duplex
Alberta,calgary-ab,315000.0,2.0,2.0,817.0,Apt/Condo
Alberta,calgary-ab,669000.0,4.0,4.0,1760.0,House
Alberta,calgary-ab,1895000.0,5.0,4.0,2935.0,House
Alberta,calgary-ab,1060000.0,4.0,4.0,2436.0,House
Alberta,calgary-ab,774900.0,4.0,3.0,1596.0,House
Alberta,calgary-ab,414900.0,2.0,2.0,916.0,Apt/Condo
Alberta,calgary-ab,2750000.0,0.0,,9600.0,Multifamily
Alberta,calgary-ab,1099900.0,5.0,4.0,1923.0,Duplex
Alberta,calgary-ab,299900.0,2.0,1.0,536.0,Apt/Condo
Alberta,calgary-ab,324900.0,1.0,1.0,507.0,Apt/Condo
Alberta,calgary-ab,1275000.0,3.0,4.0,2119.0,House
Alberta,calgary-ab,1775000.0,3.0,3.0,1697.0,House
Alberta,calgary-ab,1349900.0,3.0,3.0,1363.0,House
Alberta,calgary-ab,519900.0,3.0,3.0,1651.0,Duplex
Alberta,calgary-ab,614900.0,2.0,4.0,1807.0,Townhouse
Alberta,calgary-ab,875000.0,2.0,2.0,2290.0,
Alberta,calgary-ab,849900.0,4.0,3.0,1943.0,
Alberta,calgary-ab,489900.0,5.0,2.0,1002.0,Duplex
Alberta,calgary-ab,799900.0,4.0,4.0,2547.0,Townhouse
Alberta,calgary-ab,989900.0,6.0,4.0,2041.0,House
Alberta,calgary-ab,984900.0,4.0,4.0,1933.0,Duplex
Alberta,calgary-ab,2099999.0,4.0,4.0,3832.0,House
Alberta,calgary-ab,349950.0,1.0,1.0,500.0,Apt/Condo
Alberta,calgary-ab,2099500.0,6.0,6.0,3404.0,House
Alberta,calgary-ab,2199999.0,4.0,5.0,3795.0,House
Alberta,calgary-ab,950000.0,2.0,1.0,857.0,House
Alberta,calgary-ab,228500.0,2.0,2.0,901.0,Apt/Condo
Alberta,calgary-ab,784900.0,3.0,2.0,2551.0,Townhouse
Alberta,calgary-ab,3199999.0,5.0,5.0,3192.0,House
Alberta,calgary-ab,5400000.0,2.0,3.0,3543.0,Apt/Condo
Alberta,calgary-ab,788000.0,4.0,4.0,2207.0,House
Alberta,calgary-ab,1895000.0,4.0,1.0,2561.0,House
Alberta,calgary-ab,284500.0,2.0,2.0,853.0,Apt/Condo
Alberta,calgary-ab,799900.0,4.0,4.0,2150.0,House
Alberta,calgary-ab,849900.0,4.0,4.0,2940.0,House
Alberta,calgary-ab,1725000.0,4.0,4.0,2312.0,House
Alberta,calgary-ab,369888.0,2.0,1.0,1202.0,Townhouse
Alberta,calgary-ab,875000.0,2.0,2.0,2290.0,
Alberta,calgary-ab,849900.0,4.0,3.0,1943.0,
Alberta,calgary-ab,349000.0,2.0,2.0,884.0,Apt/Condo
Alberta,calgary-ab,475000.0,2.0,3.0,1140.0,Duplex
Alberta,calgary-ab,619900.0,2.0,3.0,1667.0,Townhouse
Alberta,calgary-ab,429900.0,2.0,3.0,1280.0,Townhouse
Alberta,calgary-ab,570000.0,3.0,4.0,1320.0,Townhouse
Alberta,calgary-ab,710000.0,0.0,,,Land/Lot
Alberta,calgary-ab,415000.0,3.0,4.0,867.0,Townhouse
Alberta,calgary-ab,1034900.0,4.0,4.0,2828.0,House
Alberta,calgary-ab,679000.0,4.0,4.0,1940.0,House
Alberta,calgary-ab,635000.0,3.0,3.0,1583.0,House
Alberta,calgary-ab,635000.0,2.0,1.0,1189.0,House
Alberta,calgary-ab,719900.0,4.0,4.0,1274.0,Duplex
Alberta,calgary-ab,374900.0,1.0,1.0,561.0,Apt/Condo
Alberta,calgary-ab,775000.0,4.0,4.0,1590.0,House
Alberta,calgary-ab,895000.0,4.0,4.0,1907.0,House
Alberta,calgary-ab,179000.0,1.0,1.0,514.0,Apt/Condo
Alberta,calgary-ab,747000.0,4.0,4.0,2113.0,House
Alberta,calgary-ab,69900.0,2.0,1.0,910.0,Mfd/Mobile Home
Alberta,calgary-ab,680000.0,3.0,3.0,2008.0,House
Alberta,calgary-ab,690000.0,4.0,4.0,1830.0,House
Alberta,calgary-ab,875000.0,2.0,2.0,2290.0,
Alberta,calgary-ab,849900.0,4.0,3.0,1943.0,
Alberta,calgary-ab,399900.0,2.0,1.0,956.0,Townhouse
Alberta,calgary-ab,539900.0,2.0,2.0,1004.0,House
Alberta,calgary-ab,500000.0,4.0,3.0,1664.0,Townhouse
Alberta,calgary-ab,609900.0,2.0,3.0,1325.0,House
Alberta,calgary-ab,519900.0,4.0,3.0,1337.0,House
Alberta,calgary-ab,849900.0,3.0,3.0,2602.0,House
Alberta,calgary-ab,550000.0,2.0,3.0,1186.0,Duplex
Alberta,calgary-ab,515000.0,4.0,2.0,1327.0,House
Alberta,calgary-ab,468000.0,3.0,3.0,1196.0,Townhouse
Alberta,calgary-ab,920000.0,4.0,4.0,2278.0,House
Alberta,calgary-ab,260000.0,2.0,1.0,655.0,Apt/Condo
Alberta,calgary-ab,595000.0,3.0,2.0,1716.0,House
Alberta,calgary-ab,397000.0,2.0,2.0,966.0,Apt/Condo
Alberta,calgary-ab,650000.0,4.0,4.0,2043.0,House
Alberta,calgary-ab,574900.0,3.0,3.0,921.0,House
Alberta,calgary-ab,564900.0,4.0,2.0,1037.0,House
Alberta,calgary-ab,464900.0,3.0,2.0,921.0,House
Alberta,calgary-ab,189900.0,2.0,1.0,807.0,Apt/Condo
Alberta,calgary-ab,179900.0,1.0,1.0,560.0,Apt/Condo
Alberta,calgary-ab,724900.0,4.0,4.0,1900.0,House
Alberta,calgary-ab,875000.0,2.0,2.0,2290.0,
Alberta,calgary-ab,849900.0,4.0,3.0,1943.0,
Alberta,calgary-ab,839000.0,5.0,4.0,2276.0,House
Alberta,calgary-ab,234900.0,2.0,1.0,1031.0,Townhouse
Alberta,calgary-ab,599900.0,3.0,3.0,1453.0,House
Alberta,calgary-ab,889900.0,4.0,1.0,2014.0,Duplex
Alberta,calgary-ab,280000.0,2.0,2.0,741.0,Apt/Condo
Alberta,calgary-ab,915000.0,4.0,4.0,2173.0,Duplex
Alberta,calgary-ab,624900.0,5.0,2.0,1005.0,House
Alberta,calgary-ab,960000.0,6.0,5.0,2560.0,House
Alberta,calgary-ab,1099900.0,6.0,4.0,2016.0,Duplex
Alberta,calgary-ab,398000.0,2.0,2.0,1050.0,Townhouse
Alberta,calgary-ab,975000.0,4.0,4.0,2365.0,House
Alberta,calgary-ab,299900.0,2.0,2.0,770.0,Apt/Condo
Alberta,calgary-ab,379500.0,3.0,2.0,1122.0,Townhouse
Alberta,calgary-ab,639900.0,4.0,4.0,1863.0,House
Alberta,calgary-ab,899900.0,4.0,4.0,2057.0,House
Alberta,calgary-ab,499900.0,5.0,2.0,953.0,Duplex
Alberta,calgary-ab,229900.0,1.0,1.0,577.0,Apt/Condo
Alberta,calgary-ab,649900.0,4.0,4.0,1747.0,House
Alberta,calgary-ab,695000.0,3.0,4.0,1103.0,Townhouse
Alberta,calgary-ab,234900.0,1.0,1.0,574.0,Apt/Condo
Alberta,calgary-ab,875000.0,2.0,2.0,2290.0,
Alberta,calgary-ab,849900.0,4.0,3.0,1943.0,
Alberta,calgary-ab,609999.0,4.0,4.0,1601.0,Duplex
Alberta,calgary-ab,718800.0,4.0,4.0,1960.0,House
Alberta,calgary-ab,589900.0,3.0,3.0,1698.0,House
Alberta,calgary-ab,265000.0,1.0,1.0,692.0,Apt/Condo
Alberta,calgary-ab,779900.0,4.0,4.0,2069.0,House
Alberta,calgary-ab,744500.0,3.0,2.0,2249.0,House
Alberta,calgary-ab,650000.0,4.0,3.0,2154.0,House
Alberta,calgary-ab,625000.0,3.0,3.0,1768.0,House
Alberta,calgary-ab,749900.0,4.0,4.0,2213.0,House
Alberta,calgary-ab,625000.0,4.0,3.0,1455.0,House
Alberta,calgary-ab,1025000.0,4.0,4.0,1554.0,House
Alberta,calgary-ab,825900.0,5.0,3.0,2280.0,House
Alberta,calgary-ab,175000.0,1.0,1.0,591.0,Apt/Condo
Alberta,calgary-ab,1524900.0,2.0,3.0,1674.0,Apt/Condo
Alberta,calgary-ab,799900.0,6.0,4.0,2305.0,House
Alberta,calgary-ab,739900.0,4.0,3.0,2293.0,House
Alberta,calgary-ab,1099900.0,4.0,4.0,2080.0,Duplex
Alberta,calgary-ab,659900.0,4.0,4.0,1572.0,House
Alberta,calgary-ab,829900.0,5.0,3.0,2242.0,House
Alberta,calgary-ab,350000.0,1.0,1.0,562.0,Apt/Condo
Alberta,calgary-ab,875000.0,2.0,2.0,2290.0,
Alberta,calgary-ab,849900.0,4.0,3.0,1943.0,
Alberta,calgary-ab,349900.0,2.0,2.0,930.0,Apt/Condo
Alberta,calgary-ab,684900.0,5.0,3.0,1104.0,House
Alberta,calgary-ab,556000.0,4.0,3.0,1303.0,House
Alberta,calgary-ab,379900.0,2.0,2.0,1007.0,Apt/Condo
Alberta,calgary-ab,900000.0,3.0,4.0,1902.0,House
Alberta,calgary-ab,399999.0,2.0,2.0,1123.0,Apt/Condo
Alberta,calgary-ab,319900.0,2.0,2.0,929.0,Townhouse
Alberta,calgary-ab,219000.0,1.0,1.0,488.0,Townhouse
Alberta,calgary-ab,578000.0,2.0,2.0,1063.0,Apt/Condo
Alberta,calgary-ab,479900.0,2.0,2.0,1105.0,Apt/Condo
Alberta,calgary-ab,323000.0,1.0,1.0,507.0,Apt/Condo
Alberta,calgary-ab,659900.0,2.0,2.0,949.0,Apt/Condo
Alberta,calgary-ab,280000.0,2.0,2.0,746.0,Apt/Condo
Alberta,calgary-ab,1149000.0,5.0,4.0,1943.0,House
Alberta,calgary-ab,314900.0,2.0,2.0,851.0,Apt/Condo
Alberta,calgary-ab,769900.0,2.0,3.0,1889.0,Duplex
Alberta,calgary-ab,624768.0,3.0,3.0,1846.0,House
Alberta,calgary-ab,579900.0,3.0,3.0,1523.0,Duplex
Alberta,calgary-ab,547900.0,3.0,3.0,1766.0,Duplex
Alberta,calgary-ab,310000.0,2.0,2.0,905.0,Apt/Condo
Alberta,calgary-ab,875000.0,2.0,2.0,2290.0,
Alberta,calgary-ab,849900.0,4.0,3.0,1943.0,
Alberta,calgary-ab,315000.0,2.0,2.0,820.0,Apt/Condo
Alberta,calgary-ab,829900.0,4.0,3.0,2058.0,House
Alberta,calgary-ab,679000.0,1.0,1.0,1977.0,House
Alberta,calgary-ab,889900.0,7.0,4.0,2231.0,House
Alberta,calgary-ab,799900.0,3.0,4.0,1607.0,Townhouse
Alberta,calgary-ab,674900.0,4.0,4.0,1858.0,House
Alberta,calgary-ab,639900.0,4.0,3.0,1688.0,House
Alberta,calgary-ab,1193000.0,3.0,3.0,1883.0,Duplex
Alberta,calgary-ab,519000.0,3.0,3.0,1579.0,House
Alberta,calgary-ab,469900.0,3.0,3.0,1201.0,Townhouse
Alberta,calgary-ab,650000.0,6.0,4.0,1076.0,Duplex
Alberta,calgary-ab,600000.0,4.0,3.0,1900.0,House
Alberta,calgary-ab,859900.0,4.0,4.0,1868.0,House
Alberta,calgary-ab,275000.0,3.0,1.0,473.0,Townhouse
Alberta,calgary-ab,500000.0,4.0,2.0,1081.0,House
Alberta,calgary-ab,820000.0,4.0,4.0,2127.0,House
Alberta,calgary-ab,465000.0,3.0,3.0,1137.0,Duplex
Alberta,calgary-ab,499900.0,3.0,3.0,1409.0,House
Alberta,calgary-ab,529900.0,5.0,3.0,1064.0,House
Alberta,calgary-ab,650000.0,2.0,2.0,963.0,Apt/Condo
Alberta,calgary-ab,875000.0,2.0,2.0,2290.0,
Alberta,calgary-ab,849900.0,4.0,3.0,1943.0,
Alberta,calgary-ab,1199900.0,5.0,4.0,2431.0,House
Alberta,calgary-ab,399900.0,3.0,2.0,842.0,Apt/Condo
Alberta,calgary-ab,3250000.0,0.0,,5252.0,Fourplex
Alberta,calgary-ab,919999.0,4.0,4.0,2068.0,House
Alberta,calgary-ab,24900.0,3.0,1.0,896.0,Mfd/Mobile Home
Alberta,calgary-ab,625000.0,3.0,3.0,1431.0,House
Alberta,calgary-ab,310000.0,1.0,2.0,985.0,Apt/Condo
Alberta,calgary-ab,625000.0,3.0,3.0,1590.0,House
Alberta,calgary-ab,1180000.0,8.0,4.0,1865.0,House
Alberta,calgary-ab,719900.0,4.0,3.0,2088.0,House
Alberta,calgary-ab,549900.0,5.0,4.0,1825.0,House
Alberta,calgary-ab,1500000.0,2.0,3.0,2587.0,Apt/Condo
Alberta,calgary-ab,550000.0,3.0,2.0,1013.0,House
Alberta,calgary-ab,229900.0,1.0,1.0,470.0,Apt/Condo
Alberta,calgary-ab,515000.0,4.0,3.0,1669.0,Townhouse
Alberta,calgary-ab,852000.0,4.0,3.0,2377.0,House
Alberta,calgary-ab,1988888.0,5.0,6.0,3545.0,House
Alberta,calgary-ab,659900.0,3.0,3.0,1686.0,House
Alberta,calgary-ab,639900.0,3.0,3.0,1698.0,Duplex
Alberta,calgary-ab,814900.0,4.0,3.0,2092.0,House
Alberta,calgary-ab,875000.0,2.0,2.0,2290.0,
Alberta,calgary-ab,849900.0,4.0,3.0,1943.0,
Alberta,calgary-ab,789900.0,4.0,4.0,2263.0,House
Alberta,calgary-ab,414900.0,3.0,2.0,824.0,Apt/Condo
Alberta,calgary-ab,375000.0,3.0,2.0,1343.0,Townhouse
Alberta,calgary-ab,749900.0,5.0,4.0,1871.0,House
Alberta,calgary-ab,589990.0,4.0,2.0,1170.0,House
Alberta,calgary-ab,580000.0,3.0,3.0,1164.0,House
Alberta,calgary-ab,624900.0,3.0,4.0,1679.0,Duplex
Alberta,calgary-ab,2078888.0,5.0,5.0,2888.0,House
Alberta,calgary-ab,620000.0,3.0,3.0,1816.0,House
Alberta,calgary-ab,479000.0,3.0,3.0,1421.0,Townhouse
Alberta,calgary-ab,764900.0,4.0,4.0,2386.0,House
Alberta,calgary-ab,399900.0,2.0,2.0,1117.0,Townhouse
Alberta,calgary-ab,649000.0,4.0,4.0,1692.0,Duplex
Alberta,calgary-ab,424999.0,3.0,2.0,1187.0,Apt/Condo
Alberta,calgary-ab,950000.0,4.0,3.0,2163.0,House
Alberta,calgary-ab,849900.0,5.0,4.0,2007.0,Duplex
Alberta,calgary-ab,374900.0,2.0,1.0,709.0,Apt/Condo
Alberta,calgary-ab,650000.0,3.0,4.0,2055.0,House
Alberta,calgary-ab,215000.0,2.0,1.0,1054.0,Mfd/Mobile Home
Alberta,calgary-ab,540000.0,3.0,2.0,1225.0,House
Alberta,calgary-ab,875000.0,2.0,2.0,2290.0,
Alberta,calgary-ab,849900.0,4.0,3.0,1943.0,
Alberta,calgary-ab,589900.0,3.0,3.0,1003.0,House
Alberta,calgary-ab,235000.0,2.0,1.0,926.0,Apt/Condo
Alberta,calgary-ab,679900.0,4.0,4.0,1835.0,House
Alberta,calgary-ab,769900.0,4.0,4.0,2364.0,House
Alberta,calgary-ab,724880.0,4.0,3.0,2129.0,House
Alberta,calgary-ab,229900.0,1.0,1.0,675.0,Apt/Condo
Alberta,calgary-ab,569900.0,4.0,4.0,1343.0,Duplex
Alberta,calgary-ab,639900.0,5.0,3.0,1833.0,House
Alberta,calgary-ab,929900.0,4.0,4.0,2847.0,House
Alberta,calgary-ab,254000.0,2.0,1.0,795.0,Apt/Condo
Alberta,calgary-ab,675000.0,3.0,4.0,1734.0,House
Alberta,calgary-ab,784900.0,4.0,3.0,1230.0,House
Alberta,calgary-ab,659900.0,3.0,3.0,1696.0,House
Alberta,calgary-ab,1599000.0,5.0,4.0,3017.0,House
Alberta,calgary-ab,489900.0,2.0,1.0,1152.0,Townhouse
Alberta,calgary-ab,799900.0,4.0,4.0,2206.0,House
Alberta,calgary-ab,374444.0,2.0,2.0,815.0,Apt/Condo
Alberta,calgary-ab,569000.0,4.0,4.0,1802.0,House
Alberta,calgary-ab,1049000.0,4.0,4.0,1973.0,Duplex
Alberta,calgary-ab,489900.0,2.0,2.0,851.0,Apt/Condo
Alberta,calgary-ab,875000.0,2.0,2.0,2290.0,
Alberta,calgary-ab,849900.0,4.0,3.0,1943.0,
Alberta,calgary-ab,715900.0,3.0,3.0,1941.0,House
Alberta,calgary-ab,497900.0,3.0,3.0,1491.0,Townhouse
Alberta,calgary-ab,710000.0,3.0,3.0,1964.0,House
Alberta,calgary-ab,665000.0,2.0,4.0,1510.0,Townhouse
Alberta,calgary-ab,509000.0,4.0,3.0,1709.0,Townhouse
Alberta,calgary-ab,860000.0,4.0,4.0,2290.0,House
Alberta,calgary-ab,570000.0,3.0,3.0,1280.0,Townhouse
Alberta,calgary-ab,738000.0,3.0,3.0,2005.0,House
Alberta,calgary-ab,759900.0,4.0,4.0,1856.0,House
Alberta,calgary-ab,754900.0,3.0,3.0,2278.0,House
Alberta,calgary-ab,489900.0,3.0,4.0,1174.0,Townhouse
Alberta,calgary-ab,475000.0,2.0,3.0,1320.0,Townhouse
Alberta,calgary-ab,775000.0,1.0,1.0,730.0,House
Alberta,calgary-ab,589900.0,4.0,3.0,1175.0,House
Alberta,calgary-ab,669000.0,3.0,4.0,1658.0,House
Alberta,calgary-ab,3500000.0,6.0,4.0,5674.0,House
Alberta,calgary-ab,329900.0,2.0,2.0,867.0,Apt/Condo
Alberta,calgary-ab,219900.0,1.0,1.0,562.0,Apt/Condo
Alberta,calgary-ab,750000.0,4.0,3.0,1311.0,House
Alberta,calgary-ab,475000.0,1.0,2.0,505.0,House
Alberta,calgary-ab,875000.0,2.0,2.0,2290.0,
Alberta,calgary-ab,849900.0,4.0,3.0,1943.0,
Alberta,calgary-ab,420000.0,2.0,2.0,948.0,Apt/Condo
Alberta,calgary-ab,339800.0,2.0,2.0,856.0,Apt/Condo
Alberta,calgary-ab,784900.0,4.0,4.0,1984.0,House
Alberta,calgary-ab,699000.0,4.0,2.0,1711.0,House
Alberta,calgary-ab,285000.0,2.0,2.0,857.0,Apt/Condo
Alberta,calgary-ab,205000.0,2.0,1.0,794.0,Apt/Condo
Alberta,calgary-ab,385000.0,2.0,2.0,897.0,Apt/Condo
Alberta,calgary-ab,3250000.0,0.0,,10608.0,Multifamily
Alberta,calgary-ab,509900.0,3.0,3.0,1456.0,Townhouse
Alberta,calgary-ab,699000.0,0.0,,,Land/Lot
Alberta,calgary-ab,234900.0,2.0,1.0,792.0,Apt/Condo
Alberta,calgary-ab,349000.0,2.0,1.0,647.0,Apt/Condo
Alberta,calgary-ab,539000.0,4.0,3.0,1537.0,Townhouse
Alberta,calgary-ab,689883.0,3.0,3.0,1644.0,House
Alberta,calgary-ab,319900.0,2.0,2.0,800.0,Apt/Condo
Alberta,calgary-ab,379900.0,2.0,2.0,1047.0,Apt/Condo
Alberta,calgary-ab,339900.0,2.0,2.0,873.0,Apt/Condo
Alberta,calgary-ab,379900.0,2.0,2.0,1045.0,Apt/Condo
Alberta,calgary-ab,379900.0,2.0,2.0,1091.0,Apt/Condo
Alberta,calgary-ab,774900.0,3.0,3.0,2092.0,House
Alberta,calgary-ab,875000.0,2.0,2.0,2290.0,
Alberta,calgary-ab,849900.0,4.0,3.0,1943.0,
Alberta,calgary-ab,355000.0,2.0,1.0,890.0,Apt/Condo
Alberta,calgary-ab,315900.0,1.0,1.0,795.0,Apt/Condo
Alberta,calgary-ab,279900.0,2.0,2.0,927.0,Apt/Condo
Alberta,calgary-ab,779900.0,3.0,2.0,925.0,House
Alberta,calgary-ab,869900.0,3.0,4.0,1831.0,House
Alberta,calgary-ab,290000.0,2.0,1.0,869.0,Apt/Condo
Alberta,calgary-ab,495000.0,2.0,2.0,625.0,Townhouse
Alberta,calgary-ab,660000.0,6.0,4.0,1641.0,House
Alberta,calgary-ab,888900.0,4.0,4.0,1996.0,House
Alberta,calgary-ab,315000.0,2.0,2.0,685.0,Apt/Condo
Alberta,calgary-ab,1224900.0,4.0,4.0,1933.0,House
Alberta,calgary-ab,1224900.0,5.0,4.0,1933.0,House
Alberta,calgary-ab,414000.0,2.0,3.0,1258.0,Townhouse
Alberta,calgary-ab,509900.0,3.0,3.0,1372.0,Duplex
Alberta,calgary-ab,539900.0,3.0,3.0,1568.0,Duplex
Alberta,calgary-ab,1899000.0,5.0,6.0,2756.0,House
Alberta,calgary-ab,395000.0,1.0,2.0,625.0,Apt/Condo
Alberta,calgary-ab,279999.0,2.0,1.0,901.0,Apt/Condo
Alberta,calgary-ab,787900.0,3.0,3.0,1985.0,Duplex
Alberta,calgary-ab,749000.0,4.0,2.0,1269.0,House
Alberta,calgary-ab,875000.0,2.0,2.0,2290.0,
Alberta,calgary-ab,849900.0,4.0,3.0,1943.0,
Alberta,calgary-ab,499000.0,2.0,2.0,1024.0,Apt/Condo
Alberta,calgary-ab,850000.0,3.0,4.0,2353.0,House
Alberta,calgary-ab,315000.0,2.0,2.0,840.0,Apt/Condo
Alberta,calgary-ab,899999.0,7.0,5.0,2518.0,House
Alberta,calgary-ab,280000.0,2.0,2.0,1011.0,Apt/Condo
Alberta,calgary-ab,354900.0,2.0,3.0,1290.0,Townhouse
Alberta,calgary-ab,209000.0,2.0,1.0,698.0,Apt/Condo
Alberta,calgary-ab,399900.0,2.0,3.0,1231.0,Townhouse
Alberta,calgary-ab,669900.0,5.0,4.0,1727.0,House
Alberta,calgary-ab,799900.0,5.0,4.0,2231.0,House
Alberta,calgary-ab,479000.0,2.0,2.0,669.0,Apt/Condo
Alberta,calgary-ab,449900.0,3.0,3.0,1186.0,House
Alberta,calgary-ab,549900.0,5.0,4.0,1051.0,House
Alberta,calgary-ab,374999.0,2.0,2.0,920.0,Apt/Condo
Alberta,calgary-ab,259900.0,2.0,1.0,848.0,Apt/Condo
Alberta,calgary-ab,319900.0,2.0,2.0,817.0,Apt/Condo
Alberta,calgary-ab,400000.0,2.0,3.0,1395.0,Townhouse
Alberta,calgary-ab,325000.0,2.0,2.0,1030.0,Apt/Condo
Alberta,calgary-ab,284500.0,1.0,1.0,513.0,Apt/Condo
Alberta,calgary-ab,489900.0,2.0,3.0,1255.0,Townhouse
Alberta,calgary-ab,875000.0,2.0,2.0,2290.0,
Alberta,calgary-ab,849900.0,4.0,3.0,1943.0,
Alberta,calgary-ab,549900.0,5.0,4.0,1051.0,House
Alberta,calgary-ab,589800.0,3.0,4.0,1515.0,House
Alberta,calgary-ab,654000.0,3.0,3.0,2005.0,House
Alberta,calgary-ab,568800.0,3.0,3.0,1382.0,House
Alberta,calgary-ab,489900.0,2.0,3.0,1255.0,Townhouse
Alberta,calgary-ab,771000.0,4.0,3.0,1914.0,House
Alberta,calgary-ab,529900.0,3.0,3.0,1545.0,House
Alberta,calgary-ab,1299000.0,5.0,5.0,2880.0,Duplex
Alberta,calgary-ab,815000.0,4.0,2.0,1072.0,House
Alberta,calgary-ab,438000.0,2.0,1.0,514.0,Apt/Condo
Alberta,calgary-ab,3190000.0,5.0,4.0,3618.0,House
Alberta,calgary-ab,799900.0,5.0,3.0,1552.0,House
Alberta,calgary-ab,589900.0,5.0,4.0,1335.0,House
Alberta,calgary-ab,190000.0,1.0,1.0,589.0,Apt/Condo
Alberta,calgary-ab,699900.0,5.0,3.0,1116.0,House
Alberta,calgary-ab,298892.0,2.0,2.0,1168.0,Apt/Condo
Alberta,calgary-ab,999900.0,0.0,,2131.0,Apt/Condo
Alberta,calgary-ab,419900.0,2.0,2.0,1110.0,Apt/Condo
Alberta,calgary-ab,999900.0,4.0,4.0,2495.0,House
Alberta,calgary-ab,529900.0,2.0,1.0,875.0,Duplex
Alberta,calgary-ab,875000.0,2.0,2.0,2290.0,
Alberta,calgary-ab,849900.0,4.0,3.0,1943.0,
Alberta,edmonton-ab,699000.0,6.0,4.0,2466.0,House
Alberta,edmonton-ab,145000.0,1.0,1.0,591.0,Apt/Condo
Alberta,edmonton-ab,599900.0,6.0,3.0,1094.0,House
Alberta,edmonton-ab,539900.0,3.0,3.0,1845.0,House
Alberta,edmonton-ab,162500.0,1.0,1.0,591.0,Apt/Condo
Alberta,edmonton-ab,748800.0,5.0,3.0,2508.0,House
Alberta,edmonton-ab,510000.0,5.0,3.0,1810.0,House
Alberta,edmonton-ab,154900.0,1.0,1.0,564.0,Apt/Condo
Alberta,edmonton-ab,209000.0,3.0,2.0,1277.0,Apt/Condo
Alberta,edmonton-ab,424900.0,3.0,3.0,1342.0,Apt/Condo
Alberta,edmonton-ab,649900.0,5.0,4.0,2282.0,House
Alberta,edmonton-ab,949900.0,7.0,4.0,3595.0,House
Alberta,edmonton-ab,499900.0,4.0,3.0,1420.0,House
Alberta,edmonton-ab,639800.0,4.0,3.0,2068.0,House
Alberta,edmonton-ab,220000.0,2.0,2.0,916.0,Apt/Condo
Alberta,edmonton-ab,569000.0,3.0,3.0,1879.0,House
Alberta,edmonton-ab,674900.0,3.0,3.0,2000.0,House
Alberta,edmonton-ab,520000.0,5.0,3.0,1188.0,House
Alberta,edmonton-ab,794800.0,6.0,4.0,2230.0,House
Alberta,edmonton-ab,450000.0,3.0,3.0,1454.0,House
Alberta,edmonton-ab,748800.0,5.0,3.0,2508.0,
Alberta,edmonton-ab,224800.0,3.0,2.0,1083.0,
Alberta,edmonton-ab,978000.0,5.0,4.0,3752.0,
Alberta,edmonton-ab,224800.0,3.0,2.0,1083.0,Townhouse
Alberta,edmonton-ab,199000.0,4.0,2.0,1034.0,Townhouse
Alberta,edmonton-ab,160000.0,2.0,2.0,1001.0,Apt/Condo
Alberta,edmonton-ab,978000.0,5.0,5.0,3752.0,House
Alberta,edmonton-ab,349900.0,2.0,2.0,1152.0,House
Alberta,edmonton-ab,325000.0,2.0,2.0,1107.0,Duplex
Alberta,edmonton-ab,349500.0,2.0,3.0,1235.0,Townhouse
Alberta,edmonton-ab,285000.0,2.0,2.0,1119.0,Apt/Condo
Alberta,edmonton-ab,736000.0,4.0,4.0,1678.0,House
Alberta,edmonton-ab,739000.0,4.0,4.0,1680.0,House
Alberta,edmonton-ab,150000.0,1.0,1.0,790.0,Apt/Condo
Alberta,edmonton-ab,470000.0,4.0,2.0,1152.0,House
Alberta,edmonton-ab,539900.0,4.0,4.0,1463.0,Duplex
Alberta,edmonton-ab,539900.0,4.0,4.0,1493.0,Duplex
Alberta,edmonton-ab,675000.0,3.0,3.0,2639.0,House
Alberta,edmonton-ab,784800.0,7.0,4.0,3593.0,House
Alberta,edmonton-ab,774900.0,3.0,3.0,2214.0,House
Alberta,edmonton-ab,374000.0,5.0,3.0,1161.0,Duplex
Alberta,edmonton-ab,482000.0,3.0,3.0,1610.0,House
Alberta,edmonton-ab,439900.0,3.0,4.0,1535.0,Duplex
Alberta,edmonton-ab,748800.0,5.0,3.0,2508.0,
Alberta,edmonton-ab,224800.0,3.0,2.0,1083.0,
Alberta,edmonton-ab,978000.0,5.0,4.0,3752.0,
Alberta,edmonton-ab,859800.0,6.0,4.0,2269.0,House
Alberta,edmonton-ab,515000.0,2.0,2.0,1936.0,Apt/Condo
Alberta,edmonton-ab,250000.0,2.0,2.0,1093.0,Apt/Condo
Alberta,edmonton-ab,824900.0,3.0,3.0,2566.0,Apt/Condo
Alberta,edmonton-ab,315000.0,2.0,2.0,897.0,Apt/Condo
Alberta,edmonton-ab,625000.0,4.0,4.0,2052.0,House
Alberta,edmonton-ab,284900.0,3.0,2.0,955.0,Townhouse
Alberta,edmonton-ab,459800.0,3.0,3.0,1598.0,House
Alberta,edmonton-ab,142000.0,3.0,2.0,1199.0,Apt/Condo
Alberta,edmonton-ab,439000.0,3.0,4.0,1383.0,House
Alberta,edmonton-ab,188000.0,2.0,2.0,834.0,Apt/Condo
Alberta,edmonton-ab,650000.0,4.0,3.0,2314.0,House
Alberta,edmonton-ab,650000.0,4.0,3.0,2314.0,House
Alberta,edmonton-ab,429000.0,3.0,4.0,1844.0,House
Alberta,edmonton-ab,335000.0,3.0,3.0,1228.0,Townhouse
Alberta,edmonton-ab,375000.0,3.0,3.0,1604.0,Townhouse
Alberta,edmonton-ab,199000.0,2.0,2.0,872.0,Apt/Condo
Alberta,edmonton-ab,1875000.0,0.0,0.0,,Land/Lot
Alberta,edmonton-ab,1200000.0,2.0,2.0,1153.0,Apt/Condo
Alberta,edmonton-ab,165000.0,2.0,1.0,972.0,Apt/Condo
Alberta,edmonton-ab,748800.0,5.0,3.0,2508.0,
Alberta,edmonton-ab,224800.0,3.0,2.0,1083.0,
Alberta,edmonton-ab,978000.0,5.0,4.0,3752.0,
Alberta,edmonton-ab,395900.0,4.0,2.0,1207.0,House
Alberta,edmonton-ab,226500.0,2.0,2.0,841.0,Apt/Condo
Alberta,edmonton-ab,509900.0,4.0,4.0,1942.0,Townhouse
Alberta,edmonton-ab,569900.0,4.0,4.0,1871.0,House
Alberta,edmonton-ab,579000.0,4.0,4.0,1578.0,Duplex
Alberta,edmonton-ab,674900.0,4.0,4.0,2247.0,House
Alberta,edmonton-ab,575000.0,2.0,3.0,1325.0,Townhouse
Alberta,edmonton-ab,435000.0,3.0,4.0,1481.0,Duplex
Alberta,edmonton-ab,199900.0,2.0,2.0,912.0,Apt/Condo
Alberta,edmonton-ab,148800.0,2.0,2.0,1140.0,Apt/Condo
Alberta,edmonton-ab,514800.0,4.0,3.0,1415.0,House
Alberta,edmonton-ab,798800.0,5.0,3.0,2841.0,House
Alberta,edmonton-ab,914800.0,7.0,6.0,3052.0,House
Alberta,edmonton-ab,1290000.0,3.0,3.0,2445.0,Apt/Condo
Alberta,edmonton-ab,599900.0,4.0,3.0,1220.0,House
Alberta,edmonton-ab,698800.0,4.0,3.0,2479.0,House
Alberta,edmonton-ab,169900.0,3.0,1.0,861.0,Townhouse
Alberta,edmonton-ab,934800.0,6.0,5.0,2410.0,House
Alberta,edmonton-ab,699000.0,4.0,3.0,2518.0,House
Alberta,edmonton-ab,649900.0,4.0,3.0,2073.0,House
Alberta,edmonton-ab,748800.0,5.0,3.0,2508.0,
Alberta,edmonton-ab,224800.0,3.0,2.0,1083.0,
Alberta,edmonton-ab,978000.0,5.0,4.0,3752.0,
Alberta,edmonton-ab,539900.0,3.0,3.0,1916.0,House
Alberta,edmonton-ab,235000.0,2.0,2.0,1215.0,Apt/Condo
Alberta,edmonton-ab,550000.0,4.0,4.0,1594.0,Duplex
Alberta,edmonton-ab,264900.0,3.0,3.0,1430.0,Townhouse
Alberta,edmonton-ab,229900.0,3.0,2.0,1062.0,Townhouse
Alberta,edmonton-ab,1124800.0,5.0,4.0,3106.0,House
Alberta,edmonton-ab,195000.0,2.0,1.0,883.0,House
Alberta,edmonton-ab,199900.0,1.0,1.0,699.0,Apt/Condo
Alberta,edmonton-ab,269900.0,3.0,1.0,1188.0,House
Alberta,edmonton-ab,576800.0,3.0,3.0,1684.0,House
Alberta,edmonton-ab,479000.0,3.0,3.0,1574.0,Duplex
Alberta,edmonton-ab,115000.0,3.0,1.0,990.0,Townhouse
Alberta,edmonton-ab,115000.0,3.0,1.0,990.0,Townhouse
Alberta,edmonton-ab,524800.0,6.0,4.0,2264.0,House
Alberta,edmonton-ab,359000.0,5.0,2.0,897.0,Duplex
Alberta,edmonton-ab,879000.0,5.0,4.0,2935.0,House
Alberta,edmonton-ab,154900.0,1.0,1.0,654.0,Apt/Condo
Alberta,edmonton-ab,1175000.0,6.0,5.0,3322.0,House
Alberta,edmonton-ab,584900.0,3.0,3.0,1812.0,House
Alberta,edmonton-ab,1699999.0,10.0,12.0,3519.0,Triplex
Alberta,edmonton-ab,748800.0,5.0,3.0,2508.0,
Alberta,edmonton-ab,224800.0,3.0,2.0,1083.0,
Alberta,edmonton-ab,978000.0,5.0,4.0,3752.0,
Alberta,edmonton-ab,234800.0,2.0,2.0,837.0,Apt/Condo
Alberta,edmonton-ab,1998800.0,0.0,0.0,,Land/Lot
Alberta,edmonton-ab,669900.0,4.0,3.0,2068.0,House
Alberta,edmonton-ab,579800.0,3.0,3.0,1825.0,House
Alberta,edmonton-ab,479800.0,3.0,3.0,1632.0,House
Alberta,edmonton-ab,235000.0,0.0,0.0,,Land/Lot
Alberta,edmonton-ab,624800.0,4.0,3.0,2060.0,House
Alberta,edmonton-ab,499600.0,3.0,3.0,1528.0,House
Alberta,edmonton-ab,504500.0,3.0,3.0,1523.0,House
Alberta,edmonton-ab,619800.0,3.0,3.0,2351.0,House
Alberta,edmonton-ab,494000.0,2.0,2.0,1252.0,Apt/Condo
Alberta,edmonton-ab,920000.0,3.0,2.0,1650.0,Duplex
Alberta,edmonton-ab,250000.0,3.0,3.0,1249.0,Townhouse
Alberta,edmonton-ab,229800.0,1.0,1.0,903.0,Apt/Condo
Alberta,edmonton-ab,195000.0,1.0,1.0,693.0,Apt/Condo
Alberta,edmonton-ab,429900.0,4.0,2.0,1012.0,House
Alberta,edmonton-ab,699000.0,4.0,4.0,1435.0,Duplex
Alberta,edmonton-ab,329900.0,3.0,2.0,1184.0,Townhouse
Alberta,edmonton-ab,290000.0,1.0,1.0,749.0,Apt/Condo
Alberta,edmonton-ab,500000.0,3.0,3.0,1356.0,House
Alberta,edmonton-ab,748800.0,5.0,3.0,2508.0,
Alberta,edmonton-ab,224800.0,3.0,2.0,1083.0,
Alberta,edmonton-ab,978000.0,5.0,4.0,3752.0,
Alberta,edmonton-ab,175000.0,2.0,2.0,1540.0,Apt/Condo
Alberta,edmonton-ab,339900.0,3.0,3.0,1281.0,Townhouse
Alberta,edmonton-ab,550000.0,5.0,4.0,2407.0,House
Alberta,edmonton-ab,489900.0,4.0,4.0,1901.0,House
Alberta,edmonton-ab,459900.0,4.0,4.0,1324.0,House
Alberta,edmonton-ab,380000.0,4.0,2.0,1012.0,House
Alberta,edmonton-ab,499900.0,3.0,3.0,1195.0,House
Alberta,edmonton-ab,588000.0,3.0,4.0,2138.0,House
Alberta,edmonton-ab,334900.0,3.0,3.0,1252.0,Townhouse
Alberta,edmonton-ab,575000.0,4.0,3.0,1035.0,House
Alberta,edmonton-ab,213900.0,2.0,2.0,809.0,Apt/Condo
Alberta,edmonton-ab,209999.0,2.0,2.0,1020.0,Apt/Condo
Alberta,edmonton-ab,229900.0,2.0,2.0,1039.0,Townhouse
Alberta,edmonton-ab,575000.0,4.0,4.0,1475.0,House
Alberta,edmonton-ab,599900.0,6.0,4.0,1615.0,Duplex
Alberta,edmonton-ab,400000.0,2.0,2.0,969.0,Apt/Condo
Alberta,edmonton-ab,679900.0,6.0,3.0,1741.0,House
Alberta,edmonton-ab,695000.0,6.0,4.0,1435.0,Duplex
Alberta,edmonton-ab,679900.0,5.0,4.0,1518.0,Duplex
Alberta,edmonton-ab,679900.0,5.0,4.0,1518.0,Duplex
Alberta,edmonton-ab,748800.0,5.0,3.0,2508.0,
Alberta,edmonton-ab,224800.0,3.0,2.0,1083.0,
Alberta,edmonton-ab,978000.0,5.0,4.0,3752.0,
Alberta,edmonton-ab,115000.0,2.0,1.0,872.0,Apt/Condo
Alberta,edmonton-ab,950000.0,6.0,4.0,1828.0,House
Alberta,edmonton-ab,599999.0,2.0,2.0,1261.0,Apt/Condo
Alberta,edmonton-ab,369000.0,4.0,2.0,940.0,House
Alberta,edmonton-ab,89900.0,1.0,1.0,678.0,Apt/Condo
Alberta,edmonton-ab,225000.0,3.0,2.0,1223.0,Duplex
Alberta,edmonton-ab,559647.0,3.0,3.0,1660.0,House
Alberta,edmonton-ab,559647.0,3.0,3.0,1660.0,House
Alberta,edmonton-ab,634900.0,5.0,4.0,1946.0,House
Alberta,edmonton-ab,395000.0,5.0,2.0,1112.0,House
Alberta,edmonton-ab,556497.0,3.0,3.0,1660.0,House
Alberta,edmonton-ab,525000.0,4.0,3.0,1361.0,House
Alberta,edmonton-ab,612321.0,3.0,3.0,1582.0,House
Alberta,edmonton-ab,179900.0,2.0,1.0,903.0,Apt/Condo
Alberta,edmonton-ab,475000.0,4.0,2.0,1056.0,House
Alberta,edmonton-ab,400000.0,5.0,2.0,1142.0,House
Alberta,edmonton-ab,509900.0,5.0,3.0,1185.0,House
Alberta,edmonton-ab,535000.0,3.0,4.0,1435.0,House
Alberta,edmonton-ab,305900.0,4.0,2.0,1149.0,House
Alberta,edmonton-ab,99000.0,1.0,1.0,525.0,Apt/Condo
Alberta,edmonton-ab,748800.0,5.0,3.0,2508.0,
Alberta,edmonton-ab,224800.0,3.0,2.0,1083.0,
Alberta,edmonton-ab,978000.0,5.0,4.0,3752.0,
Alberta,edmonton-ab,475000.0,3.0,3.0,1824.0,House
Alberta,edmonton-ab,254000.0,3.0,2.0,1141.0,Townhouse
Alberta,edmonton-ab,480000.0,4.0,3.0,1365.0,House
Alberta,edmonton-ab,108888.0,1.0,1.0,672.0,Apt/Condo
Alberta,edmonton-ab,524900.0,6.0,3.0,1188.0,House
Alberta,edmonton-ab,484900.0,4.0,3.0,1195.0,House
Alberta,edmonton-ab,405000.0,3.0,3.0,1332.0,Apt/Condo
Alberta,edmonton-ab,579000.0,4.0,4.0,1565.0,Duplex
Alberta,edmonton-ab,224900.0,3.0,2.0,1238.0,Townhouse
Alberta,edmonton-ab,549900.0,4.0,4.0,1526.0,House
Alberta,edmonton-ab,339000.0,3.0,2.0,844.0,Duplex
Alberta,edmonton-ab,220600.0,3.0,2.0,593.0,House
Alberta,edmonton-ab,109999.0,1.0,1.0,485.0,Apt/Condo
Alberta,edmonton-ab,665000.0,3.0,3.0,2110.0,House
Alberta,edmonton-ab,1299000.0,5.0,5.0,2300.0,House
Alberta,edmonton-ab,269900.0,2.0,2.0,966.0,Apt/Condo
Alberta,edmonton-ab,650000.0,4.0,2.0,1604.0,House
Alberta,edmonton-ab,424900.0,4.0,2.0,1354.0,House
Alberta,edmonton-ab,525000.0,4.0,1.0,1130.0,House
Alberta,edmonton-ab,629000.0,4.0,4.0,1893.0,House
Alberta,edmonton-ab,748800.0,5.0,3.0,2508.0,
Alberta,edmonton-ab,224800.0,3.0,2.0,1083.0,
Alberta,edmonton-ab,978000.0,5.0,4.0,3752.0,
Alberta,edmonton-ab,249900.0,2.0,2.0,962.0,Apt/Condo
Alberta,edmonton-ab,1209000.0,6.0,5.0,3391.0,House
Alberta,edmonton-ab,519900.0,5.0,3.0,1312.0,House
Alberta,edmonton-ab,509999.0,3.0,3.0,1663.0,House
Alberta,edmonton-ab,262000.0,2.0,2.0,1035.0,Apt/Condo
Alberta,edmonton-ab,499900.0,3.0,3.0,1113.0,House
Alberta,edmonton-ab,789000.0,6.0,4.0,2234.0,House
Alberta,edmonton-ab,379900.0,3.0,1.0,1097.0,House
Alberta,edmonton-ab,419500.0,4.0,2.0,719.0,House
Alberta,edmonton-ab,244900.0,2.0,2.0,1044.0,Apt/Condo
Alberta,edmonton-ab,575000.0,5.0,4.0,2271.0,House
Alberta,edmonton-ab,579000.0,4.0,4.0,1543.0,Duplex
Alberta,edmonton-ab,379900.0,3.0,1.0,784.0,House
Alberta,edmonton-ab,1550000.0,5.0,6.0,2806.0,House
Alberta,edmonton-ab,565000.0,4.0,4.0,1847.0,House
Alberta,edmonton-ab,239900.0,2.0,1.0,946.0,Townhouse
Alberta,edmonton-ab,429900.0,4.0,2.0,1023.0,House
Alberta,edmonton-ab,989000.0,6.0,5.0,3003.0,House
Alberta,edmonton-ab,400000.0,6.0,3.0,1281.0,House
Alberta,edmonton-ab,135000.0,1.0,1.0,664.0,Apt/Condo
Alberta,edmonton-ab,748800.0,5.0,3.0,2508.0,
Alberta,edmonton-ab,224800.0,3.0,2.0,1083.0,
Alberta,edmonton-ab,978000.0,5.0,4.0,3752.0,
Alberta,edmonton-ab,860000.0,5.0,4.0,2752.0,House
Alberta,edmonton-ab,239900.0,2.0,1.0,736.0,Apt/Condo
Alberta,edmonton-ab,1760000.0,4.0,4.0,3509.0,House
Alberta,edmonton-ab,299900.0,3.0,2.0,1028.0,Townhouse
Alberta,edmonton-ab,1985000.0,7.0,10.0,5137.0,House
Alberta,edmonton-ab,599888.0,3.0,2.0,1678.0,House
Alberta,edmonton-ab,112000.0,1.0,1.0,771.0,Apt/Condo
Alberta,edmonton-ab,665282.0,3.0,3.0,1753.0,House
Alberta,edmonton-ab,468800.0,4.0,4.0,1827.0,House
Alberta,edmonton-ab,595000.0,5.0,4.0,2010.0,House
Alberta,edmonton-ab,525000.0,2.0,2.0,915.0,Apt/Condo
Alberta,edmonton-ab,179900.0,1.0,1.0,661.0,Apt/Condo
Alberta,edmonton-ab,415000.0,3.0,3.0,1625.0,Duplex
Alberta,edmonton-ab,665282.0,3.0,3.0,1753.0,House
Alberta,edmonton-ab,707390.0,3.0,3.0,2153.0,House
Alberta,edmonton-ab,707390.0,3.0,3.0,2153.0,House
Alberta,edmonton-ab,722415.0,4.0,3.0,2033.0,House
Alberta,edmonton-ab,709900.0,3.0,3.0,2360.0,House
Alberta,edmonton-ab,588800.0,6.0,3.0,2196.0,House
Alberta,edmonton-ab,1119000.0,4.0,4.0,1191.0,Duplex
Alberta,edmonton-ab,748800.0,5.0,3.0,2508.0,
Alberta,edmonton-ab,224800.0,3.0,2.0,1083.0,
Alberta,edmonton-ab,978000.0,5.0,4.0,3752.0,
Alberta,edmonton-ab,459888.0,3.0,4.0,1313.0,House
Alberta,edmonton-ab,499900.0,3.0,3.0,1779.0,House
Alberta,edmonton-ab,319900.0,2.0,3.0,1546.0,Townhouse
Alberta,edmonton-ab,599900.0,4.0,3.0,2286.0,House
Alberta,edmonton-ab,339900.0,2.0,2.0,746.0,Apt/Condo
Alberta,edmonton-ab,199000.0,3.0,2.0,964.0,Townhouse
Alberta,edmonton-ab,499000.0,3.0,4.0,1833.0,Duplex
Alberta,edmonton-ab,229900.0,2.0,2.0,830.0,Apt/Condo
Alberta,edmonton-ab,69900.0,1.0,1.0,607.0,Apt/Condo
Alberta,edmonton-ab,99999.0,1.0,1.0,582.0,Apt/Condo
Alberta,edmonton-ab,449900.0,6.0,3.0,1056.0,House
Alberta,edmonton-ab,279000.0,2.0,1.0,834.0,Townhouse
Alberta,edmonton-ab,878000.0,4.0,3.0,2396.0,House
Alberta,edmonton-ab,559900.0,3.0,3.0,1770.0,House
Alberta,edmonton-ab,639900.0,4.0,3.0,2180.0,House
Alberta,edmonton-ab,680000.0,4.0,3.0,2354.0,House
Alberta,edmonton-ab,585000.0,4.0,3.0,2052.0,House
Alberta,edmonton-ab,699800.0,3.0,3.0,2805.0,House
Alberta,edmonton-ab,207000.0,3.0,2.0,1072.0,Townhouse
Alberta,edmonton-ab,125999.0,2.0,1.0,862.0,Apt/Condo
Alberta,edmonton-ab,748800.0,5.0,3.0,2508.0,
Alberta,edmonton-ab,224800.0,3.0,2.0,1083.0,
Alberta,edmonton-ab,978000.0,5.0,4.0,3752.0,
Alberta,edmonton-ab,392800.0,3.0,3.0,1373.0,Townhouse
Alberta,edmonton-ab,30000.0,0.0,0.0,,Parking Spot
Alberta,edmonton-ab,628000.0,5.0,4.0,1829.0,House
Alberta,edmonton-ab,524900.0,3.0,3.0,1625.0,House
Alberta,edmonton-ab,279900.0,2.0,2.0,793.0,Apt/Condo
Alberta,edmonton-ab,349900.0,3.0,3.0,1466.0,Townhouse
Alberta,edmonton-ab,289900.0,2.0,2.0,848.0,Apt/Condo
Alberta,edmonton-ab,400000.0,3.0,3.0,1314.0,Apt/Condo
Alberta,edmonton-ab,568800.0,5.0,3.0,1952.0,House
Alberta,edmonton-ab,469000.0,4.0,3.0,1436.0,House
Alberta,edmonton-ab,748900.0,5.0,3.0,2464.0,House
Alberta,edmonton-ab,180000.0,1.0,1.0,769.0,Apt/Condo
Alberta,edmonton-ab,259000.0,3.0,2.0,1168.0,Townhouse
Alberta,edmonton-ab,729900.0,5.0,3.0,2454.0,House
Alberta,edmonton-ab,534998.0,3.0,3.0,1818.0,House
Alberta,edmonton-ab,564800.0,3.0,3.0,2072.0,House
Alberta,edmonton-ab,549900.0,5.0,2.0,1052.0,House
Alberta,edmonton-ab,114999.0,2.0,1.0,958.0,Apt/Condo
Alberta,edmonton-ab,30000.0,0.0,0.0,,Parking Spot
Alberta,edmonton-ab,454900.0,3.0,3.0,1603.0,Duplex
Alberta,edmonton-ab,748800.0,5.0,3.0,2508.0,
Alberta,edmonton-ab,224800.0,3.0,2.0,1083.0,
Alberta,edmonton-ab,978000.0,5.0,4.0,3752.0,
Alberta,edmonton-ab,499800.0,3.0,3.0,1426.0,House
Alberta,edmonton-ab,449000.0,5.0,3.0,1245.0,House
Alberta,edmonton-ab,218800.0,2.0,1.0,849.0,Apt/Condo
Alberta,edmonton-ab,498645.0,3.0,3.0,1775.0,House
Alberta,edmonton-ab,208000.0,2.0,2.0,847.0,Apt/Condo
Alberta,edmonton-ab,575000.0,4.0,3.0,2080.0,House
Alberta,edmonton-ab,415000.0,3.0,3.0,1717.0,Duplex
Alberta,edmonton-ab,472395.0,4.0,3.0,1647.0,House
Alberta,edmonton-ab,129900.0,2.0,2.0,1056.0,Apt/Condo
Alberta,edmonton-ab,584888.0,5.0,4.0,1808.0,Duplex
Alberta,edmonton-ab,249900.0,3.0,2.0,1011.0,Townhouse
Alberta,edmonton-ab,480000.0,4.0,3.0,1418.0,House
Alberta,edmonton-ab,472395.0,3.0,3.0,1647.0,House
Alberta,edmonton-ab,309900.0,3.0,2.0,1083.0,House
Alberta,edmonton-ab,749900.0,3.0,3.0,2086.0,House
Alberta,edmonton-ab,439555.0,3.0,3.0,1580.0,House
Alberta,edmonton-ab,225000.0,3.0,2.0,1050.0,Townhouse
Alberta,edmonton-ab,215000.0,3.0,2.0,1080.0,Townhouse
Alberta,edmonton-ab,519900.0,4.0,3.0,2010.0,House
Alberta,edmonton-ab,499271.0,3.0,3.0,1606.0,Duplex
Alberta,edmonton-ab,748800.0,5.0,3.0,2508.0,
Alberta,edmonton-ab,224800.0,3.0,2.0,1083.0,
Alberta,edmonton-ab,978000.0,5.0,4.0,3752.0,
Alberta,edmonton-ab,503996.0,3.0,3.0,1607.0,Duplex
Alberta,edmonton-ab,469000.0,3.0,1.0,956.0,House
Alberta,edmonton-ab,522919.0,3.0,3.0,1428.0,House
Alberta,edmonton-ab,499271.0,3.0,3.0,1606.0,Duplex
Alberta,edmonton-ab,503996.0,3.0,3.0,1607.0,Duplex
Alberta,edmonton-ab,475000.0,3.0,2.0,956.0,House
Alberta,edmonton-ab,188000.0,2.0,2.0,946.0,Apt/Condo
Alberta,edmonton-ab,439663.0,3.0,3.0,1428.0,House
Alberta,edmonton-ab,587997.0,3.0,3.0,1661.0,House
Alberta,edmonton-ab,673949.0,4.0,3.0,1908.0,House
Alberta,edmonton-ab,460000.0,4.0,4.0,1905.0,House
Alberta,edmonton-ab,250000.0,2.0,2.0,889.0,House
Alberta,edmonton-ab,587997.0,3.0,3.0,1661.0,House
Alberta,edmonton-ab,308800.0,3.0,2.0,1393.0,Townhouse
Alberta,edmonton-ab,225000.0,2.0,2.0,974.0,Apt/Condo
Alberta,edmonton-ab,673949.0,4.0,3.0,1908.0,House
Alberta,edmonton-ab,449900.0,5.0,2.0,996.0,House
Alberta,edmonton-ab,509119.0,3.0,3.0,1748.0,House
Alberta,edmonton-ab,749999.0,4.0,3.0,1521.0,House
Alberta,edmonton-ab,768000.0,5.0,4.0,2454.0,House
Alberta,edmonton-ab,748800.0,5.0,3.0,2508.0,
Alberta,edmonton-ab,224800.0,3.0,2.0,1083.0,
Alberta,edmonton-ab,978000.0,5.0,4.0,3752.0,
Alberta,edmonton-ab,329900.0,2.0,2.0,840.0,Apt/Condo
Alberta,edmonton-ab,354918.0,2.0,2.0,1059.0,Apt/Condo
Alberta,edmonton-ab,449000.0,3.0,2.0,1380.0,House
Alberta,edmonton-ab,709000.0,3.0,3.0,2450.0,House
Alberta,edmonton-ab,649947.0,3.0,3.0,2153.0,House
Alberta,edmonton-ab,299989.0,2.0,1.0,880.0,House
Alberta,edmonton-ab,814900.0,2.0,2.0,1601.0,Apt/Condo
Alberta,edmonton-ab,389587.0,3.0,3.0,1288.0,Duplex
Alberta,edmonton-ab,389578.0,3.0,3.0,1288.0,Duplex
Alberta,edmonton-ab,383456.0,3.0,3.0,1288.0,Duplex
Alberta,edmonton-ab,829900.0,4.0,4.0,2600.0,House
Alberta,edmonton-ab,399900.0,3.0,3.0,1432.0,Townhouse
Alberta,edmonton-ab,565000.0,5.0,4.0,1708.0,House
Alberta,edmonton-ab,488487.0,3.0,3.0,1733.0,Duplex
Alberta,edmonton-ab,649497.0,4.0,3.0,2153.0,House
Alberta,edmonton-ab,146500.0,1.0,1.0,608.0,Apt/Condo
Alberta,edmonton-ab,649497.0,4.0,3.0,2153.0,House
Alberta,edmonton-ab,934900.0,5.0,4.0,3163.0,House
Alberta,edmonton-ab,725000.0,4.0,3.0,1380.0,House
Alberta,edmonton-ab,809000.0,4.0,4.0,1708.0,House
Alberta,edmonton-ab,748800.0,5.0,3.0,2508.0,
Alberta,edmonton-ab,224800.0,3.0,2.0,1083.0,
Alberta,edmonton-ab,978000.0,5.0,4.0,3752.0,
Alberta,edmonton-ab,279999.0,2.0,3.0,1000.0,Townhouse
Alberta,edmonton-ab,725000.0,4.0,3.0,1380.0,House
Alberta,edmonton-ab,809000.0,4.0,4.0,1708.0,House
Alberta,edmonton-ab,495000.0,3.0,3.0,1621.0,House
Alberta,edmonton-ab,419888.0,3.0,3.0,1457.0,Duplex
Alberta,edmonton-ab,239000.0,2.0,2.0,1534.0,Apt/Condo
Alberta,edmonton-ab,129000.0,2.0,1.0,772.0,Apt/Condo
Alberta,edmonton-ab,314698.0,0.0,0.0,,Land/Lot
Alberta,edmonton-ab,559900.0,3.0,3.0,2022.0,House
Alberta,edmonton-ab,799000.0,5.0,4.0,2442.0,House
Alberta,edmonton-ab,279900.0,2.0,2.0,864.0,Apt/Condo
Alberta,edmonton-ab,344988.0,4.0,4.0,1561.0,Townhouse
Alberta,edmonton-ab,338888.0,4.0,2.0,1033.0,House
Alberta,edmonton-ab,999000.0,3.0,3.0,2404.0,House
Alberta,edmonton-ab,499800.0,5.0,3.0,1109.0,House
Alberta,edmonton-ab,849900.0,5.0,3.0,2236.0,House
Alberta,edmonton-ab,549900.0,1.0,2.0,1195.0,Apt/Condo
Alberta,edmonton-ab,684900.0,4.0,3.0,2152.0,House
Alberta,edmonton-ab,899900.0,5.0,2.0,1546.0,House
Alberta,edmonton-ab,954000.0,4.0,3.0,2551.0,House
Alberta,edmonton-ab,748800.0,5.0,3.0,2508.0,
Alberta,edmonton-ab,224800.0,3.0,2.0,1083.0,
Alberta,edmonton-ab,978000.0,5.0,4.0,3752.0,
Alberta,edmonton-ab,174888.0,2.0,2.0,764.0,Apt/Condo
Alberta,edmonton-ab,499900.0,6.0,3.0,1162.0,House
Alberta,edmonton-ab,949702.0,2.0,3.0,1549.0,Apt/Condo
Alberta,edmonton-ab,224500.0,3.0,2.0,1127.0,Townhouse
Alberta,edmonton-ab,339900.0,3.0,3.0,1235.0,Townhouse
Alberta,edmonton-ab,240000.0,2.0,2.0,1175.0,Apt/Condo
Alberta,edmonton-ab,425000.0,2.0,2.0,1313.0,House
Alberta,edmonton-ab,375000.0,3.0,2.0,760.0,House
Alberta,edmonton-ab,322000.0,3.0,2.0,1104.0,Townhouse
Alberta,edmonton-ab,189999.0,3.0,3.0,1182.0,Apt/Condo
Alberta,edmonton-ab,314900.0,2.0,2.0,1138.0,Apt/Condo
Alberta,edmonton-ab,724900.0,3.0,3.0,1718.0,House
Alberta,edmonton-ab,499000.0,4.0,4.0,1214.0,House
Alberta,edmonton-ab,545000.0,4.0,3.0,1736.0,House
Alberta,edmonton-ab,420000.0,4.0,3.0,1389.0,Townhouse
Alberta,edmonton-ab,298888.0,0.0,0.0,,Land/Lot
Alberta,edmonton-ab,445000.0,4.0,3.0,1231.0,House
Alberta,edmonton-ab,519900.0,4.0,2.0,1020.0,House
Alberta,edmonton-ab,544500.0,3.0,3.0,1944.0,House
Alberta,edmonton-ab,219900.0,2.0,2.0,1056.0,Apt/Condo
Alberta,edmonton-ab,748800.0,5.0,3.0,2508.0,
Alberta,edmonton-ab,224800.0,3.0,2.0,1083.0,
Alberta,edmonton-ab,978000.0,5.0,4.0,3752.0,
Alberta,edmonton-ab,775000.0,4.0,4.0,2594.0,House
Alberta,edmonton-ab,399999.0,4.0,2.0,1043.0,House
Alberta,edmonton-ab,514997.0,3.0,3.0,1605.0,Duplex
Alberta,edmonton-ab,493497.0,3.0,3.0,1668.0,House
Alberta,edmonton-ab,493497.0,3.0,3.0,1668.0,House
Alberta,edmonton-ab,543782.0,3.0,3.0,1668.0,House
Alberta,edmonton-ab,549900.0,4.0,4.0,1891.0,House
Alberta,edmonton-ab,495247.0,3.0,3.0,1383.0,House
Alberta,edmonton-ab,714900.0,2.0,2.0,1875.0,House
Alberta,edmonton-ab,484888.0,4.0,4.0,1593.0,Duplex
Alberta,edmonton-ab,493497.0,3.0,3.0,1660.0,House
Alberta,edmonton-ab,599900.0,4.0,4.0,1841.0,House
Alberta,edmonton-ab,459900.0,3.0,2.0,1372.0,House
Alberta,edmonton-ab,349900.0,1.0,2.0,1312.0,Townhouse
Alberta,edmonton-ab,187900.0,1.0,1.0,661.0,Apt/Condo
Alberta,edmonton-ab,85000.0,1.0,1.0,583.0,Apt/Condo
Alberta,edmonton-ab,999000.0,2.0,3.0,2325.0,Apt/Condo
Alberta,edmonton-ab,229900.0,3.0,2.0,857.0,Townhouse
Alberta,edmonton-ab,514900.0,3.0,3.0,1820.0,Duplex
Alberta,edmonton-ab,534999.0,5.0,3.0,1312.0,House
Alberta,edmonton-ab,748800.0,5.0,3.0,2508.0,
Alberta,edmonton-ab,224800.0,3.0,2.0,1083.0,
Alberta,edmonton-ab,978000.0,5.0,4.0,3752.0,
Alberta,edmonton-ab,260099.0,3.0,3.0,1104.0,Townhouse
Alberta,edmonton-ab,299999.0,2.0,3.0,1212.0,Townhouse
Alberta,edmonton-ab,460000.0,3.0,3.0,1704.0,Duplex
Alberta,edmonton-ab,104900.0,2.0,1.0,936.0,Apt/Condo
Alberta,edmonton-ab,979000.0,5.0,4.0,2863.0,House
Alberta,edmonton-ab,529900.0,3.0,3.0,1616.0,Duplex
Alberta,edmonton-ab,719900.0,5.0,3.0,2197.0,House
Alberta,edmonton-ab,169800.0,2.0,1.0,732.0,Apt/Condo
Alberta,edmonton-ab,474000.0,3.0,4.0,1519.0,Duplex
Alberta,edmonton-ab,755900.0,5.0,4.0,2731.0,House
Alberta,edmonton-ab,699900.0,3.0,3.0,2396.0,House
Alberta,edmonton-ab,634998.0,5.0,4.0,1755.0,House
Alberta,edmonton-ab,1029000.0,3.0,3.0,2627.0,House
Alberta,edmonton-ab,755900.0,5.0,4.0,2747.0,House
Alberta,edmonton-ab,559900.0,4.0,3.0,1961.0,House
Alberta,edmonton-ab,156800.0,2.0,1.0,664.0,Apt/Condo
Alberta,edmonton-ab,555555.0,4.0,3.0,1787.0,Duplex
Alberta,edmonton-ab,659900.0,5.0,4.0,2046.0,House
Alberta,edmonton-ab,339000.0,2.0,3.0,1498.0,Townhouse
Alberta,edmonton-ab,499900.0,4.0,4.0,1681.0,House
Alberta,edmonton-ab,748800.0,5.0,3.0,2508.0,
Alberta,edmonton-ab,224800.0,3.0,2.0,1083.0,
Alberta,edmonton-ab,978000.0,5.0,4.0,3752.0,
Alberta,edmonton-ab,699900.0,3.0,3.0,2396.0,House
Alberta,edmonton-ab,1029000.0,3.0,3.0,2627.0,House
Alberta,edmonton-ab,755900.0,5.0,4.0,2747.0,House
Alberta,edmonton-ab,529900.0,3.0,3.0,1822.0,House
Alberta,edmonton-ab,489900.0,2.0,2.0,1254.0,Apt/Condo
Alberta,edmonton-ab,214800.0,1.0,1.0,766.0,Apt/Condo
Alberta,edmonton-ab,252800.0,2.0,2.0,823.0,Apt/Condo
Alberta,edmonton-ab,749900.0,4.0,4.0,2680.0,House
Alberta,edmonton-ab,129900.0,2.0,1.0,671.0,Apt/Condo
Alberta,edmonton-ab,454000.0,5.0,3.0,1017.0,House
Alberta,edmonton-ab,729000.0,5.0,5.0,2024.0,Apt/Condo
Alberta,edmonton-ab,480000.0,4.0,4.0,1341.0,House
Alberta,edmonton-ab,349900.0,4.0,4.0,1524.0,Townhouse
Alberta,edmonton-ab,262800.0,2.0,2.0,820.0,Apt/Condo
Alberta,edmonton-ab,329888.0,4.0,2.0,993.0,House
Alberta,edmonton-ab,157000.0,1.0,1.0,637.0,Apt/Condo
Alberta,edmonton-ab,214900.0,3.0,2.0,713.0,Townhouse
Alberta,edmonton-ab,459000.0,3.0,3.0,1313.0,House
Alberta,edmonton-ab,939000.0,8.0,6.0,2361.0,House
Alberta,edmonton-ab,774900.0,4.0,3.0,2282.0,House
Alberta,edmonton-ab,748800.0,5.0,3.0,2508.0,
Alberta,edmonton-ab,224800.0,3.0,2.0,1083.0,
Alberta,edmonton-ab,978000.0,5.0,4.0,3752.0,
Alberta,edmonton-ab,759900.0,5.0,3.0,2200.0,House
Alberta,edmonton-ab,419900.0,3.0,3.0,1345.0,Duplex
Alberta,edmonton-ab,80000.0,3.0,1.0,1074.0,House
Alberta,edmonton-ab,949999.0,5.0,4.0,3236.0,House
Alberta,edmonton-ab,384000.0,4.0,2.0,1880.0,House
Alberta,edmonton-ab,379888.0,4.0,3.0,1023.0,House
Alberta,edmonton-ab,227900.0,2.0,2.0,905.0,Townhouse
Alberta,edmonton-ab,129500.0,1.0,1.0,637.0,Apt/Condo
Alberta,edmonton-ab,309000.0,3.0,2.0,1131.0,Townhouse
Alberta,edmonton-ab,198900.0,2.0,2.0,854.0,Apt/Condo
Alberta,edmonton-ab,359900.0,3.0,3.0,1143.0,Duplex
Alberta,edmonton-ab,229900.0,2.0,1.0,810.0,Apt/Condo
Alberta,edmonton-ab,259800.0,1.0,1.0,868.0,Apt/Condo
Alberta,edmonton-ab,194000.0,1.0,1.0,618.0,Apt/Condo
Alberta,edmonton-ab,229000.0,2.0,2.0,1070.0,Apt/Condo
Alberta,edmonton-ab,1299000.0,5.0,5.0,3252.0,House
Alberta,edmonton-ab,225000.0,1.0,1.0,607.0,Apt/Condo
Alberta,edmonton-ab,499900.0,5.0,4.0,1622.0,House
Alberta,edmonton-ab,409900.0,3.0,3.0,1333.0,Duplex
Alberta,edmonton-ab,199900.0,2.0,2.0,864.0,Apt/Condo
Alberta,edmonton-ab,748800.0,5.0,3.0,2508.0,
Alberta,edmonton-ab,224800.0,3.0,2.0,1083.0,
Alberta,edmonton-ab,978000.0,5.0,4.0,3752.0,
Alberta,edmonton-ab,564900.0,3.0,3.0,1556.0,House
Alberta,edmonton-ab,1095000.0,5.0,5.0,2217.0,House
Alberta,edmonton-ab,529900.0,3.0,3.0,1797.0,House
Alberta,edmonton-ab,585000.0,5.0,4.0,2113.0,House
Alberta,edmonton-ab,400000.0,3.0,3.0,1341.0,Duplex
Alberta,edmonton-ab,169998.0,1.0,1.0,565.0,Apt/Condo
Alberta,edmonton-ab,369998.0,2.0,3.0,1098.0,Townhouse
Alberta,edmonton-ab,454998.0,3.0,3.0,1376.0,House
Alberta,edmonton-ab,449998.0,1.0,2.0,902.0,Apt/Condo
Alberta,edmonton-ab,394900.0,3.0,1.0,801.0,House
Alberta,edmonton-ab,199900.0,1.0,1.0,830.0,Apt/Condo
Alberta,edmonton-ab,173000.0,2.0,2.0,855.0,Apt/Condo
Alberta,edmonton-ab,175000.0,1.0,1.0,593.0,Apt/Condo
Alberta,edmonton-ab,425000.0,5.0,3.0,1407.0,Duplex
Alberta,edmonton-ab,198000.0,2.0,2.0,879.0,Apt/Condo
Alberta,edmonton-ab,150000.0,2.0,2.0,784.0,Apt/Condo
Alberta,edmonton-ab,615000.0,6.0,4.0,1935.0,Duplex
Alberta,edmonton-ab,419995.0,4.0,3.0,1175.0,House
Alberta,edmonton-ab,134900.0,1.0,1.0,612.0,Apt/Condo
Alberta,edmonton-ab,549000.0,4.0,4.0,1766.0,House
Alberta,edmonton-ab,748800.0,5.0,3.0,2508.0,
Alberta,edmonton-ab,224800.0,3.0,2.0,1083.0,
Alberta,edmonton-ab,978000.0,5.0,4.0,3752.0,
Alberta,edmonton-ab,774999.0,4.0,4.0,2756.0,House
Alberta,edmonton-ab,350000.0,2.0,3.0,1391.0,Duplex
Alberta,edmonton-ab,414555.0,4.0,2.0,989.0,House
Alberta,edmonton-ab,619888.0,4.0,3.0,2278.0,House
Alberta,edmonton-ab,554400.0,3.0,3.0,1725.0,House
Alberta,edmonton-ab,569888.0,3.0,3.0,1855.0,House
Alberta,edmonton-ab,327500.0,3.0,3.0,1419.0,Townhouse
Alberta,edmonton-ab,474000.0,3.0,3.0,1405.0,House
Alberta,edmonton-ab,599000.0,3.0,3.0,1906.0,House
Alberta,edmonton-ab,425000.0,4.0,2.0,1087.0,House
Alberta,edmonton-ab,449900.0,4.0,4.0,1431.0,Duplex
Alberta,edmonton-ab,689000.0,5.0,3.0,2227.0,House
Alberta,edmonton-ab,189900.0,3.0,2.0,1049.0,Townhouse
Alberta,edmonton-ab,382000.0,3.0,3.0,1226.0,Duplex
Alberta,edmonton-ab,725000.0,5.0,3.0,1549.0,House
Alberta,edmonton-ab,699000.0,3.0,3.0,2366.0,House
Alberta,edmonton-ab,469900.0,5.0,3.0,1120.0,House
Alberta,edmonton-ab,169900.0,1.0,1.0,770.0,Apt/Condo
Alberta,edmonton-ab,158500.0,3.0,2.0,1380.0,House
Alberta,edmonton-ab,194900.0,2.0,2.0,1125.0,Apt/Condo
Alberta,edmonton-ab,748800.0,5.0,3.0,2508.0,
Alberta,edmonton-ab,224800.0,3.0,2.0,1083.0,
Alberta,edmonton-ab,978000.0,5.0,4.0,3752.0,
Alberta,edmonton-ab,174999.0,3.0,1.0,996.0,Townhouse
Alberta,edmonton-ab,439000.0,4.0,4.0,1506.0,Duplex
Alberta,edmonton-ab,275000.0,3.0,2.0,757.0,House
Alberta,edmonton-ab,679900.0,5.0,3.0,1389.0,House
Alberta,edmonton-ab,624900.0,4.0,4.0,1964.0,House
Alberta,edmonton-ab,269900.0,3.0,2.0,940.0,Apt/Condo
Alberta,edmonton-ab,549900.0,3.0,3.0,1961.0,House
Alberta,edmonton-ab,178000.0,1.0,1.0,707.0,Apt/Condo
Alberta,edmonton-ab,559900.0,3.0,3.0,1697.0,House
Alberta,edmonton-ab,200000.0,0.0,0.0,,Land/Lot
Alberta,edmonton-ab,200000.0,0.0,0.0,,Land/Lot
Alberta,edmonton-ab,598395.0,3.0,3.0,2048.0,House
Alberta,edmonton-ab,179800.0,3.0,2.0,1163.0,Apt/Condo
Alberta,edmonton-ab,205000.0,2.0,2.0,753.0,Apt/Condo
Alberta,edmonton-ab,449900.0,4.0,3.0,1385.0,House
Alberta,edmonton-ab,199900.0,3.0,2.0,1145.0,Townhouse
Alberta,edmonton-ab,228000.0,2.0,2.0,957.0,Apt/Condo
Alberta,edmonton-ab,132500.0,2.0,1.0,952.0,Apt/Condo
Alberta,edmonton-ab,1050000.0,10.0,7.0,4316.0,Fourplex
Alberta,edmonton-ab,168000.0,0.0,0.0,,Land/Lot
Alberta,edmonton-ab,748800.0,5.0,3.0,2508.0,
Alberta,edmonton-ab,224800.0,3.0,2.0,1083.0,
Alberta,edmonton-ab,978000.0,5.0,4.0,3752.0,
Alberta,lethbridge-ab,450000.0,3.0,2.0,1030.0,House
Alberta,lethbridge-ab,575000.0,4.0,3.0,1274.0,House
Alberta,lethbridge-ab,950000.0,5.0,4.0,1948.0,House
Alberta,lethbridge-ab,370000.0,2.0,3.0,988.0,Townhouse
Alberta,lethbridge-ab,509900.0,6.0,3.0,1415.0,House
Alberta,lethbridge-ab,419900.0,5.0,3.0,1160.0,House
Alberta,lethbridge-ab,189900.0,0.0,,,Land/Lot
Alberta,lethbridge-ab,280000.0,4.0,2.0,625.0,House
Alberta,lethbridge-ab,525000.0,5.0,4.0,1290.0,House
Alberta,lethbridge-ab,649900.0,5.0,4.0,2594.0,House
Alberta,lethbridge-ab,334900.0,4.0,2.0,1060.0,House
Alberta,lethbridge-ab,369000.0,3.0,3.0,1643.0,Townhouse
Alberta,lethbridge-ab,215000.0,2.0,1.0,462.0,Townhouse
Alberta,lethbridge-ab,419900.0,3.0,3.0,1100.0,Duplex
Alberta,lethbridge-ab,220000.0,2.0,1.0,805.0,Apt/Condo
Alberta,lethbridge-ab,499000.0,3.0,3.0,1541.0,House
Alberta,lethbridge-ab,409000.0,4.0,3.0,1011.0,House
Alberta,lethbridge-ab,625000.0,6.0,3.0,1754.0,House
Alberta,lethbridge-ab,245000.0,1.0,1.0,750.0,Apt/Condo
Alberta,lethbridge-ab,120000.0,0.0,,,Land/Lot
Alberta,lethbridge-ab,450000.0,3.0,3.0,1717.0,House
Alberta,lethbridge-ab,1450000.0,5.0,5.0,2623.0,House
Alberta,lethbridge-ab,429900.0,3.0,3.0,1243.0,Duplex
Alberta,lethbridge-ab,429000.0,3.0,2.0,1303.0,House
Alberta,lethbridge-ab,419900.0,3.0,3.0,1100.0,Duplex
Alberta,lethbridge-ab,425000.0,3.0,3.0,1338.0,House
Alberta,lethbridge-ab,500000.0,5.0,3.0,1200.0,House
Alberta,lethbridge-ab,369999.0,3.0,2.0,907.0,House
Alberta,lethbridge-ab,565000.0,1.0,2.0,1105.0,House
Alberta,lethbridge-ab,499900.0,3.0,3.0,1406.0,House
Alberta,lethbridge-ab,445900.0,4.0,3.0,1119.0,House
Alberta,lethbridge-ab,364900.0,4.0,3.0,883.0,House
Alberta,lethbridge-ab,359000.0,4.0,2.0,1010.0,House
Alberta,lethbridge-ab,489000.0,4.0,3.0,1224.0,House
Alberta,lethbridge-ab,740000.0,4.0,3.0,1556.0,House
Alberta,lethbridge-ab,215000.0,0.0,,,Land/Lot
Alberta,lethbridge-ab,429900.0,3.0,2.0,960.0,House
Alberta,lethbridge-ab,584900.0,3.0,3.0,1860.0,House
Alberta,lethbridge-ab,409900.0,4.0,4.0,1135.0,Duplex
Alberta,lethbridge-ab,215000.0,0.0,,,Land/Lot
Alberta,lethbridge-ab,300000.0,2.0,1.0,871.0,House
Alberta,lethbridge-ab,705000.0,4.0,3.0,1738.0,House
Alberta,lethbridge-ab,390000.0,3.0,2.0,932.0,House
Alberta,lethbridge-ab,619900.0,5.0,3.0,1531.0,House
Alberta,lethbridge-ab,565000.0,5.0,4.0,1628.0,House
Alberta,lethbridge-ab,229900.0,3.0,2.0,1216.0,Mfd/Mobile Home
Alberta,lethbridge-ab,1790000.0,5.0,5.0,4231.0,House
Alberta,lethbridge-ab,438000.0,4.0,2.0,916.0,House
Alberta,lethbridge-ab,299000.0,3.0,2.0,739.0,Townhouse
Alberta,lethbridge-ab,589000.0,4.0,4.0,1777.0,House
Alberta,lethbridge-ab,495000.0,5.0,3.0,1362.0,House
Alberta,lethbridge-ab,760000.0,3.0,3.0,2208.0,House
Alberta,lethbridge-ab,524300.0,4.0,3.0,1688.0,House
Alberta,lethbridge-ab,395000.0,1.0,1.0,1592.0,House
Alberta,lethbridge-ab,569000.0,4.0,4.0,1823.0,House
Alberta,lethbridge-ab,339000.0,3.0,1.0,997.0,House
Alberta,lethbridge-ab,419900.0,4.0,4.0,1198.0,Duplex
Alberta,lethbridge-ab,449900.0,2.0,2.0,808.0,House
Alberta,lethbridge-ab,315000.0,2.0,2.0,1520.0,Mfd/Mobile Home
Alberta,lethbridge-ab,500000.0,6.0,2.0,1735.0,House
Alberta,lethbridge-ab,240000.0,3.0,2.0,1216.0,Mfd/Mobile Home
Alberta,lethbridge-ab,515000.0,3.0,3.0,1374.0,House
Alberta,lethbridge-ab,649900.0,4.0,3.0,1806.0,House
Alberta,lethbridge-ab,579900.0,3.0,3.0,1797.0,House
Alberta,lethbridge-ab,469900.0,6.0,4.0,2756.0,Duplex
Alberta,lethbridge-ab,439900.0,3.0,2.0,637.0,Townhouse
Alberta,lethbridge-ab,295000.0,3.0,1.0,1201.0,House
Alberta,lethbridge-ab,435000.0,4.0,2.0,1622.0,House
Alberta,lethbridge-ab,535000.0,5.0,3.0,1475.0,House
Alberta,lethbridge-ab,325000.0,3.0,1.0,974.0,Duplex
Alberta,lethbridge-ab,144999.0,1.0,1.0,531.0,Apt/Condo
Alberta,lethbridge-ab,364500.0,2.0,2.0,1010.0,Apt/Condo
Alberta,lethbridge-ab,489900.0,4.0,4.0,1448.0,House
Alberta,lethbridge-ab,259900.0,2.0,2.0,1152.0,Mfd/Mobile Home
Alberta,lethbridge-ab,275000.0,3.0,1.0,653.0,Duplex
Alberta,lethbridge-ab,317000.0,4.0,2.0,687.0,Townhouse
Alberta,lethbridge-ab,349900.0,3.0,2.0,766.0,House
Alberta,lethbridge-ab,479900.0,3.0,3.0,1307.0,House
Alberta,lethbridge-ab,229900.0,3.0,2.0,945.0,Townhouse
Alberta,lethbridge-ab,109000.0,3.0,1.0,966.0,Mfd/Mobile Home
Alberta,lethbridge-ab,390000.0,4.0,2.0,952.0,House
Alberta,lethbridge-ab,719000.0,5.0,3.0,1892.0,House
Alberta,lethbridge-ab,600000.0,0.0,,,Land/Lot
Alberta,lethbridge-ab,339900.0,4.0,2.0,932.0,House
Alberta,lethbridge-ab,439000.0,4.0,4.0,1169.0,House
Alberta,lethbridge-ab,369900.0,3.0,2.0,1003.0,House
Alberta,lethbridge-ab,545000.0,4.0,3.0,1204.0,House
Alberta,lethbridge-ab,439900.0,4.0,3.0,1057.0,House
Alberta,lethbridge-ab,334900.0,2.0,2.0,616.0,Townhouse
Alberta,lethbridge-ab,448500.0,4.0,3.0,1262.0,House
Alberta,lethbridge-ab,625000.0,4.0,3.0,1304.0,House
Alberta,lethbridge-ab,309900.0,3.0,3.0,997.0,Duplex
Alberta,lethbridge-ab,465000.0,4.0,3.0,1235.0,House
Alberta,lethbridge-ab,490000.0,4.0,2.0,2434.0,House
Alberta,lethbridge-ab,629900.0,5.0,3.0,1666.0,House
Alberta,lethbridge-ab,895000.0,6.0,3.0,2568.0,House
Alberta,lethbridge-ab,445000.0,4.0,3.0,1050.0,House
Alberta,lethbridge-ab,305000.0,3.0,4.0,968.0,Townhouse
Alberta,lethbridge-ab,350000.0,4.0,2.0,847.0,House
Alberta,lethbridge-ab,589900.0,3.0,3.0,1753.0,House
Alberta,lethbridge-ab,459900.0,3.0,4.0,1718.0,House
Alberta,lethbridge-ab,369900.0,4.0,2.0,1521.0,House
Alberta,lethbridge-ab,1150000.0,5.0,3.0,2034.0,House
Alberta,lethbridge-ab,649890.0,7.0,4.0,2356.0,House
Alberta,lethbridge-ab,420000.0,4.0,2.0,1390.0,House
Alberta,lethbridge-ab,400000.0,2.0,3.0,982.0,Townhouse
Alberta,lethbridge-ab,840000.0,5.0,5.0,3631.0,House
Alberta,lethbridge-ab,684900.0,3.0,3.0,2101.0,House
Alberta,lethbridge-ab,250000.0,3.0,1.0,1049.0,House
Alberta,lethbridge-ab,749900.0,3.0,3.0,2582.0,House
Alberta,lethbridge-ab,279900.0,2.0,1.0,931.0,House
Alberta,lethbridge-ab,339900.0,4.0,4.0,1223.0,Townhouse
Alberta,lethbridge-ab,505000.0,4.0,3.0,1035.0,House
Alberta,lethbridge-ab,334900.0,4.0,3.0,732.0,Duplex
Alberta,lethbridge-ab,425000.0,3.0,2.0,968.0,House
Alberta,lethbridge-ab,425000.0,3.0,2.0,1012.0,House
Alberta,lethbridge-ab,399000.0,4.0,3.0,1317.0,House
Alberta,lethbridge-ab,429900.0,5.0,3.0,1140.0,House
Alberta,lethbridge-ab,329900.0,2.0,2.0,1171.0,Apt/Condo
Alberta,lethbridge-ab,405000.0,2.0,3.0,922.0,Townhouse
Alberta,lethbridge-ab,1650000.0,5.0,3.0,2062.0,House
Alberta,lethbridge-ab,575000.0,3.0,3.0,1690.0,House
Alberta,lethbridge-ab,529000.0,5.0,4.0,1611.0,House
Alberta,lethbridge-ab,394900.0,4.0,2.0,878.0,House
Alberta,lethbridge-ab,499500.0,5.0,3.0,1204.0,House
Alberta,lethbridge-ab,549900.0,3.0,3.0,1671.0,House
Alberta,lethbridge-ab,244900.0,1.0,1.0,726.0,Apt/Condo
Alberta,lethbridge-ab,612900.0,4.0,3.0,1156.0,House
Alberta,lethbridge-ab,469000.0,5.0,3.0,1042.0,House
Alberta,lethbridge-ab,415000.0,4.0,4.0,1452.0,Duplex
Alberta,lethbridge-ab,619900.0,4.0,4.0,1648.0,House
Alberta,lethbridge-ab,530000.0,5.0,3.0,1034.0,House
Alberta,lethbridge-ab,419900.0,5.0,2.0,1119.0,House
Alberta,lethbridge-ab,720000.0,4.0,1.0,1843.0,House
Alberta,lethbridge-ab,525000.0,4.0,3.0,1801.0,House
Alberta,lethbridge-ab,427400.0,3.0,3.0,1393.0,House
Alberta,lethbridge-ab,354900.0,3.0,2.0,874.0,Townhouse
Alberta,lethbridge-ab,524900.0,4.0,3.0,1407.0,House
Alberta,lethbridge-ab,160000.0,0.0,,,Land/Lot
Alberta,lethbridge-ab,858000.0,3.0,3.0,1793.0,House
Alberta,lethbridge-ab,599900.0,5.0,4.0,1878.0,House
Alberta,lethbridge-ab,395000.0,3.0,2.0,919.0,House
Alberta,lethbridge-ab,239900.0,3.0,1.0,1510.0,House
Alberta,lethbridge-ab,1280000.0,5.0,4.0,2300.0,House
Alberta,lethbridge-ab,605000.0,4.0,4.0,1687.0,House
Alberta,lethbridge-ab,599900.0,4.0,3.0,1272.0,House
Alberta,lethbridge-ab,209900.0,2.0,1.0,1013.0,House
Alberta,lethbridge-ab,425000.0,3.0,2.0,1385.0,Townhouse
Alberta,lethbridge-ab,409900.0,3.0,2.0,1385.0,Townhouse
Alberta,lethbridge-ab,650000.0,6.0,3.0,1936.0,House
Alberta,lethbridge-ab,564500.0,4.0,3.0,2200.0,House
Alberta,lethbridge-ab,639999.0,4.0,3.0,1506.0,House
Alberta,lethbridge-ab,389900.0,3.0,2.0,637.0,Townhouse
Alberta,lethbridge-ab,319900.0,4.0,2.0,1425.0,House
Alberta,lethbridge-ab,975000.0,5.0,3.0,2160.0,House
Alberta,lethbridge-ab,385000.0,6.0,2.0,1083.0,House
Alberta,lethbridge-ab,1300000.0,5.0,3.0,1682.0,House
Alberta,lethbridge-ab,589900.0,6.0,3.0,1281.0,House
Alberta,lethbridge-ab,699900.0,3.0,3.0,2052.0,House
Alberta,lethbridge-ab,554900.0,4.0,3.0,1851.0,House
Alberta,lethbridge-ab,455000.0,3.0,3.0,1423.0,House
Alberta,lethbridge-ab,415000.0,3.0,3.0,1032.0,House
Alberta,lethbridge-ab,199000.0,2.0,1.0,684.0,House
Alberta,lethbridge-ab,530000.0,5.0,4.0,1598.0,House
Alberta,lethbridge-ab,429900.0,2.0,3.0,883.0,Townhouse
Alberta,lethbridge-ab,1299000.0,4.0,3.0,2710.0,House
Alberta,lethbridge-ab,634000.0,5.0,4.0,1500.0,House
Alberta,lethbridge-ab,582900.0,5.0,4.0,1235.0,House
Alberta,lethbridge-ab,534900.0,4.0,3.0,1287.0,House
Alberta,lethbridge-ab,400000.0,4.0,2.0,1034.0,House
Alberta,lethbridge-ab,475000.0,5.0,3.0,1069.0,House
Alberta,lethbridge-ab,499900.0,4.0,4.0,1619.0,House
Alberta,lethbridge-ab,659900.0,3.0,3.0,2013.0,House
Alberta,lethbridge-ab,465000.0,4.0,3.0,995.0,House
Alberta,lethbridge-ab,399000.0,3.0,2.0,935.0,House
Alberta,lethbridge-ab,599900.0,4.0,4.0,1771.0,House
Alberta,lethbridge-ab,682900.0,4.0,4.0,2819.0,House
Alberta,lethbridge-ab,199900.0,2.0,2.0,1012.0,Apt/Condo
Alberta,lethbridge-ab,449000.0,4.0,2.0,1204.0,House
Alberta,lethbridge-ab,649999.0,4.0,3.0,2926.0,House
Alberta,lethbridge-ab,575000.0,4.0,3.0,1474.0,House
Alberta,lethbridge-ab,509000.0,2.0,3.0,1797.0,House
Alberta,lethbridge-ab,664900.0,3.0,2.0,2115.0,House
Alberta,lethbridge-ab,419900.0,2.0,2.0,1033.0,House
Alberta,lethbridge-ab,525000.0,5.0,2.0,1191.0,House
Alberta,lethbridge-ab,187500.0,2.0,2.0,1094.0,Mfd/Mobile Home
Alberta,lethbridge-ab,584900.0,4.0,4.0,2087.0,House
Alberta,lethbridge-ab,244900.0,2.0,1.0,710.0,House
Alberta,lethbridge-ab,439900.0,3.0,2.0,939.0,House
Alberta,lethbridge-ab,1600000.0,6.0,4.0,2842.0,House
Alberta,lethbridge-ab,799000.0,5.0,2.0,1896.0,House
Alberta,lethbridge-ab,329900.0,4.0,2.0,964.0,House
Alberta,lethbridge-ab,589900.0,2.0,2.0,1232.0,House
Alberta,lethbridge-ab,429000.0,4.0,3.0,1498.0,House
Alberta,lethbridge-ab,930000.0,4.0,3.0,2433.0,House
Alberta,lethbridge-ab,269000.0,4.0,3.0,1040.0,Duplex
Alberta,lethbridge-ab,534900.0,4.0,3.0,1325.0,House
Alberta,lethbridge-ab,368400.0,4.0,2.0,834.0,House
Alberta,lethbridge-ab,539000.0,6.0,3.0,1380.0,House
Alberta,lethbridge-ab,379900.0,4.0,2.0,1172.0,House
Alberta,lethbridge-ab,698800.0,4.0,4.0,1916.0,House
Alberta,lethbridge-ab,599900.0,5.0,4.0,1430.0,House
Alberta,lethbridge-ab,684900.0,5.0,3.0,1876.0,House
Alberta,lethbridge-ab,395000.0,3.0,3.0,1358.0,Townhouse
Alberta,lethbridge-ab,339900.0,5.0,2.0,961.0,Duplex
Alberta,lethbridge-ab,129500.0,0.0,,,Land/Lot
Alberta,lethbridge-ab,745000.0,4.0,4.0,2523.0,House
Alberta,lethbridge-ab,529900.0,5.0,3.0,1327.0,House
Alberta,lethbridge-ab,775000.0,8.0,4.0,2316.0,Duplex
Alberta,lethbridge-ab,499900.0,3.0,3.0,1478.0,House
Alberta,lethbridge-ab,669900.0,3.0,3.0,2048.0,House
Alberta,lethbridge-ab,575000.0,3.0,3.0,1907.0,House
Alberta,lethbridge-ab,320000.0,3.0,2.0,840.0,House
Alberta,lethbridge-ab,419900.0,4.0,3.0,1200.0,House
Alberta,lethbridge-ab,399900.0,3.0,2.0,637.0,Townhouse
Alberta,lethbridge-ab,925000.0,4.0,3.0,1739.0,House
Alberta,lethbridge-ab,299900.0,1.0,1.0,1095.0,House
Alberta,lethbridge-ab,720000.0,4.0,4.0,2037.0,House
Alberta,lethbridge-ab,529999.0,3.0,3.0,1659.0,House
Alberta,lethbridge-ab,535000.0,3.0,3.0,1749.0,House
Alberta,lethbridge-ab,479900.0,2.0,3.0,1806.0,Apt/Condo
Alberta,lethbridge-ab,351900.0,2.0,2.0,900.0,House
Alberta,lethbridge-ab,399900.0,0.0,,,Land/Lot
Alberta,lethbridge-ab,425000.0,0.0,,,Land/Lot
Alberta,lethbridge-ab,399900.0,3.0,3.0,1739.0,Townhouse
Alberta,lethbridge-ab,695000.0,4.0,3.0,1552.0,House
Alberta,lethbridge-ab,564900.0,4.0,4.0,1725.0,House
Alberta,lethbridge-ab,789900.0,5.0,4.0,2907.0,House
Alberta,lethbridge-ab,639900.0,5.0,3.0,1711.0,House
Alberta,lethbridge-ab,739000.0,0.0,,1920.0,Fourplex
Alberta,lethbridge-ab,258500.0,3.0,2.0,1064.0,Townhouse
Alberta,lethbridge-ab,699900.0,6.0,4.0,2152.0,House
Alberta,lethbridge-ab,489900.0,4.0,3.0,1641.0,House
Alberta,lethbridge-ab,250000.0,0.0,,,Land/Lot
Alberta,lethbridge-ab,469900.0,3.0,3.0,1413.0,Duplex
Alberta,lethbridge-ab,579900.0,3.0,3.0,1843.0,House
Alberta,lethbridge-ab,849000.0,4.0,4.0,2054.0,House
Alberta,lethbridge-ab,589900.0,3.0,3.0,1811.0,House
Alberta,lethbridge-ab,364500.0,3.0,3.0,1046.0,Townhouse
Alberta,lethbridge-ab,1949900.0,4.0,4.0,3059.0,House
Alberta,lethbridge-ab,875000.0,5.0,4.0,2645.0,House
Alberta,lethbridge-ab,550000.0,5.0,3.0,1343.0,House
Alberta,lethbridge-ab,289000.0,3.0,2.0,748.0,House
Alberta,lethbridge-ab,1700000.0,0.0,,6258.0,Multifamily
Alberta,lethbridge-ab,599900.0,5.0,3.0,1392.0,House
Alberta,lethbridge-ab,509900.0,6.0,4.0,2246.0,House
Alberta,lethbridge-ab,440000.0,4.0,2.0,1016.0,House
Alberta,lethbridge-ab,275000.0,2.0,1.0,820.0,House
Alberta,lethbridge-ab,314900.0,2.0,2.0,937.0,Apt/Condo
Alberta,lethbridge-ab,455000.0,4.0,2.0,1012.0,House
Alberta,lethbridge-ab,379900.0,2.0,1.0,909.0,Duplex
Alberta,lethbridge-ab,469900.0,3.0,2.0,1421.0,Duplex
Alberta,lethbridge-ab,440000.0,4.0,3.0,1468.0,House
Alberta,lethbridge-ab,279900.0,2.0,1.0,803.0,House
Alberta,lethbridge-ab,397500.0,3.0,2.0,1177.0,House
Alberta,lethbridge-ab,639900.0,4.0,4.0,1923.0,House
Alberta,lethbridge-ab,498900.0,4.0,3.0,1547.0,House
Alberta,lethbridge-ab,225000.0,2.0,2.0,1000.0,Apt/Condo
Alberta,lethbridge-ab,344900.0,2.0,2.0,1023.0,Apt/Condo
Alberta,lethbridge-ab,499000.0,3.0,4.0,1347.0,House
Alberta,lethbridge-ab,399900.0,4.0,3.0,1174.0,House
Alberta,lethbridge-ab,425000.0,4.0,2.0,1292.0,House
Alberta,lethbridge-ab,569900.0,4.0,4.0,1133.0,House
Alberta,lethbridge-ab,639000.0,2.0,2.0,1114.0,Apt/Condo
Alberta,lethbridge-ab,229000.0,0.0,,,Land/Lot
Alberta,lethbridge-ab,525000.0,3.0,3.0,1587.0,House
Alberta,lethbridge-ab,319900.0,4.0,2.0,728.0,House
Alberta,lethbridge-ab,1399999.0,5.0,5.0,1994.0,House
Alberta,lethbridge-ab,584900.0,4.0,3.0,1094.0,House
Alberta,lethbridge-ab,428900.0,4.0,3.0,1068.0,House
Alberta,lethbridge-ab,548000.0,4.0,3.0,1212.0,House
Alberta,lethbridge-ab,539500.0,3.0,3.0,1711.0,House
Alberta,lethbridge-ab,419900.0,3.0,3.0,1226.0,Duplex
Alberta,lethbridge-ab,460000.0,4.0,3.0,1255.0,House
Alberta,lethbridge-ab,650000.0,4.0,4.0,2474.0,House
Alberta,lethbridge-ab,650000.0,3.0,4.0,2044.0,House
Alberta,lethbridge-ab,375000.0,3.0,2.0,1140.0,House
Alberta,lethbridge-ab,275000.0,2.0,2.0,1352.0,Apt/Condo
Alberta,lethbridge-ab,558600.0,4.0,3.0,1432.0,House
Alberta,lethbridge-ab,599900.0,5.0,3.0,1296.0,House
Alberta,lethbridge-ab,549900.0,4.0,2.0,846.0,House
Alberta,lethbridge-ab,189900.0,2.0,1.0,756.0,Apt/Condo
Alberta,lethbridge-ab,674900.0,5.0,4.0,2024.0,House
Alberta,lethbridge-ab,439000.0,4.0,3.0,1084.0,House
Alberta,lethbridge-ab,555990.0,6.0,4.0,1260.0,House
Alberta,lethbridge-ab,330000.0,2.0,2.0,1262.0,Apt/Condo
Alberta,lethbridge-ab,479900.0,3.0,3.0,1233.0,Duplex
Alberta,lethbridge-ab,545000.0,5.0,4.0,1418.0,House
Alberta,lethbridge-ab,577200.0,5.0,4.0,1912.0,House
Alberta,lethbridge-ab,569900.0,5.0,2.0,1860.0,House
Alberta,lethbridge-ab,186900.0,2.0,1.0,826.0,Apt/Condo
Alberta,lethbridge-ab,434900.0,3.0,3.0,1023.0,Townhouse
Alberta,lethbridge-ab,1450000.0,5.0,3.0,1622.0,House
Alberta,lethbridge-ab,569900.0,5.0,4.0,1847.0,House
Alberta,lethbridge-ab,642500.0,5.0,4.0,2247.0,House
Alberta,lethbridge-ab,535000.0,0.0,,1675.0,Duplex
Alberta,lethbridge-ab,367500.0,3.0,2.0,980.0,House
Alberta,lethbridge-ab,199999.0,2.0,1.0,837.0,Apt/Condo
Alberta,lethbridge-ab,558000.0,5.0,4.0,1292.0,House
Alberta,lethbridge-ab,595000.0,5.0,3.0,1678.0,House
Alberta,lethbridge-ab,599900.0,3.0,3.0,1818.0,House
Alberta,lethbridge-ab,749900.0,5.0,4.0,2536.0,House
Alberta,lethbridge-ab,429900.0,3.0,3.0,1023.0,Townhouse
Alberta,lethbridge-ab,344900.0,3.0,3.0,1220.0,Townhouse
Alberta,lethbridge-ab,659900.0,4.0,4.0,1681.0,House
Alberta,lethbridge-ab,429999.0,4.0,2.0,1350.0,House
Alberta,lethbridge-ab,438500.0,4.0,2.0,1372.0,House
Alberta,lethbridge-ab,679900.0,2.0,2.0,1077.0,Apt/Condo
Alberta,lethbridge-ab,525000.0,6.0,4.0,1976.0,House
Alberta,lethbridge-ab,339900.0,3.0,2.0,935.0,House
Alberta,lethbridge-ab,675000.0,4.0,4.0,2006.0,House
Alberta,lethbridge-ab,939900.0,4.0,3.0,1994.0,House
Alberta,lethbridge-ab,1750000.0,4.0,3.0,1907.0,House
Alberta,lethbridge-ab,299900.0,2.0,2.0,940.0,House
Alberta,lethbridge-ab,504800.0,2.0,2.0,1125.0,Apt/Condo
Alberta,lethbridge-ab,545000.0,5.0,4.0,2012.0,House
Alberta,lethbridge-ab,499900.0,3.0,3.0,1307.0,House
Alberta,lethbridge-ab,999900.0,0.0,,2563.0,Duplex
Alberta,lethbridge-ab,614999.0,4.0,4.0,1935.0,House
Alberta,lethbridge-ab,889900.0,6.0,4.0,3091.0,House
Alberta,lethbridge-ab,244900.0,3.0,2.0,1356.0,Mfd/Mobile Home
Alberta,lethbridge-ab,210000.0,2.0,2.0,1065.0,Apt/Condo
Alberta,lethbridge-ab,879900.0,5.0,4.0,1990.0,House
Alberta,lethbridge-ab,825000.0,4.0,4.0,2402.0,House
Alberta,lethbridge-ab,1083000.0,5.0,3.0,2147.0,House
Alberta,lethbridge-ab,129900.0,0.0,,,Land/Lot
Alberta,lethbridge-ab,419900.0,3.0,3.0,1100.0,Duplex
Alberta,lethbridge-ab,699900.0,3.0,3.0,2013.0,House
Alberta,lethbridge-ab,594900.0,3.0,3.0,1673.0,House
Alberta,lethbridge-ab,1298000.0,6.0,4.0,2021.0,House
Alberta,lethbridge-ab,354900.0,4.0,2.0,964.0,House
Alberta,lethbridge-ab,593900.0,5.0,3.0,1378.0,House
Alberta,lethbridge-ab,420000.0,5.0,3.0,1232.0,House
Alberta,lethbridge-ab,125000.0,0.0,,,Land/Lot
Alberta,lethbridge-ab,625000.0,5.0,4.0,1692.0,House
Alberta,lethbridge-ab,599900.0,3.0,2.0,1577.0,House
Alberta,lethbridge-ab,699900.0,3.0,3.0,2136.0,House
Alberta,lethbridge-ab,649900.0,3.0,2.0,1555.0,House
Alberta,lethbridge-ab,899000.0,4.0,4.0,2548.0,House
Alberta,lethbridge-ab,549900.0,3.0,2.0,1440.0,House
Alberta,lethbridge-ab,329737.0,3.0,4.0,963.0,Townhouse
Alberta,lethbridge-ab,170000.0,0.0,,,Land/Lot
Alberta,lethbridge-ab,419900.0,3.0,3.0,1100.0,Duplex
Alberta,lethbridge-ab,653900.0,4.0,3.0,1403.0,House
Alberta,lethbridge-ab,148000.0,1.0,1.0,709.0,Apt/Condo
Alberta,lethbridge-ab,599900.0,5.0,4.0,2089.0,House
Alberta,lethbridge-ab,309900.0,6.0,2.0,842.0,House
Alberta,lethbridge-ab,529000.0,4.0,4.0,1585.0,House
Alberta,lethbridge-ab,989900.0,4.0,4.0,2124.0,House
Alberta,lethbridge-ab,700000.0,6.0,4.0,2472.0,House
Alberta,lethbridge-ab,215000.0,2.0,1.0,870.0,Apt/Condo
Alberta,lethbridge-ab,575000.0,5.0,2.0,1644.0,House
Alberta,lethbridge-ab,680000.0,3.0,3.0,2296.0,House
Alberta,lethbridge-ab,659800.0,4.0,4.0,1996.0,House
Alberta,lethbridge-ab,649200.0,4.0,3.0,2284.0,House
Alberta,lethbridge-ab,499900.0,3.0,3.0,1307.0,House
Alberta,lethbridge-ab,433900.0,4.0,4.0,1118.0,Duplex
Alberta,lethbridge-ab,1999900.0,5.0,4.0,3910.0,House
Alberta,lethbridge-ab,629900.0,5.0,4.0,2446.0,House
Alberta,lethbridge-ab,629900.0,5.0,3.0,1636.0,House
Alberta,lethbridge-ab,214000.0,2.0,1.0,1047.0,House
Alberta,lethbridge-ab,1499000.0,6.0,4.0,3104.0,House
Alberta,lethbridge-ab,434900.0,3.0,3.0,1023.0,Townhouse
Alberta,lethbridge-ab,799900.0,5.0,3.0,1569.0,House
Alberta,lethbridge-ab,99000.0,0.0,,,Land/Lot
Alberta,lethbridge-ab,99000.0,0.0,,,Land/Lot
Alberta,lethbridge-ab,619999.0,4.0,3.0,1535.0,House
Alberta,lethbridge-ab,155000.0,0.0,,,Land/Lot
Alberta,lethbridge-ab,8400000.0,0.0,,,Land/Lot
Alberta,lethbridge-ab,924900.0,0.0,,3509.0,Apt/Condo
Alberta,lethbridge-ab,965000.0,6.0,4.0,2960.0,House
Alberta,lethbridge-ab,609900.0,3.0,3.0,1842.0,House
Alberta,lethbridge-ab,389900.0,3.0,2.0,637.0,Townhouse
Alberta,lethbridge-ab,950000.0,4.0,3.0,3630.0,House
Alberta,lethbridge-ab,139000.0,0.0,,,Land/Lot
Alberta,lethbridge-ab,370000.0,3.0,2.0,924.0,House
Alberta,lethbridge-ab,1495000.0,6.0,6.0,3242.0,House
Alberta,lethbridge-ab,465000.0,4.0,3.0,1033.0,House
Alberta,lethbridge-ab,1399000.0,4.0,4.0,3347.0,House
Alberta,lethbridge-ab,1950000.0,4.0,5.0,3124.0,House
Alberta,lethbridge-ab,749900.0,0.0,,,Land/Lot
Alberta,lethbridge-ab,440000.0,3.0,3.0,1832.0,Townhouse
Alberta,lethbridge-ab,499900.0,3.0,3.0,1307.0,House
Alberta,lethbridge-ab,1900000.0,0.0,,,Land/Lot
Alberta,lethbridge-ab,939000.0,5.0,2.0,1807.0,House
Alberta,lethbridge-ab,399900.0,3.0,2.0,1195.0,House
Alberta,lethbridge-ab,598000.0,0.0,,,Land/Lot
Alberta,lethbridge-ab,659900.0,5.0,3.0,1406.0,House
Alberta,lethbridge-ab,565000.0,5.0,4.0,1355.0,House
Alberta,lethbridge-ab,1200000.0,4.0,3.0,3032.0,House
Alberta,lethbridge-ab,899999.0,3.0,3.0,1733.0,House
Alberta,lethbridge-ab,738000.0,6.0,4.0,3074.0,House
Alberta,lethbridge-ab,419900.0,3.0,3.0,1100.0,Duplex
Alberta,lethbridge-ab,419900.0,3.0,3.0,1100.0,Duplex
Alberta,lethbridge-ab,1997000.0,6.0,4.0,3682.0,House
Alberta,lethbridge-ab,2250000.0,5.0,4.0,3585.0,House
Alberta,lethbridge-ab,1299900.0,3.0,2.0,2645.0,House
Alberta,lethbridge-ab,629900.0,3.0,3.0,2013.0,House
Alberta,lethbridge-ab,333720.0,0.0,,,Land/Lot
Alberta,lethbridge-ab,803400.0,0.0,,,Land/Lot
Alberta,lethbridge-ab,807750.0,0.0,,,Land/Lot
Alberta,lethbridge-ab,144000.0,3.0,2.0,856.0,Mfd/Mobile Home
Alberta,lethbridge-ab,329000.0,0.0,,,Land/Lot
Alberta,lethbridge-ab,319000.0,0.0,,,Land/Lot
Alberta,lethbridge-ab,349000.0,0.0,,,Land/Lot
Alberta,lethbridge-ab,319000.0,0.0,,,Land/Lot
Alberta,lethbridge-ab,399000.0,0.0,,,Land/Lot
Alberta,lethbridge-ab,2500000.0,4.0,4.0,1793.0,House
Alberta,lethbridge-ab,669000.0,5.0,3.0,1744.0,House
Alberta,lethbridge-ab,559875.0,3.0,3.0,1673.0,House
Alberta,lethbridge-ab,569800.0,3.0,3.0,1607.0,House
Alberta,lethbridge-ab,729500.0,3.0,3.0,2017.0,House
Alberta,lethbridge-ab,489000.0,1.0,1.0,2156.0,House
Alberta,lethbridge-ab,9752680.0,0.0,,,Land/Lot
Alberta,lethbridge-ab,288000.0,0.0,,,Land/Lot
Alberta,lethbridge-ab,354000.0,0.0,,,Land/Lot
Alberta,lethbridge-ab,368000.0,0.0,,,Land/Lot
Alberta,lethbridge-ab,368000.0,0.0,,,Land/Lot
Alberta,lethbridge-ab,358000.0,0.0,,,Land/Lot
Alberta,lethbridge-ab,268000.0,0.0,,,Land/Lot
Alberta,lethbridge-ab,268000.0,0.0,,,Land/Lot
Alberta,lethbridge-ab,498000.0,0.0,,,Land/Lot
Alberta,lethbridge-ab,398000.0,0.0,,,Land/Lot
Alberta,lethbridge-ab,428000.0,0.0,,,Land/Lot
Alberta,lethbridge-ab,498000.0,0.0,,,Land/Lot
Alberta,lethbridge-ab,349000.0,0.0,,,Land/Lot
Alberta,lethbridge-ab,428000.0,0.0,,,Land/Lot
Alberta,lethbridge-ab,375000.0,0.0,,,Land/Lot
Alberta,lethbridge-ab,150000.0,0.0,,,Land/Lot
Alberta,lethbridge-ab,150000.0,0.0,,,Land/Lot
Alberta,lethbridge-ab,275000.0,0.0,,,Land/Lot
Alberta,lethbridge-ab,275000.0,0.0,,,Land/Lot
Alberta,lethbridge-ab,345000.0,0.0,,,Land/Lot
Alberta,lethbridge-ab,349000.0,0.0,,,Land/Lot
Alberta,lethbridge-ab,429000.0,0.0,,,Land/Lot
Alberta,lethbridge-ab,348000.0,0.0,,,Land/Lot
Alberta,red-deer-ab,125000.0,2.0,1.0,802.0,Apt/Condo
Alberta,red-deer-ab,479900.0,5.0,3.0,1252.0,House
Alberta,red-deer-ab,549900.0,5.0,3.0,1259.0,House
Alberta,red-deer-ab,775000.0,5.0,3.0,1603.0,House
Alberta,red-deer-ab,539900.0,4.0,3.0,1447.0,House
Alberta,red-deer-ab,549900.0,4.0,4.0,1948.0,House
Alberta,red-deer-ab,219900.0,2.0,2.0,909.0,House
Alberta,red-deer-ab,325000.0,4.0,3.0,1088.0,House
Alberta,red-deer-ab,424900.0,3.0,3.0,1257.0,House
Alberta,red-deer-ab,389000.0,5.0,2.0,1181.0,House
Alberta,red-deer-ab,245000.0,2.0,1.0,850.0,Apt/Condo
Alberta,red-deer-ab,979900.0,5.0,3.0,2494.0,House
Alberta,red-deer-ab,335000.0,2.0,3.0,1340.0,Townhouse
Alberta,red-deer-ab,329800.0,3.0,2.0,696.0,Duplex
Alberta,red-deer-ab,428900.0,3.0,4.0,1397.0,Duplex
Alberta,red-deer-ab,429999.0,3.0,2.0,1381.0,Duplex
Alberta,red-deer-ab,739900.0,3.0,3.0,2232.0,House
Alberta,red-deer-ab,584900.0,5.0,3.0,1228.0,House
Alberta,red-deer-ab,699900.0,2.0,2.0,1946.0,Apt/Condo
Alberta,red-deer-ab,239900.0,4.0,2.0,1023.0,Duplex
Alberta,red-deer-ab,489900.0,4.0,3.0,1230.0,House
Alberta,red-deer-ab,849900.0,5.0,4.0,2308.0,House
Alberta,red-deer-ab,129900.0,1.0,2.0,689.0,Apt/Condo
Alberta,red-deer-ab,674900.0,3.0,3.0,2126.0,House
Alberta,red-deer-ab,535000.0,4.0,3.0,1405.0,House
Alberta,red-deer-ab,589900.0,3.0,2.0,1393.0,House
Alberta,red-deer-ab,524900.0,3.0,2.0,1366.0,Duplex
Alberta,red-deer-ab,750000.0,6.0,2.0,2735.0,House
Alberta,red-deer-ab,3500000.0,0.0,,14696.0,Multifamily
Alberta,red-deer-ab,269900.0,2.0,1.0,968.0,House
Alberta,red-deer-ab,1495000.0,0.0,,6566.0,Apt/Condo
Alberta,red-deer-ab,160000.0,3.0,2.0,1103.0,Duplex
Alberta,red-deer-ab,415000.0,5.0,3.0,1240.0,House
Alberta,red-deer-ab,399900.0,3.0,4.0,1622.0,Duplex
Alberta,red-deer-ab,319900.0,1.0,2.0,1323.0,Apt/Condo
Alberta,red-deer-ab,639900.0,4.0,4.0,1934.0,House
Alberta,red-deer-ab,609900.0,4.0,4.0,2172.0,House
Alberta,red-deer-ab,345000.0,4.0,3.0,1119.0,House
Alberta,red-deer-ab,325000.0,3.0,2.0,883.0,House
Alberta,red-deer-ab,617900.0,3.0,3.0,2135.0,House
Alberta,red-deer-ab,440000.0,4.0,2.0,1070.0,House
Alberta,red-deer-ab,269900.0,5.0,2.0,925.0,Duplex
Alberta,red-deer-ab,449900.0,4.0,3.0,1338.0,House
Alberta,red-deer-ab,524900.0,4.0,4.0,1792.0,Duplex
Alberta,red-deer-ab,389900.0,3.0,3.0,1118.0,House
Alberta,red-deer-ab,318900.0,2.0,3.0,1439.0,Townhouse
Alberta,red-deer-ab,423500.0,5.0,3.0,1071.0,House
Alberta,red-deer-ab,409999.0,5.0,2.0,1048.0,House
Alberta,red-deer-ab,465500.0,3.0,2.0,1265.0,House
Alberta,red-deer-ab,979000.0,5.0,4.0,2351.0,House
Alberta,red-deer-ab,304900.0,3.0,2.0,1156.0,House
Alberta,red-deer-ab,450000.0,4.0,4.0,1450.0,House
Alberta,red-deer-ab,425000.0,2.0,2.0,1150.0,Apt/Condo
Alberta,red-deer-ab,549900.0,5.0,3.0,1543.0,House
Alberta,red-deer-ab,389900.0,3.0,3.0,1190.0,Duplex
Alberta,red-deer-ab,309900.0,4.0,2.0,924.0,Duplex
Alberta,red-deer-ab,389900.0,4.0,2.0,983.0,House
Alberta,red-deer-ab,274900.0,3.0,2.0,1185.0,House
Alberta,red-deer-ab,624900.0,3.0,3.0,2485.0,House
Alberta,red-deer-ab,799900.0,4.0,3.0,1419.0,House
Alberta,red-deer-ab,162750.0,0.0,,,Land/Lot
Alberta,red-deer-ab,287500.0,3.0,3.0,1088.0,Duplex
Alberta,red-deer-ab,579900.0,4.0,3.0,1950.0,House
Alberta,red-deer-ab,295000.0,3.0,2.0,1232.0,Townhouse
Alberta,red-deer-ab,145000.0,1.0,1.0,656.0,Apt/Condo
Alberta,red-deer-ab,739900.0,4.0,4.0,2238.0,House
Alberta,red-deer-ab,439900.0,5.0,3.0,1203.0,House
Alberta,red-deer-ab,775000.0,4.0,3.0,2404.0,House
Alberta,red-deer-ab,449900.0,4.0,3.0,1153.0,House
Alberta,red-deer-ab,449500.0,4.0,2.0,1210.0,House
Alberta,red-deer-ab,975000.0,4.0,4.0,1941.0,House
Alberta,red-deer-ab,379900.0,3.0,3.0,690.0,Townhouse
Alberta,red-deer-ab,162750.0,0.0,,,Land/Lot
Alberta,red-deer-ab,414900.0,4.0,3.0,1049.0,House
Alberta,red-deer-ab,399900.0,3.0,3.0,1356.0,Townhouse
Alberta,red-deer-ab,385000.0,3.0,2.0,1011.0,House
Alberta,red-deer-ab,475000.0,4.0,3.0,1497.0,House
Alberta,red-deer-ab,125000.0,2.0,1.0,800.0,Apt/Condo
Alberta,red-deer-ab,119900.0,0.0,,,Land/Lot
Alberta,red-deer-ab,425777.0,5.0,3.0,1076.0,House
Alberta,red-deer-ab,749900.0,3.0,4.0,1789.0,House
Alberta,red-deer-ab,449900.0,4.0,3.0,1180.0,House
Alberta,red-deer-ab,374900.0,4.0,2.0,978.0,House
Alberta,red-deer-ab,849000.0,6.0,4.0,2726.0,House
Alberta,red-deer-ab,439900.0,4.0,3.0,1209.0,House
Alberta,red-deer-ab,495000.0,4.0,3.0,1096.0,House
Alberta,red-deer-ab,359900.0,4.0,3.0,1064.0,Duplex
Alberta,red-deer-ab,619900.0,3.0,3.0,1904.0,House
Alberta,red-deer-ab,439900.0,4.0,3.0,1109.0,House
Alberta,red-deer-ab,229900.0,3.0,2.0,1058.0,Townhouse
Alberta,red-deer-ab,789900.0,4.0,3.0,1452.0,House
Alberta,red-deer-ab,449900.0,4.0,2.0,1207.0,House
Alberta,red-deer-ab,484900.0,5.0,3.0,1282.0,House
Alberta,red-deer-ab,427000.0,5.0,2.0,1051.0,House
Alberta,red-deer-ab,365000.0,5.0,2.0,1636.0,House
Alberta,red-deer-ab,515000.0,4.0,3.0,1312.0,House
Alberta,red-deer-ab,389900.0,3.0,1.0,1036.0,House
Alberta,red-deer-ab,149000.0,1.0,1.0,762.0,Apt/Condo
Alberta,red-deer-ab,529900.0,5.0,3.0,1208.0,House
Alberta,red-deer-ab,689000.0,0.0,,2086.0,Fourplex
Alberta,red-deer-ab,39900.0,3.0,1.0,900.0,Mfd/Mobile Home
Alberta,red-deer-ab,484900.0,5.0,3.0,1381.0,House
Alberta,red-deer-ab,188000.0,3.0,2.0,1078.0,Townhouse
Alberta,red-deer-ab,329900.0,3.0,2.0,1102.0,House
Alberta,red-deer-ab,279900.0,2.0,2.0,749.0,House
Alberta,red-deer-ab,109900.0,1.0,1.0,582.0,Apt/Condo
Alberta,red-deer-ab,459900.0,5.0,2.0,1104.0,House
Alberta,red-deer-ab,744900.0,3.0,3.0,1867.0,House
Alberta,red-deer-ab,604900.0,5.0,3.0,1239.0,House
Alberta,red-deer-ab,589900.0,2.0,2.0,1300.0,House
Alberta,red-deer-ab,474900.0,5.0,3.0,1523.0,House
Alberta,red-deer-ab,699900.0,6.0,4.0,2601.0,House
Alberta,red-deer-ab,390000.0,4.0,3.0,1840.0,House
Alberta,red-deer-ab,400000.0,3.0,2.0,965.0,House
Alberta,red-deer-ab,200000.0,3.0,2.0,968.0,Townhouse
Alberta,red-deer-ab,1300000.0,0.0,,5593.0,Apt/Condo
Alberta,red-deer-ab,164900.0,2.0,1.0,522.0,Townhouse
Alberta,red-deer-ab,714900.0,4.0,3.0,1992.0,House
Alberta,red-deer-ab,663000.0,4.0,3.0,1582.0,House
Alberta,red-deer-ab,459900.0,5.0,3.0,1213.0,House
Alberta,red-deer-ab,148000.0,1.0,1.0,616.0,Apt/Condo
Alberta,red-deer-ab,485000.0,4.0,2.0,1408.0,House
Alberta,red-deer-ab,404999.0,6.0,2.0,1074.0,House
Alberta,red-deer-ab,279900.0,4.0,2.0,1170.0,Townhouse
Alberta,red-deer-ab,40000.0,2.0,1.0,906.0,Mfd/Mobile Home
Alberta,red-deer-ab,310000.0,2.0,2.0,969.0,Apt/Condo
Alberta,red-deer-ab,314900.0,4.0,2.0,1090.0,Duplex
Alberta,red-deer-ab,349900.0,2.0,4.0,1187.0,Townhouse
Alberta,red-deer-ab,439900.0,5.0,3.0,1309.0,House
Alberta,red-deer-ab,439900.0,4.0,3.0,949.0,House
Alberta,red-deer-ab,164900.0,2.0,1.0,858.0,Apt/Condo
Alberta,red-deer-ab,316900.0,3.0,3.0,1304.0,Duplex
Alberta,red-deer-ab,539900.0,5.0,2.0,1094.0,House
Alberta,red-deer-ab,449000.0,4.0,2.0,950.0,House
Alberta,red-deer-ab,449000.0,4.0,2.0,950.0,House
Alberta,red-deer-ab,528000.0,4.0,3.0,1228.0,House
Alberta,red-deer-ab,195000.0,2.0,1.0,936.0,Townhouse
Alberta,red-deer-ab,574100.0,7.0,2.0,1195.0,House
Alberta,red-deer-ab,124000.0,3.0,2.0,1293.0,Mfd/Mobile Home
Alberta,red-deer-ab,347000.0,2.0,2.0,1211.0,Apt/Condo
Alberta,red-deer-ab,367500.0,5.0,2.0,1097.0,House
Alberta,red-deer-ab,499900.0,4.0,2.0,1369.0,House
Alberta,red-deer-ab,1525000.0,4.0,5.0,3604.0,House
Alberta,red-deer-ab,524900.0,6.0,2.0,1162.0,Duplex
Alberta,red-deer-ab,445000.0,5.0,3.0,1196.0,House
Alberta,red-deer-ab,359900.0,3.0,2.0,1298.0,Townhouse
Alberta,red-deer-ab,469900.0,3.0,3.0,1390.0,Duplex
Alberta,red-deer-ab,449900.0,4.0,3.0,1094.0,House
Alberta,red-deer-ab,449900.0,4.0,2.0,891.0,House
Alberta,red-deer-ab,410000.0,4.0,2.0,1048.0,House
Alberta,red-deer-ab,389000.0,3.0,2.0,1094.0,House
Alberta,red-deer-ab,649900.0,4.0,4.0,1670.0,House
Alberta,red-deer-ab,350000.0,3.0,2.0,1010.0,House
Alberta,red-deer-ab,689000.0,3.0,3.0,1224.0,Duplex
Alberta,red-deer-ab,439900.0,6.0,4.0,1719.0,House
Alberta,red-deer-ab,64900.0,3.0,1.0,924.0,Mfd/Mobile Home
Alberta,red-deer-ab,530000.0,6.0,3.0,1311.0,House
Alberta,red-deer-ab,310000.0,2.0,2.0,951.0,Apt/Condo
Alberta,red-deer-ab,539900.0,3.0,3.0,1548.0,House
Alberta,red-deer-ab,429800.0,4.0,3.0,1553.0,House
Alberta,red-deer-ab,429000.0,3.0,2.0,974.0,House
Alberta,red-deer-ab,399900.0,4.0,2.0,1008.0,House
Alberta,red-deer-ab,309900.0,2.0,2.0,842.0,Apt/Condo
Alberta,red-deer-ab,524900.0,4.0,3.0,1086.0,House
Alberta,red-deer-ab,529900.0,4.0,3.0,1075.0,House
Alberta,red-deer-ab,357900.0,2.0,3.0,1291.0,Townhouse
Alberta,red-deer-ab,415000.0,4.0,2.0,1240.0,House
Alberta,red-deer-ab,374900.0,4.0,2.0,1089.0,House
Alberta,red-deer-ab,579900.0,2.0,3.0,1448.0,House
Alberta,red-deer-ab,669500.0,0.0,,2376.0,Fourplex
Alberta,red-deer-ab,269000.0,3.0,2.0,1072.0,Townhouse
Alberta,red-deer-ab,584900.0,6.0,3.0,1225.0,House
Alberta,red-deer-ab,439900.0,3.0,2.0,1178.0,House
Alberta,red-deer-ab,119900.0,3.0,2.0,1216.0,Mfd/Mobile Home
Alberta,red-deer-ab,374900.0,3.0,2.0,834.0,House
Alberta,red-deer-ab,379900.0,5.0,3.0,1086.0,House
Alberta,red-deer-ab,219900.0,3.0,3.0,690.0,Apt/Condo
Alberta,red-deer-ab,259000.0,2.0,1.0,935.0,Apt/Condo
Alberta,red-deer-ab,439000.0,4.0,3.0,1269.0,House
Alberta,red-deer-ab,275000.0,2.0,1.0,946.0,House
Alberta,red-deer-ab,449900.0,4.0,3.0,1828.0,House
Alberta,red-deer-ab,729000.0,4.0,2.0,1574.0,House
Alberta,red-deer-ab,629900.0,3.0,3.0,1693.0,House
Alberta,red-deer-ab,559900.0,3.0,3.0,1525.0,House
Alberta,red-deer-ab,989900.0,4.0,3.0,1633.0,House
Alberta,red-deer-ab,427000.0,4.0,3.0,1223.0,House
Alberta,red-deer-ab,159900.0,2.0,1.0,873.0,Apt/Condo
Alberta,red-deer-ab,439900.0,4.0,4.0,1326.0,House
Alberta,red-deer-ab,519900.0,2.0,2.0,1035.0,House
Alberta,red-deer-ab,549900.0,2.0,2.0,1241.0,House
Alberta,red-deer-ab,529900.0,3.0,2.0,1160.0,House
Alberta,red-deer-ab,460000.0,4.0,3.0,1090.0,House
Alberta,red-deer-ab,669900.0,3.0,3.0,2182.0,House
Alberta,red-deer-ab,269900.0,3.0,2.0,671.0,Duplex
Alberta,red-deer-ab,449900.0,4.0,3.0,1085.0,House
Alberta,red-deer-ab,439900.0,4.0,3.0,1144.0,House
Alberta,red-deer-ab,575000.0,5.0,3.0,1284.0,House
Alberta,red-deer-ab,614900.0,4.0,4.0,2009.0,House
Alberta,red-deer-ab,365000.0,4.0,2.0,1024.0,House
Alberta,red-deer-ab,1599000.0,0.0,,8488.0,Townhouse
Alberta,red-deer-ab,339900.0,3.0,2.0,1385.0,Townhouse
Alberta,red-deer-ab,199000.0,3.0,1.0,940.0,Townhouse
Alberta,red-deer-ab,369900.0,6.0,4.0,1328.0,House
Alberta,red-deer-ab,364900.0,4.0,3.0,1185.0,House
Alberta,red-deer-ab,36000.0,2.0,1.0,744.0,Mfd/Mobile Home
Alberta,red-deer-ab,419900.0,4.0,3.0,1093.0,House
Alberta,red-deer-ab,239000.0,1.0,1.0,749.0,Apt/Condo
Alberta,red-deer-ab,399000.0,3.0,3.0,1467.0,Townhouse
Alberta,red-deer-ab,199900.0,3.0,2.0,1216.0,Mfd/Mobile Home
Alberta,red-deer-ab,215000.0,3.0,2.0,786.0,Townhouse
Alberta,red-deer-ab,499900.0,4.0,3.0,1055.0,House
Alberta,red-deer-ab,384900.0,4.0,2.0,1040.0,House
Alberta,red-deer-ab,765000.0,4.0,4.0,2174.0,House
Alberta,red-deer-ab,178500.0,0.0,,,Land/Lot
Alberta,red-deer-ab,684900.0,4.0,4.0,2129.0,House
Alberta,red-deer-ab,162750.0,0.0,,,Land/Lot
Alberta,red-deer-ab,419999.0,4.0,2.0,1023.0,House
Alberta,red-deer-ab,199900.0,2.0,1.0,952.0,Apt/Condo
Alberta,red-deer-ab,153300.0,0.0,,,Land/Lot
Alberta,red-deer-ab,349900.0,3.0,1.0,1033.0,House
Alberta,red-deer-ab,389500.0,5.0,2.0,1042.0,House
Alberta,red-deer-ab,98900.0,2.0,1.0,755.0,Apt/Condo
Alberta,red-deer-ab,648000.0,5.0,3.0,1609.0,House
Alberta,red-deer-ab,153300.0,0.0,,,Land/Lot
Alberta,red-deer-ab,399000.0,4.0,3.0,1480.0,Duplex
Alberta,red-deer-ab,224900.0,3.0,2.0,1160.0,Townhouse
Alberta,red-deer-ab,224900.0,3.0,2.0,1160.0,Townhouse
Alberta,red-deer-ab,343000.0,2.0,1.0,1073.0,Townhouse
Alberta,red-deer-ab,589900.0,4.0,3.0,1885.0,House
Alberta,red-deer-ab,173250.0,0.0,,,Land/Lot
Alberta,red-deer-ab,719900.0,5.0,4.0,2322.0,House
Alberta,red-deer-ab,569900.0,5.0,3.0,1656.0,House
Alberta,red-deer-ab,334900.0,2.0,2.0,1070.0,Duplex
Alberta,red-deer-ab,162750.0,0.0,,,Land/Lot
Alberta,red-deer-ab,465000.0,4.0,2.0,1301.0,House
Alberta,red-deer-ab,439900.0,4.0,3.0,1227.0,House
Alberta,red-deer-ab,274900.0,2.0,2.0,1171.0,Townhouse
Alberta,red-deer-ab,399000.0,4.0,2.0,1240.0,House
Alberta,red-deer-ab,499000.0,4.0,3.0,1388.0,House
Alberta,red-deer-ab,425000.0,4.0,3.0,1808.0,House
Alberta,red-deer-ab,123900.0,2.0,1.0,805.0,Apt/Condo
Alberta,red-deer-ab,423500.0,5.0,3.0,1228.0,House
Alberta,red-deer-ab,449900.0,4.0,2.0,1109.0,House
Alberta,red-deer-ab,1375000.0,0.0,,3620.0,Multifamily
Alberta,red-deer-ab,529900.0,3.0,3.0,1325.0,House
Alberta,red-deer-ab,400000.0,3.0,3.0,1203.0,Duplex
Alberta,red-deer-ab,262500.0,3.0,2.0,948.0,Duplex
Alberta,red-deer-ab,168000.0,3.0,2.0,583.0,Townhouse
Alberta,red-deer-ab,619900.0,5.0,3.0,1453.0,House
Alberta,red-deer-ab,379900.0,3.0,2.0,1036.0,House
Alberta,red-deer-ab,347500.0,4.0,2.0,1087.0,House
Alberta,red-deer-ab,320000.0,4.0,3.0,1170.0,House
Alberta,red-deer-ab,759900.0,6.0,4.0,2314.0,House
Alberta,red-deer-ab,392400.0,4.0,2.0,1006.0,House
Alberta,red-deer-ab,794900.0,5.0,3.0,1592.0,House
Alberta,red-deer-ab,400000.0,4.0,1.0,1492.0,House
Alberta,red-deer-ab,550000.0,3.0,3.0,1832.0,House
Alberta,red-deer-ab,949900.0,6.0,5.0,2861.0,House
Alberta,red-deer-ab,44900.0,3.0,1.0,935.0,Mfd/Mobile Home
Alberta,red-deer-ab,590000.0,4.0,4.0,1364.0,House
Alberta,red-deer-ab,329999.0,4.0,3.0,1080.0,House
Alberta,red-deer-ab,95000.0,1.0,1.0,580.0,Apt/Condo
Alberta,red-deer-ab,349900.0,4.0,3.0,1060.0,Duplex
Alberta,red-deer-ab,309900.0,3.0,2.0,734.0,Townhouse
Alberta,red-deer-ab,250000.0,2.0,2.0,827.0,House
Alberta,red-deer-ab,105000.0,2.0,1.0,800.0,Apt/Condo
Alberta,red-deer-ab,619900.0,3.0,3.0,1993.0,House
Alberta,red-deer-ab,475000.0,5.0,3.0,1260.0,House
Alberta,red-deer-ab,469000.0,5.0,3.0,1211.0,House
Alberta,red-deer-ab,599900.0,4.0,3.0,1119.0,House
Alberta,red-deer-ab,649900.0,3.0,3.0,2482.0,House
Alberta,red-deer-ab,124900.0,2.0,1.0,834.0,Apt/Condo
Alberta,red-deer-ab,349900.0,4.0,2.0,1048.0,Duplex
Alberta,red-deer-ab,665000.0,3.0,3.0,2139.0,House
Alberta,red-deer-ab,775000.0,5.0,4.0,2299.0,House
Alberta,red-deer-ab,380000.0,3.0,2.0,1510.0,House
Alberta,red-deer-ab,439000.0,3.0,3.0,1863.0,House
Alberta,red-deer-ab,325000.0,2.0,3.0,1242.0,Townhouse
Alberta,red-deer-ab,465000.0,4.0,3.0,1317.0,House
Alberta,red-deer-ab,79900.0,2.0,1.0,926.0,Mfd/Mobile Home
Alberta,red-deer-ab,599900.0,5.0,3.0,2040.0,House
Alberta,red-deer-ab,750000.0,5.0,4.0,1897.0,House
Alberta,red-deer-ab,689900.0,3.0,3.0,1322.0,House
Alberta,red-deer-ab,439900.0,4.0,3.0,1184.0,House
Alberta,red-deer-ab,659900.0,0.0,,2304.0,Fourplex
Alberta,red-deer-ab,511500.0,5.0,3.0,1730.0,House
Alberta,red-deer-ab,549900.0,5.0,3.0,1269.0,House
Alberta,red-deer-ab,369900.0,2.0,3.0,625.0,Townhouse
Alberta,red-deer-ab,624900.0,4.0,3.0,1386.0,House
Alberta,red-deer-ab,175000.0,2.0,1.0,904.0,Townhouse
Alberta,red-deer-ab,639900.0,3.0,3.0,2410.0,House
Alberta,red-deer-ab,799900.0,4.0,3.0,2336.0,House
Alberta,red-deer-ab,469900.0,3.0,3.0,1054.0,Duplex
Alberta,red-deer-ab,469900.0,3.0,3.0,1054.0,Duplex
Alberta,red-deer-ab,219000.0,0.0,,,Land/Lot
Alberta,red-deer-ab,119500.0,1.0,1.0,619.0,Apt/Condo
Alberta,red-deer-ab,459900.0,4.0,3.0,1109.0,House
Alberta,red-deer-ab,849000.0,4.0,3.0,2491.0,House
Alberta,red-deer-ab,34900.0,2.0,2.0,980.0,Mfd/Mobile Home
Alberta,red-deer-ab,398000.0,3.0,2.0,829.0,House
Alberta,red-deer-ab,629900.0,3.0,3.0,1681.0,House
Alberta,red-deer-ab,574900.0,5.0,3.0,1395.0,House
Alberta,red-deer-ab,349000.0,4.0,2.0,1065.0,House
Alberta,red-deer-ab,309900.0,1.0,1.0,931.0,Apt/Condo
Alberta,red-deer-ab,359900.0,4.0,3.0,1063.0,House
Alberta,red-deer-ab,649900.0,3.0,3.0,1904.0,House
Alberta,red-deer-ab,149000.0,2.0,1.0,831.0,Apt/Condo
Alberta,red-deer-ab,280000.0,0.0,,,Land/Lot
Alberta,red-deer-ab,439500.0,4.0,4.0,1453.0,Townhouse
Alberta,red-deer-ab,1267000.0,4.0,4.0,2401.0,House
Alberta,red-deer-ab,995000.0,5.0,4.0,2058.0,House
Alberta,red-deer-ab,698900.0,3.0,3.0,1695.0,House
Alberta,red-deer-ab,290000.0,2.0,2.0,1145.0,Townhouse
Alberta,red-deer-ab,634900.0,5.0,3.0,1419.0,House
Alberta,red-deer-ab,324900.0,2.0,3.0,1245.0,Townhouse
Alberta,red-deer-ab,1275000.0,5.0,4.0,2825.0,House
Alberta,red-deer-ab,349900.0,3.0,3.0,1885.0,House
Alberta,red-deer-ab,479900.0,5.0,3.0,1204.0,House
Alberta,red-deer-ab,454900.0,3.0,2.0,1336.0,House
Alberta,red-deer-ab,2150000.0,5.0,5.0,2828.0,House
Alberta,red-deer-ab,39900.0,3.0,1.0,902.0,Mfd/Mobile Home
Alberta,red-deer-ab,687000.0,4.0,4.0,1731.0,House
Alberta,red-deer-ab,475000.0,5.0,4.0,1831.0,House
Alberta,red-deer-ab,599000.0,0.0,,,Land/Lot
Alberta,red-deer-ab,459900.0,5.0,2.0,1070.0,House
Alberta,red-deer-ab,649900.0,3.0,3.0,1244.0,House
Alberta,red-deer-ab,369000.0,4.0,2.0,954.0,House
Alberta,red-deer-ab,750000.0,3.0,3.0,1565.0,House
Alberta,red-deer-ab,173250.0,0.0,,,Land/Lot
Alberta,red-deer-ab,599800.0,3.0,3.0,1590.0,House
Alberta,red-deer-ab,619800.0,3.0,3.0,1740.0,House
Alberta,red-deer-ab,499900.0,3.0,3.0,1498.0,House
Alberta,red-deer-ab,335000.0,0.0,,,Land/Lot
Alberta,red-deer-ab,3800000.0,0.0,,,Land/Lot
Alberta,red-deer-ab,171150.0,0.0,,,Land/Lot
Alberta,red-deer-ab,619900.0,3.0,3.0,1904.0,House
Alberta,red-deer-ab,455000.0,7.0,3.0,1105.0,House
Alberta,red-deer-ab,1650000.0,3.0,3.0,3220.0,House
Alberta,red-deer-ab,153300.0,0.0,,,Land/Lot
Alberta,airdrie-ab,719900.0,5.0,4.0,1816.0,House
Alberta,airdrie-ab,360000.0,2.0,3.0,1164.0,Townhouse
Alberta,airdrie-ab,550000.0,3.0,3.0,1156.0,House
Alberta,airdrie-ab,850000.0,3.0,3.0,2185.0,House
Alberta,airdrie-ab,610000.0,3.0,3.0,1994.0,House
Alberta,airdrie-ab,615000.0,3.0,3.0,1804.0,House
Alberta,airdrie-ab,420000.0,3.0,4.0,1345.0,Townhouse
Alberta,airdrie-ab,1150000.0,6.0,5.0,2523.0,House
Alberta,airdrie-ab,345000.0,2.0,3.0,1153.0,Townhouse
Alberta,airdrie-ab,345000.0,2.0,2.0,1170.0,Townhouse
Alberta,airdrie-ab,499900.0,4.0,4.0,2056.0,Townhouse
Alberta,airdrie-ab,899000.0,5.0,4.0,2493.0,House
Alberta,airdrie-ab,412999.0,3.0,2.0,1348.0,Townhouse
Alberta,airdrie-ab,239900.0,1.0,1.0,630.0,Apt/Condo
Alberta,airdrie-ab,309000.0,2.0,2.0,920.0,Townhouse
Alberta,airdrie-ab,599999.0,3.0,4.0,1848.0,House
Alberta,airdrie-ab,1100000.0,3.0,4.0,2611.0,House
Alberta,airdrie-ab,574900.0,3.0,3.0,1775.0,House
Alberta,airdrie-ab,614560.0,4.0,3.0,1880.0,House
Alberta,airdrie-ab,524900.0,4.0,4.0,1393.0,Duplex
Alberta,airdrie-ab,679900.0,4.0,3.0,2107.0,House
Alberta,airdrie-ab,644999.0,3.0,3.0,1860.0,House
Alberta,airdrie-ab,549900.0,3.0,3.0,1760.0,Townhouse
Alberta,airdrie-ab,699700.0,3.0,3.0,1821.0,House
Alberta,airdrie-ab,559900.0,4.0,4.0,1582.0,Duplex
Alberta,airdrie-ab,645000.0,4.0,4.0,1509.0,House
Alberta,airdrie-ab,364900.0,2.0,3.0,1239.0,Townhouse
Alberta,airdrie-ab,720000.0,3.0,4.0,1826.0,House
Alberta,airdrie-ab,709900.0,4.0,4.0,1783.0,House
Alberta,airdrie-ab,724900.0,5.0,4.0,2034.0,House
Alberta,airdrie-ab,489000.0,2.0,2.0,1168.0,Apt/Condo
Alberta,airdrie-ab,889900.0,6.0,5.0,2518.0,House
Alberta,airdrie-ab,1049000.0,3.0,4.0,2186.0,House
Alberta,airdrie-ab,799900.0,5.0,4.0,2252.0,House
Alberta,airdrie-ab,570000.0,4.0,3.0,1787.0,House
Alberta,airdrie-ab,459900.0,3.0,3.0,1483.0,Townhouse
Alberta,airdrie-ab,549900.0,4.0,3.0,1336.0,House
Alberta,airdrie-ab,488000.0,3.0,3.0,1355.0,House
Alberta,airdrie-ab,399900.0,4.0,4.0,1261.0,Duplex
Alberta,airdrie-ab,674900.0,4.0,4.0,2061.0,House
Alberta,airdrie-ab,529900.0,3.0,3.0,1710.0,Duplex
Alberta,airdrie-ab,619900.0,3.0,3.0,1710.0,Duplex
Alberta,airdrie-ab,549900.0,3.0,3.0,1651.0,Duplex
Alberta,airdrie-ab,239900.0,2.0,2.0,841.0,Apt/Condo
Alberta,airdrie-ab,425990.0,3.0,3.0,1380.0,Townhouse
Alberta,airdrie-ab,689900.0,6.0,4.0,2143.0,House
Alberta,airdrie-ab,299900.0,2.0,2.0,913.0,Townhouse
Alberta,airdrie-ab,620000.0,4.0,4.0,1988.0,House
Alberta,airdrie-ab,699000.0,3.0,3.0,2435.0,House
Alberta,airdrie-ab,659000.0,3.0,3.0,1955.0,House
Alberta,airdrie-ab,739900.0,4.0,4.0,2135.0,House
Alberta,airdrie-ab,654900.0,3.0,3.0,1837.0,House
Alberta,airdrie-ab,635500.0,4.0,3.0,1868.0,Duplex
Alberta,airdrie-ab,678900.0,3.0,3.0,2019.0,House
Alberta,airdrie-ab,699990.0,5.0,4.0,1945.0,House
Alberta,airdrie-ab,247500.0,1.0,1.0,593.0,Apt/Condo
Alberta,airdrie-ab,585000.0,5.0,3.0,1416.0,Duplex
Alberta,airdrie-ab,599900.0,4.0,3.0,1425.0,House
Alberta,airdrie-ab,625000.0,3.0,3.0,1738.0,Duplex
Alberta,airdrie-ab,719900.0,4.0,4.0,2306.0,House
Alberta,airdrie-ab,529900.0,3.0,3.0,1530.0,Duplex
Alberta,airdrie-ab,549900.0,4.0,4.0,1445.0,Duplex
Alberta,airdrie-ab,519900.0,3.0,2.0,1103.0,House
Alberta,airdrie-ab,827786.0,6.0,4.0,2699.0,House
Alberta,airdrie-ab,659900.0,5.0,4.0,2070.0,House
Alberta,airdrie-ab,500000.0,5.0,2.0,1077.0,House
Alberta,airdrie-ab,259900.0,1.0,1.0,672.0,Apt/Condo
Alberta,airdrie-ab,550000.0,6.0,3.0,1760.0,House
Alberta,airdrie-ab,600000.0,4.0,3.0,1375.0,House
Alberta,airdrie-ab,699900.0,3.0,3.0,2610.0,House
Alberta,airdrie-ab,630000.0,4.0,4.0,1408.0,House
Alberta,airdrie-ab,380000.0,2.0,3.0,1248.0,Townhouse
Alberta,airdrie-ab,759000.0,5.0,4.0,2312.0,House
Alberta,airdrie-ab,819900.0,3.0,4.0,2191.0,House
Alberta,airdrie-ab,238900.0,2.0,2.0,924.0,Apt/Condo
Alberta,airdrie-ab,594900.0,3.0,3.0,1707.0,House
Alberta,airdrie-ab,569900.0,3.0,3.0,1532.0,House
Alberta,airdrie-ab,593000.0,3.0,3.0,1551.0,House
Alberta,airdrie-ab,462990.0,3.0,3.0,1409.0,Townhouse
Alberta,airdrie-ab,714000.0,3.0,3.0,2117.0,House
Alberta,airdrie-ab,529900.0,4.0,4.0,1752.0,Duplex
Alberta,airdrie-ab,689000.0,3.0,3.0,1874.0,House
Alberta,airdrie-ab,509900.0,3.0,3.0,1523.0,Townhouse
Alberta,airdrie-ab,549000.0,3.0,3.0,1725.0,Duplex
Alberta,airdrie-ab,699900.0,3.0,3.0,2228.0,House
Alberta,airdrie-ab,719900.0,4.0,3.0,2312.0,House
Alberta,airdrie-ab,715000.0,3.0,3.0,2257.0,House
Alberta,airdrie-ab,377000.0,3.0,3.0,1125.0,Townhouse
Alberta,airdrie-ab,574900.0,5.0,2.0,1045.0,House
Alberta,airdrie-ab,534999.0,3.0,3.0,1690.0,Duplex
Alberta,airdrie-ab,668990.0,3.0,3.0,2253.0,House
Alberta,airdrie-ab,385000.0,2.0,3.0,1330.0,Townhouse
Alberta,airdrie-ab,555000.0,3.0,3.0,1440.0,House
Alberta,airdrie-ab,529900.0,3.0,3.0,1774.0,Duplex
Alberta,airdrie-ab,689999.0,4.0,4.0,1911.0,House
Alberta,airdrie-ab,634900.0,4.0,4.0,1917.0,House
Alberta,airdrie-ab,699000.0,4.0,3.0,2320.0,House
Alberta,airdrie-ab,529900.0,3.0,3.0,1774.0,Duplex
Alberta,airdrie-ab,515000.0,3.0,3.0,1371.0,Duplex
Alberta,airdrie-ab,619900.0,6.0,4.0,1954.0,House
Alberta,airdrie-ab,599900.0,3.0,3.0,1991.0,House
Alberta,airdrie-ab,569999.0,3.0,3.0,1667.0,House
Alberta,airdrie-ab,899900.0,5.0,5.0,2435.0,House
Alberta,airdrie-ab,620000.0,4.0,4.0,1928.0,House
Alberta,airdrie-ab,545000.0,3.0,3.0,1444.0,Townhouse
Alberta,airdrie-ab,714000.0,3.0,3.0,2169.0,House
Alberta,airdrie-ab,535000.0,3.0,3.0,1444.0,Townhouse
Alberta,airdrie-ab,545000.0,3.0,3.0,1444.0,Townhouse
Alberta,airdrie-ab,325000.0,2.0,2.0,969.0,Apt/Condo
Alberta,airdrie-ab,728000.0,3.0,3.0,2234.0,House
Alberta,airdrie-ab,795000.0,4.0,4.0,1793.0,House
Alberta,airdrie-ab,625000.0,5.0,4.0,2054.0,House
Alberta,airdrie-ab,889000.0,5.0,4.0,2636.0,House
Alberta,airdrie-ab,249900.0,2.0,2.0,1109.0,Apt/Condo
Alberta,airdrie-ab,1249000.0,6.0,4.0,2508.0,House
Alberta,airdrie-ab,385000.0,3.0,3.0,1437.0,Townhouse
Alberta,airdrie-ab,457990.0,3.0,3.0,1489.0,Townhouse
Alberta,airdrie-ab,448900.0,3.0,3.0,1687.0,Townhouse
Alberta,airdrie-ab,519888.0,3.0,4.0,1558.0,Townhouse
Alberta,airdrie-ab,849900.0,3.0,3.0,2408.0,House
Alberta,airdrie-ab,448900.0,3.0,3.0,1685.0,Townhouse
Alberta,airdrie-ab,448900.0,3.0,3.0,1685.0,Townhouse
Alberta,airdrie-ab,549900.0,4.0,4.0,1453.0,Townhouse
Alberta,airdrie-ab,499000.0,3.0,3.0,1431.0,House
Alberta,airdrie-ab,609000.0,4.0,4.0,1534.0,House
Alberta,airdrie-ab,388800.0,3.0,3.0,1091.0,Townhouse
Alberta,airdrie-ab,217900.0,2.0,2.0,901.0,Apt/Condo
Alberta,airdrie-ab,678000.0,3.0,3.0,2357.0,House
Alberta,airdrie-ab,1279900.0,6.0,5.0,3071.0,House
Alberta,airdrie-ab,679000.0,4.0,3.0,2322.0,House
Alberta,airdrie-ab,519900.0,3.0,3.0,1276.0,House
Alberta,airdrie-ab,375000.0,4.0,2.0,1348.0,Townhouse
Alberta,airdrie-ab,639000.0,4.0,4.0,1970.0,House
Alberta,airdrie-ab,394000.0,2.0,2.0,924.0,Townhouse
Alberta,airdrie-ab,369900.0,2.0,3.0,1082.0,Townhouse
Alberta,airdrie-ab,449900.0,4.0,4.0,1526.0,Townhouse
Alberta,airdrie-ab,599800.0,3.0,3.0,1774.0,House
Alberta,airdrie-ab,489900.0,4.0,3.0,1071.0,Duplex
Alberta,airdrie-ab,484000.0,4.0,2.0,938.0,House
Alberta,airdrie-ab,275000.0,2.0,1.0,763.0,Townhouse
Alberta,airdrie-ab,110000.0,3.0,1.0,903.0,Mfd/Mobile Home
Alberta,airdrie-ab,659000.0,0.0,,,Land/Lot
Alberta,airdrie-ab,899900.0,4.0,4.0,2795.0,House
Alberta,airdrie-ab,274700.0,2.0,2.0,761.0,Apt/Condo
Alberta,airdrie-ab,449900.0,3.0,3.0,1521.0,Townhouse
Alberta,airdrie-ab,585000.0,3.0,3.0,1645.0,House
Alberta,airdrie-ab,510000.0,3.0,3.0,1521.0,Townhouse
Alberta,airdrie-ab,644900.0,3.0,3.0,1873.0,House
Alberta,airdrie-ab,535900.0,3.0,4.0,1423.0,House
Alberta,airdrie-ab,580000.0,3.0,3.0,1815.0,House
Alberta,airdrie-ab,715000.0,3.0,4.0,1800.0,House
Alberta,airdrie-ab,684900.0,5.0,4.0,1900.0,House
Alberta,airdrie-ab,299000.0,3.0,1.0,1133.0,House
Alberta,airdrie-ab,419900.0,3.0,3.0,1611.0,Townhouse
Alberta,airdrie-ab,573000.0,3.0,3.0,1601.0,House
Alberta,airdrie-ab,475000.0,4.0,4.0,1947.0,Townhouse
Alberta,airdrie-ab,799900.0,4.0,4.0,2182.0,House
Alberta,airdrie-ab,615000.0,4.0,3.0,1765.0,House
Alberta,airdrie-ab,709900.0,5.0,4.0,2509.0,House
Alberta,airdrie-ab,595000.0,6.0,4.0,1667.0,House
Alberta,airdrie-ab,548900.0,3.0,3.0,1449.0,House
Alberta,airdrie-ab,385000.0,2.0,3.0,1481.0,Townhouse
Alberta,airdrie-ab,475000.0,3.0,3.0,1458.0,Townhouse
Alberta,airdrie-ab,415000.0,3.0,3.0,1413.0,Townhouse
Alberta,airdrie-ab,449900.0,3.0,3.0,1440.0,Townhouse
Alberta,airdrie-ab,399000.0,3.0,3.0,1418.0,Townhouse
Alberta,airdrie-ab,794350.0,5.0,3.0,2279.0,House
Alberta,airdrie-ab,345900.0,3.0,2.0,1243.0,Townhouse
Alberta,airdrie-ab,444900.0,3.0,3.0,1444.0,Townhouse
Alberta,airdrie-ab,395000.0,2.0,2.0,854.0,Apt/Condo
Alberta,airdrie-ab,355000.0,1.0,1.0,733.0,Apt/Condo
Alberta,airdrie-ab,540000.0,3.0,3.0,1561.0,House
Alberta,airdrie-ab,405000.0,2.0,2.0,733.0,Apt/Condo
Alberta,airdrie-ab,550000.0,3.0,2.0,1285.0,House
Alberta,airdrie-ab,699900.0,3.0,3.0,2168.0,House
Alberta,airdrie-ab,575900.0,3.0,3.0,1486.0,House
Alberta,airdrie-ab,374000.0,3.0,2.0,1190.0,Townhouse
Alberta,airdrie-ab,739000.0,4.0,3.0,1985.0,House
Alberta,airdrie-ab,579000.0,3.0,3.0,1554.0,House
Alberta,airdrie-ab,224900.0,2.0,2.0,927.0,Apt/Condo
Alberta,airdrie-ab,289999.0,2.0,1.0,820.0,Townhouse
Alberta,airdrie-ab,425000.0,4.0,2.0,1328.0,House
Alberta,airdrie-ab,1100000.0,3.0,3.0,1512.0,House
Alberta,airdrie-ab,719000.0,3.0,3.0,2033.0,House
Alberta,airdrie-ab,349900.0,3.0,3.0,1257.0,Townhouse
Alberta,airdrie-ab,569900.0,4.0,4.0,2028.0,House
Alberta,airdrie-ab,359900.0,3.0,2.0,1182.0,Townhouse
Alberta,airdrie-ab,709900.0,4.0,4.0,1825.0,House
Alberta,airdrie-ab,549000.0,3.0,3.0,1143.0,House
Alberta,airdrie-ab,299000.0,2.0,2.0,889.0,Apt/Condo
Alberta,airdrie-ab,509000.0,3.0,3.0,1340.0,Duplex
Alberta,airdrie-ab,359900.0,2.0,3.0,1171.0,Townhouse
Alberta,airdrie-ab,420000.0,2.0,2.0,1414.0,Townhouse
Alberta,airdrie-ab,645000.0,5.0,4.0,1684.0,House
Alberta,airdrie-ab,524000.0,3.0,3.0,1487.0,Duplex
Alberta,airdrie-ab,449900.0,3.0,4.0,1324.0,Townhouse
Alberta,airdrie-ab,469600.0,3.0,3.0,1274.0,Townhouse
Alberta,airdrie-ab,620000.0,4.0,4.0,1866.0,House
Alberta,airdrie-ab,389900.0,3.0,3.0,1260.0,Townhouse
Alberta,airdrie-ab,939000.0,4.0,4.0,2137.0,House
Alberta,airdrie-ab,674900.0,4.0,4.0,1960.0,House
Alberta,airdrie-ab,699499.0,4.0,4.0,1938.0,House
Alberta,airdrie-ab,229000.0,2.0,2.0,929.0,Apt/Condo
Alberta,airdrie-ab,575000.0,3.0,3.0,1568.0,House
Alberta,airdrie-ab,659999.0,3.0,3.0,1952.0,House
Alberta,airdrie-ab,529900.0,3.0,3.0,1636.0,Duplex
Alberta,airdrie-ab,225000.0,2.0,1.0,846.0,Apt/Condo
Alberta,airdrie-ab,410000.0,4.0,4.0,1265.0,Townhouse
Alberta,airdrie-ab,604900.0,4.0,3.0,1853.0,House
Alberta,airdrie-ab,499999.0,3.0,2.0,1167.0,House
Alberta,airdrie-ab,589900.0,3.0,3.0,1684.0,House
Alberta,airdrie-ab,449000.0,3.0,3.0,1309.0,Townhouse
Alberta,airdrie-ab,520000.0,4.0,4.0,1552.0,House
Alberta,airdrie-ab,309999.0,2.0,2.0,883.0,Townhouse
Alberta,airdrie-ab,344900.0,3.0,2.0,1184.0,Townhouse
Alberta,airdrie-ab,799900.0,4.0,4.0,2463.0,House
Alberta,airdrie-ab,300000.0,2.0,2.0,877.0,Townhouse
Alberta,airdrie-ab,569000.0,4.0,4.0,1632.0,Townhouse
Alberta,airdrie-ab,1469000.0,5.0,5.0,3254.0,House
Alberta,airdrie-ab,619900.0,3.0,3.0,1960.0,House
Alberta,airdrie-ab,310000.0,2.0,2.0,858.0,Apt/Condo
Alberta,airdrie-ab,559500.0,3.0,4.0,1554.0,House
Alberta,airdrie-ab,3699000.0,0.0,,,Land/Lot
Alberta,airdrie-ab,689900.0,5.0,4.0,2017.0,House
Alberta,airdrie-ab,499900.0,4.0,4.0,1366.0,Duplex
Alberta,airdrie-ab,749000.0,4.0,4.0,2165.0,House
Alberta,airdrie-ab,705000.0,4.0,4.0,2267.0,House
Alberta,airdrie-ab,1050000.0,5.0,4.0,2724.0,House
Alberta,airdrie-ab,884900.0,5.0,4.0,2248.0,House
Alberta,airdrie-ab,624900.0,5.0,4.0,1844.0,House
Alberta,airdrie-ab,284999.0,2.0,1.0,867.0,Townhouse
Alberta,airdrie-ab,649900.0,3.0,4.0,2008.0,House
Alberta,airdrie-ab,799900.0,5.0,4.0,2230.0,House
Alberta,airdrie-ab,339900.0,3.0,2.0,1174.0,Townhouse
Alberta,airdrie-ab,474900.0,3.0,3.0,1354.0,Townhouse
Alberta,airdrie-ab,621900.0,4.0,4.0,1670.0,House
Alberta,airdrie-ab,629900.0,3.0,3.0,2092.0,House
Alberta,airdrie-ab,720000.0,4.0,4.0,2288.0,House
Alberta,airdrie-ab,610000.0,4.0,4.0,1650.0,House
Alberta,airdrie-ab,539000.0,3.0,4.0,1585.0,Duplex
Alberta,airdrie-ab,605000.0,3.0,3.0,1851.0,Townhouse
Alberta,airdrie-ab,595000.0,4.0,4.0,1452.0,House
Alberta,airdrie-ab,554900.0,3.0,3.0,1930.0,Townhouse
Alberta,airdrie-ab,399000.0,3.0,2.0,1434.0,Townhouse
Alberta,airdrie-ab,524900.0,3.0,3.0,1061.0,House
Alberta,airdrie-ab,459900.0,3.0,4.0,1506.0,Townhouse
Alberta,airdrie-ab,554900.0,3.0,3.0,1267.0,House
Alberta,airdrie-ab,509999.0,5.0,3.0,1244.0,House
Alberta,airdrie-ab,569999.0,3.0,3.0,1542.0,House
Alberta,airdrie-ab,417285.0,3.0,3.0,1440.0,Townhouse
Alberta,airdrie-ab,554900.0,3.0,3.0,1626.0,Duplex
Alberta,airdrie-ab,989000.0,4.0,4.0,2433.0,House
Alberta,airdrie-ab,579000.0,4.0,4.0,1564.0,Duplex
Alberta,airdrie-ab,424866.0,4.0,3.0,1613.0,Townhouse
Alberta,airdrie-ab,315000.0,2.0,2.0,926.0,Townhouse
Alberta,airdrie-ab,809900.0,5.0,4.0,2190.0,House
Alberta,airdrie-ab,530000.0,4.0,3.0,1424.0,House
Alberta,airdrie-ab,399888.0,3.0,3.0,1506.0,Townhouse
Alberta,airdrie-ab,509900.0,4.0,3.0,1330.0,Duplex
Alberta,airdrie-ab,659900.0,3.0,3.0,1727.0,House
Alberta,airdrie-ab,499900.0,3.0,3.0,1543.0,Townhouse
Alberta,airdrie-ab,474900.0,3.0,3.0,1354.0,Townhouse
Alberta,airdrie-ab,280000.0,1.0,1.0,558.0,Apt/Condo
Alberta,airdrie-ab,309900.0,2.0,1.0,977.0,House
Alberta,airdrie-ab,1285000.0,5.0,4.0,2500.0,House
Alberta,airdrie-ab,499900.0,4.0,2.0,995.0,House
Alberta,airdrie-ab,535000.0,4.0,4.0,1656.0,Duplex
Alberta,airdrie-ab,549900.0,3.0,3.0,1602.0,House
Alberta,airdrie-ab,549900.0,4.0,4.0,1257.0,House
Alberta,airdrie-ab,388000.0,3.0,3.0,1092.0,Townhouse
Alberta,airdrie-ab,599700.0,3.0,3.0,1716.0,House
Alberta,airdrie-ab,639900.0,1.0,2.0,1331.0,Duplex
Alberta,airdrie-ab,565000.0,3.0,3.0,1965.0,House
Alberta,airdrie-ab,289000.0,2.0,2.0,957.0,Apt/Condo
Alberta,airdrie-ab,489900.0,3.0,4.0,1503.0,Townhouse
Alberta,airdrie-ab,549900.0,4.0,4.0,1488.0,Duplex
Alberta,airdrie-ab,499900.0,3.0,3.0,1508.0,Duplex
Alberta,airdrie-ab,375000.0,3.0,3.0,1172.0,Townhouse
Alberta,airdrie-ab,409900.0,4.0,3.0,1101.0,House
Alberta,airdrie-ab,365000.0,2.0,3.0,1193.0,Townhouse
Alberta,airdrie-ab,374800.0,2.0,3.0,1471.0,Townhouse
Alberta,airdrie-ab,699000.0,3.0,3.0,1991.0,House
Alberta,airdrie-ab,600000.0,4.0,4.0,1645.0,House
Alberta,airdrie-ab,512000.0,3.0,3.0,1254.0,Duplex
Alberta,airdrie-ab,289900.0,2.0,2.0,886.0,Apt/Condo
Alberta,airdrie-ab,539500.0,3.0,3.0,1706.0,Duplex
Alberta,airdrie-ab,366900.0,3.0,1.0,1209.0,Townhouse
Alberta,airdrie-ab,555900.0,4.0,4.0,1470.0,Duplex
Alberta,airdrie-ab,1199000.0,4.0,3.0,3067.0,House
Alberta,airdrie-ab,720000.0,4.0,4.0,2000.0,House
Alberta,airdrie-ab,649900.0,3.0,3.0,1766.0,House
Alberta,airdrie-ab,575000.0,4.0,4.0,1927.0,Townhouse
Alberta,airdrie-ab,534900.0,3.0,2.0,1207.0,House
Alberta,airdrie-ab,639999.0,4.0,3.0,1254.0,House
Alberta,airdrie-ab,745000.0,3.0,3.0,2158.0,House
Alberta,airdrie-ab,722000.0,3.0,3.0,2145.0,House
Alberta,airdrie-ab,379900.0,2.0,2.0,1390.0,Townhouse
Alberta,airdrie-ab,449000.0,3.0,3.0,1687.0,Townhouse
Alberta,airdrie-ab,449000.0,3.0,3.0,1690.0,Townhouse
Alberta,airdrie-ab,290000.0,2.0,2.0,965.0,Apt/Condo
Alberta,airdrie-ab,1099000.0,5.0,4.0,2410.0,House
Alberta,airdrie-ab,425000.0,2.0,3.0,1447.0,Townhouse
Alberta,airdrie-ab,619000.0,3.0,3.0,1989.0,House
Alberta,airdrie-ab,784900.0,6.0,4.0,2521.0,House
Alberta,airdrie-ab,244900.0,2.0,2.0,908.0,Apt/Condo
Alberta,airdrie-ab,295000.0,2.0,2.0,827.0,Apt/Condo
Alberta,airdrie-ab,945000.0,6.0,5.0,2401.0,House
Alberta,airdrie-ab,679900.0,3.0,3.0,2048.0,House
Alberta,airdrie-ab,246900.0,1.0,1.0,618.0,Apt/Condo
Alberta,airdrie-ab,429900.0,3.0,4.0,1707.0,Townhouse
Alberta,airdrie-ab,595000.0,3.0,3.0,1710.0,House
Alberta,airdrie-ab,289900.0,2.0,2.0,762.0,Apt/Condo
Alberta,airdrie-ab,589900.0,3.0,3.0,1580.0,House
Alberta,airdrie-ab,559900.0,4.0,4.0,1490.0,Townhouse
Alberta,airdrie-ab,415000.0,3.0,3.0,1548.0,Townhouse
Alberta,airdrie-ab,849000.0,7.0,5.0,2670.0,House
Alberta,airdrie-ab,409900.0,1.0,2.0,929.0,Apt/Condo
Alberta,airdrie-ab,290000.0,2.0,1.0,895.0,Apt/Condo
Alberta,airdrie-ab,539750.0,3.0,3.0,1453.0,House
Alberta,airdrie-ab,682900.0,4.0,4.0,1943.0,House
Alberta,airdrie-ab,389900.0,2.0,2.0,829.0,Apt/Condo
Alberta,airdrie-ab,175000.0,2.0,1.0,763.0,Apt/Condo
Alberta,airdrie-ab,479999.0,3.0,3.0,1400.0,Townhouse
Alberta,airdrie-ab,589900.0,3.0,4.0,1865.0,House
Alberta,airdrie-ab,660000.0,5.0,4.0,1722.0,House
Alberta,airdrie-ab,595000.0,3.0,3.0,1623.0,House
Alberta,airdrie-ab,545000.0,4.0,2.0,1061.0,House
Alberta,airdrie-ab,599600.0,4.0,3.0,1884.0,Duplex
Alberta,airdrie-ab,1370700.0,5.0,5.0,3293.0,House
Alberta,airdrie-ab,449900.0,3.0,3.0,1319.0,Townhouse
Alberta,airdrie-ab,649500.0,4.0,3.0,2140.0,Duplex
Alberta,airdrie-ab,755000.0,4.0,3.0,2067.0,House
Alberta,airdrie-ab,529900.0,3.0,3.0,1225.0,House
Alberta,airdrie-ab,624900.0,4.0,4.0,1546.0,House
Alberta,airdrie-ab,499000.0,3.0,4.0,1479.0,Townhouse
Alberta,airdrie-ab,449900.0,4.0,4.0,1241.0,Townhouse
Alberta,airdrie-ab,393000.0,3.0,3.0,1360.0,Townhouse
Alberta,airdrie-ab,447500.0,3.0,3.0,1592.0,Townhouse
Alberta,airdrie-ab,1050000.0,4.0,3.0,2561.0,House
Alberta,airdrie-ab,749900.0,5.0,3.0,1466.0,House
Alberta,airdrie-ab,529000.0,3.0,3.0,1574.0,Duplex
Alberta,airdrie-ab,789125.0,3.0,3.0,2336.0,House
Alberta,airdrie-ab,689900.0,4.0,3.0,2255.0,House
Alberta,airdrie-ab,389000.0,2.0,3.0,1358.0,Townhouse
Alberta,airdrie-ab,592000.0,3.0,3.0,1588.0,House
Alberta,airdrie-ab,659888.0,4.0,3.0,2010.0,House
Alberta,airdrie-ab,779000.0,4.0,3.0,1368.0,House
Alberta,airdrie-ab,668000.0,3.0,3.0,1801.0,House
Alberta,airdrie-ab,669900.0,4.0,4.0,2026.0,House
Alberta,airdrie-ab,469000.0,3.0,3.0,1509.0,Townhouse
Alberta,airdrie-ab,479900.0,2.0,2.0,1084.0,Townhouse
Alberta,airdrie-ab,570000.0,5.0,2.0,1094.0,House
Alberta,airdrie-ab,409999.0,3.0,2.0,1487.0,Townhouse
Alberta,airdrie-ab,385000.0,3.0,3.0,1360.0,Townhouse
Alberta,airdrie-ab,924900.0,5.0,4.0,2630.0,House
Alberta,airdrie-ab,251990.0,2.0,1.0,704.0,Apt/Condo
Alberta,airdrie-ab,399900.0,3.0,3.0,1224.0,Townhouse
Alberta,airdrie-ab,549000.0,3.0,3.0,1207.0,House
Alberta,airdrie-ab,400000.0,3.0,2.0,849.0,Duplex
Alberta,airdrie-ab,689900.0,4.0,4.0,2236.0,House
Alberta,airdrie-ab,299000.0,2.0,2.0,992.0,Apt/Condo
Alberta,airdrie-ab,484900.0,3.0,4.0,2050.0,Townhouse
Alberta,airdrie-ab,659000.0,4.0,4.0,1862.0,House
Alberta,airdrie-ab,368800.0,3.0,2.0,1178.0,Townhouse
Alberta,airdrie-ab,209900.0,1.0,1.0,570.0,Apt/Condo
Alberta,airdrie-ab,468000.0,4.0,2.0,1067.0,House
Alberta,airdrie-ab,265000.0,2.0,2.0,848.0,Apt/Condo
Alberta,airdrie-ab,699900.0,3.0,3.0,2168.0,House
Alberta,airdrie-ab,749900.0,4.0,4.0,2169.0,House
Alberta,airdrie-ab,525000.0,3.0,4.0,1366.0,Townhouse
Alberta,airdrie-ab,350000.0,3.0,3.0,1294.0,Townhouse
Alberta,airdrie-ab,869900.0,4.0,4.0,2317.0,House
Alberta,airdrie-ab,1124999.0,4.0,4.0,2518.0,House
Alberta,airdrie-ab,549900.0,3.0,3.0,1480.0,House
Alberta,airdrie-ab,320000.0,2.0,2.0,961.0,Apt/Condo
Alberta,airdrie-ab,625000.0,3.0,4.0,1681.0,House
Alberta,airdrie-ab,429900.0,3.0,3.0,1460.0,Townhouse
Alberta,airdrie-ab,389900.0,3.0,4.0,1306.0,Townhouse
Alberta,airdrie-ab,754900.0,5.0,4.0,2474.0,House
Alberta,airdrie-ab,849900.0,4.0,4.0,2589.0,House
Alberta,airdrie-ab,454999.0,3.0,3.0,1685.0,Townhouse
Alberta,airdrie-ab,519900.0,3.0,3.0,1112.0,House
Alberta,airdrie-ab,800000.0,4.0,4.0,2216.0,House
Alberta,airdrie-ab,724900.0,5.0,4.0,2001.0,House
Alberta,airdrie-ab,555000.0,3.0,2.0,1093.0,House
Alberta,airdrie-ab,691670.0,4.0,3.0,1880.0,House
Alberta,airdrie-ab,724500.0,4.0,4.0,2099.0,House
Alberta,airdrie-ab,399999.0,3.0,3.0,1362.0,Townhouse
Alberta,airdrie-ab,574000.0,2.0,2.0,1235.0,House
Alberta,airdrie-ab,349900.0,2.0,3.0,1390.0,Townhouse
Alberta,airdrie-ab,599999.0,3.0,3.0,1639.0,House
Alberta,airdrie-ab,539900.0,4.0,4.0,1328.0,House
Alberta,airdrie-ab,406549.0,3.0,3.0,1647.0,Townhouse
Alberta,airdrie-ab,249900.0,2.0,1.0,846.0,Apt/Condo
Alberta,airdrie-ab,384900.0,3.0,3.0,1271.0,Townhouse
Alberta,airdrie-ab,365000.0,2.0,1.0,958.0,Townhouse
Alberta,airdrie-ab,924900.0,4.0,4.0,1580.0,House
Alberta,airdrie-ab,368800.0,2.0,3.0,1196.0,Townhouse
Alberta,airdrie-ab,979900.0,4.0,4.0,2696.0,House
Alberta,airdrie-ab,475000.0,3.0,3.0,1361.0,Townhouse
Alberta,airdrie-ab,549900.0,3.0,3.0,1526.0,Townhouse
Alberta,airdrie-ab,509900.0,3.0,3.0,1257.0,Townhouse
Alberta,airdrie-ab,615000.0,3.0,3.0,1851.0,Duplex
Alberta,airdrie-ab,564900.0,5.0,3.0,1116.0,House
Alberta,airdrie-ab,749900.0,4.0,4.0,2162.0,House
Alberta,airdrie-ab,839900.0,5.0,3.0,2561.0,House
Alberta,airdrie-ab,449900.0,3.0,3.0,1521.0,Townhouse
Alberta,airdrie-ab,499999.0,3.0,4.0,1367.0,Duplex
Alberta,airdrie-ab,639900.0,4.0,4.0,2045.0,House
Alberta,airdrie-ab,359900.0,2.0,2.0,1340.0,Townhouse
Alberta,airdrie-ab,799725.0,5.0,3.0,2248.0,House
Alberta,airdrie-ab,654900.0,5.0,4.0,2222.0,House
Alberta,airdrie-ab,315000.0,2.0,2.0,871.0,Apt/Condo
Alberta,airdrie-ab,549900.0,3.0,4.0,1461.0,House
Alberta,airdrie-ab,999900.0,5.0,4.0,2681.0,House
Alberta,airdrie-ab,629000.0,3.0,4.0,1615.0,House
Alberta,airdrie-ab,549900.0,3.0,3.0,1522.0,Townhouse
Alberta,airdrie-ab,629000.0,4.0,4.0,1788.0,House
Alberta,airdrie-ab,949900.0,4.0,3.0,1509.0,House
Alberta,airdrie-ab,623000.0,4.0,4.0,1819.0,House
Alberta,airdrie-ab,609990.0,3.0,3.0,1836.0,House
Alberta,airdrie-ab,869000.0,4.0,4.0,2207.0,House
Alberta,airdrie-ab,725000.0,3.0,4.0,2341.0,House
Alberta,airdrie-ab,599990.0,2.0,2.0,1119.0,House
Alberta,airdrie-ab,699900.0,5.0,3.0,2315.0,House
Alberta,airdrie-ab,589000.0,3.0,3.0,1736.0,House
Alberta,airdrie-ab,420000.0,2.0,3.0,1170.0,Townhouse
Alberta,airdrie-ab,580000.0,3.0,3.0,1469.0,House
Alberta,airdrie-ab,544900.0,4.0,3.0,1157.0,House
Alberta,airdrie-ab,580000.0,3.0,3.0,1593.0,House
Alberta,airdrie-ab,969900.0,5.0,4.0,2579.0,House
Alberta,airdrie-ab,445000.0,2.0,1.0,963.0,House
Alberta,airdrie-ab,340000.0,2.0,3.0,1115.0,Townhouse
Alberta,airdrie-ab,296000.0,2.0,2.0,868.0,Apt/Condo
Alberta,airdrie-ab,669800.0,3.0,4.0,2207.0,House
Alberta,airdrie-ab,749900.0,3.0,3.0,2485.0,House
Alberta,airdrie-ab,849990.0,5.0,4.0,2644.0,House
Alberta,airdrie-ab,669999.0,5.0,4.0,1710.0,House
Alberta,airdrie-ab,745000.0,5.0,4.0,1983.0,House
Alberta,airdrie-ab,599900.0,4.0,3.0,1497.0,House
Alberta,airdrie-ab,227500.0,2.0,1.0,850.0,Apt/Condo
Alberta,airdrie-ab,749900.0,4.0,3.0,1467.0,House
Alberta,airdrie-ab,759000.0,4.0,5.0,2843.0,House
Alberta,airdrie-ab,449900.0,3.0,3.0,1420.0,Townhouse
Alberta,airdrie-ab,724900.0,4.0,4.0,2044.0,House
Alberta,airdrie-ab,575000.0,3.0,3.0,1806.0,House
Alberta,airdrie-ab,575000.0,3.0,3.0,1641.0,House
Alberta,airdrie-ab,436486.0,4.0,4.0,1661.0,Townhouse
Alberta,airdrie-ab,630000.0,2.0,2.0,1410.0,Duplex
Alberta,airdrie-ab,299900.0,2.0,2.0,872.0,Apt/Condo
Alberta,airdrie-ab,670000.0,3.0,3.0,2062.0,House
Alberta,airdrie-ab,699900.0,3.0,3.0,1950.0,House
Alberta,airdrie-ab,3299000.0,4.0,3.0,1505.0,House
Alberta,airdrie-ab,469990.0,3.0,3.0,1475.0,Townhouse
Alberta,airdrie-ab,639900.0,3.0,4.0,1519.0,House
Alberta,airdrie-ab,599900.0,3.0,3.0,1523.0,House
Alberta,airdrie-ab,244900.0,2.0,2.0,851.0,Apt/Condo
Alberta,airdrie-ab,559900.0,3.0,3.0,1479.0,House
Alberta,airdrie-ab,515000.0,3.0,3.0,1635.0,Townhouse
Alberta,airdrie-ab,600990.0,3.0,3.0,1599.0,House
Alberta,airdrie-ab,759900.0,3.0,3.0,2455.0,House
Alberta,airdrie-ab,515000.0,2.0,3.0,1381.0,Duplex
Alberta,airdrie-ab,736990.0,4.0,3.0,2792.0,House
Alberta,airdrie-ab,570000.0,3.0,3.0,1377.0,House
Alberta,airdrie-ab,509900.0,3.0,3.0,1257.0,Townhouse
Alberta,airdrie-ab,559900.0,3.0,3.0,1421.0,Townhouse
Alberta,airdrie-ab,499900.0,3.0,3.0,1438.0,Townhouse
Alberta,airdrie-ab,845900.0,4.0,4.0,2553.0,House
Alberta,airdrie-ab,709900.0,4.0,3.0,2382.0,House
Alberta,airdrie-ab,830000.0,4.0,4.0,2027.0,House
Alberta,airdrie-ab,688888.0,4.0,4.0,2008.0,House
Alberta,airdrie-ab,819000.0,4.0,4.0,2604.0,House
Alberta,airdrie-ab,769000.0,4.0,3.0,2253.0,House
Alberta,airdrie-ab,819900.0,3.0,3.0,2241.0,House
Alberta,airdrie-ab,499900.0,3.0,3.0,1657.0,Townhouse
Alberta,airdrie-ab,914800.0,5.0,4.0,2348.0,House
Alberta,airdrie-ab,300000.0,2.0,2.0,968.0,Apt/Condo
Alberta,airdrie-ab,246000.0,2.0,2.0,1052.0,Apt/Condo
Alberta,airdrie-ab,287000.0,2.0,2.0,1056.0,Apt/Condo
Alberta,airdrie-ab,516000.0,3.0,3.0,1387.0,House
Alberta,airdrie-ab,589900.0,2.0,3.0,1477.0,Duplex
Alberta,airdrie-ab,549900.0,4.0,3.0,1290.0,House
Alberta,airdrie-ab,974900.0,4.0,4.0,2298.0,House
Alberta,airdrie-ab,734900.0,3.0,3.0,2290.0,House
Alberta,airdrie-ab,605000.0,4.0,3.0,1625.0,House
Alberta,airdrie-ab,602000.0,4.0,3.0,1625.0,House
Alberta,airdrie-ab,638000.0,4.0,3.0,1621.0,House
Alberta,airdrie-ab,749900.0,3.0,3.0,2360.0,House
Alberta,airdrie-ab,709900.0,3.0,3.0,2087.0,House
Alberta,airdrie-ab,769900.0,3.0,3.0,2206.0,House
Alberta,airdrie-ab,599000.0,4.0,4.0,1501.0,House
Alberta,airdrie-ab,709900.0,3.0,2.0,2235.0,House
Alberta,airdrie-ab,699900.0,4.0,3.0,2179.0,House
Alberta,airdrie-ab,639900.0,3.0,3.0,2146.0,House
Alberta,airdrie-ab,699900.0,3.0,3.0,2187.0,House
Alberta,airdrie-ab,639900.0,3.0,3.0,1873.0,House
Alberta,airdrie-ab,689900.0,3.0,3.0,1626.0,House
Alberta,airdrie-ab,294900.0,2.0,2.0,853.0,Apt/Condo
Alberta,airdrie-ab,245000.0,2.0,1.0,816.0,Apt/Condo
Alberta,airdrie-ab,585000.0,3.0,3.0,1630.0,House
Alberta,medicine-hat-ab,570000.0,5.0,3.0,1364.0,House
Alberta,medicine-hat-ab,640000.0,4.0,3.0,1550.0,House
Alberta,medicine-hat-ab,259000.0,2.0,3.0,1280.0,Townhouse
Alberta,medicine-hat-ab,419900.0,3.0,2.0,1716.0,Duplex
Alberta,medicine-hat-ab,699900.0,3.0,3.0,1852.0,House
Alberta,medicine-hat-ab,325000.0,4.0,2.0,831.0,House
Alberta,medicine-hat-ab,349900.0,3.0,2.0,988.0,House
Alberta,medicine-hat-ab,230000.0,2.0,2.0,930.0,Townhouse
Alberta,medicine-hat-ab,264900.0,2.0,2.0,1065.0,Apt/Condo
Alberta,medicine-hat-ab,379900.0,3.0,2.0,1024.0,House
Alberta,medicine-hat-ab,290000.0,4.0,2.0,1086.0,House
Alberta,medicine-hat-ab,358500.0,4.0,2.0,1124.0,House
Alberta,medicine-hat-ab,229900.0,3.0,2.0,620.0,Duplex
Alberta,medicine-hat-ab,379900.0,4.0,3.0,1303.0,House
Alberta,medicine-hat-ab,354900.0,2.0,2.0,985.0,House
Alberta,medicine-hat-ab,169800.0,2.0,1.0,832.0,House
Alberta,medicine-hat-ab,379900.0,0.0,,1750.0,Duplex
Alberta,medicine-hat-ab,149900.0,2.0,2.0,809.0,Apt/Condo
Alberta,medicine-hat-ab,375000.0,4.0,3.0,1256.0,House
Alberta,medicine-hat-ab,279000.0,3.0,2.0,1254.0,House
Alberta,medicine-hat-ab,409900.0,3.0,2.0,968.0,House
Alberta,medicine-hat-ab,389900.0,4.0,2.0,1203.0,House
Alberta,medicine-hat-ab,449000.0,4.0,4.0,2482.0,House
Alberta,medicine-hat-ab,629900.0,3.0,3.0,1519.0,House
Alberta,medicine-hat-ab,52900.0,2.0,1.0,933.0,Mfd/Mobile Home
Alberta,medicine-hat-ab,209900.0,2.0,2.0,1001.0,Apt/Condo
Alberta,medicine-hat-ab,319900.0,2.0,1.0,1407.0,House
Alberta,medicine-hat-ab,167500.0,4.0,1.0,1055.0,House
Alberta,medicine-hat-ab,414900.0,3.0,3.0,931.0,Duplex
Alberta,medicine-hat-ab,379900.0,4.0,3.0,1293.0,House
Alberta,medicine-hat-ab,349000.0,3.0,1.0,1076.0,House
Alberta,medicine-hat-ab,248900.0,3.0,2.0,613.0,House
Alberta,medicine-hat-ab,215500.0,2.0,2.0,1025.0,Apt/Condo
Alberta,medicine-hat-ab,578000.0,0.0,,2000.0,Fourplex
Alberta,medicine-hat-ab,699900.0,2.0,3.0,1290.0,House
Alberta,medicine-hat-ab,529900.0,2.0,3.0,1246.0,House
Alberta,medicine-hat-ab,655000.0,5.0,3.0,1441.0,House
Alberta,medicine-hat-ab,350000.0,3.0,2.0,913.0,House
Alberta,medicine-hat-ab,289500.0,4.0,2.0,1711.0,House
Alberta,medicine-hat-ab,749000.0,4.0,3.0,3184.0,House
Alberta,medicine-hat-ab,487500.0,5.0,3.0,1297.0,House
Alberta,medicine-hat-ab,314900.0,3.0,2.0,917.0,Duplex
Alberta,medicine-hat-ab,379900.0,4.0,2.0,1123.0,House
Alberta,medicine-hat-ab,228900.0,1.0,1.0,1446.0,House
Alberta,medicine-hat-ab,160000.0,3.0,2.0,804.0,House
Alberta,medicine-hat-ab,469000.0,4.0,3.0,1352.0,House
Alberta,medicine-hat-ab,349900.0,4.0,2.0,950.0,House
Alberta,medicine-hat-ab,429000.0,4.0,4.0,1539.0,House
Alberta,medicine-hat-ab,265000.0,3.0,2.0,874.0,House
Alberta,medicine-hat-ab,224800.0,3.0,2.0,1159.0,Townhouse
Alberta,medicine-hat-ab,599000.0,4.0,4.0,2090.0,House
Alberta,medicine-hat-ab,424900.0,5.0,2.0,1188.0,House
Alberta,medicine-hat-ab,229900.0,2.0,1.0,793.0,Apt/Condo
Alberta,medicine-hat-ab,374900.0,4.0,2.0,1112.0,House
Alberta,medicine-hat-ab,299900.0,4.0,2.0,1172.0,House
Alberta,medicine-hat-ab,284900.0,2.0,2.0,1352.0,Townhouse
Alberta,medicine-hat-ab,249900.0,2.0,1.0,795.0,Apt/Condo
Alberta,medicine-hat-ab,349900.0,4.0,2.0,960.0,House
Alberta,medicine-hat-ab,725000.0,5.0,4.0,1828.0,House
Alberta,medicine-hat-ab,319900.0,3.0,2.0,867.0,House
Alberta,medicine-hat-ab,589900.0,3.0,4.0,1701.0,House
Alberta,medicine-hat-ab,214000.0,4.0,1.0,747.0,House
Alberta,medicine-hat-ab,849900.0,5.0,3.0,2141.0,House
Alberta,medicine-hat-ab,324900.0,3.0,3.0,1431.0,Townhouse
Alberta,medicine-hat-ab,279900.0,2.0,2.0,1044.0,Apt/Condo
Alberta,medicine-hat-ab,545000.0,5.0,4.0,1664.0,House
Alberta,medicine-hat-ab,369900.0,4.0,2.0,937.0,House
Alberta,medicine-hat-ab,585000.0,4.0,4.0,2299.0,House
Alberta,medicine-hat-ab,485000.0,3.0,2.0,1289.0,House
Alberta,medicine-hat-ab,389900.0,5.0,3.0,1090.0,House
Alberta,medicine-hat-ab,409999.0,4.0,3.0,1291.0,House
Alberta,medicine-hat-ab,79800.0,3.0,1.0,1036.0,Mfd/Mobile Home
Alberta,medicine-hat-ab,245000.0,2.0,2.0,1118.0,Apt/Condo
Alberta,medicine-hat-ab,649900.0,4.0,3.0,2102.0,House
Alberta,medicine-hat-ab,58900.0,2.0,1.0,889.0,Mfd/Mobile Home
Alberta,medicine-hat-ab,329900.0,3.0,1.0,1067.0,House
Alberta,medicine-hat-ab,468900.0,4.0,4.0,1550.0,House
Alberta,medicine-hat-ab,174900.0,2.0,1.0,871.0,House
Alberta,medicine-hat-ab,379900.0,4.0,2.0,944.0,House
Alberta,medicine-hat-ab,479900.0,4.0,3.0,1335.0,House
Alberta,medicine-hat-ab,579000.0,3.0,3.0,1102.0,House
Alberta,medicine-hat-ab,370000.0,6.0,2.0,1106.0,House
Alberta,medicine-hat-ab,684900.0,4.0,5.0,1861.0,House
Alberta,medicine-hat-ab,429900.0,4.0,3.0,1571.0,House
Alberta,medicine-hat-ab,150000.0,2.0,1.0,661.0,House
Alberta,medicine-hat-ab,259900.0,5.0,2.0,1372.0,House
Alberta,medicine-hat-ab,324900.0,4.0,2.0,906.0,House
Alberta,medicine-hat-ab,507900.0,4.0,4.0,1591.0,House
Alberta,medicine-hat-ab,469900.0,4.0,3.0,1225.0,House
Alberta,medicine-hat-ab,314900.0,3.0,2.0,1290.0,House
Alberta,medicine-hat-ab,674500.0,5.0,2.0,1695.0,House
Alberta,medicine-hat-ab,205000.0,2.0,2.0,839.0,Apt/Condo
Alberta,medicine-hat-ab,349900.0,4.0,2.0,934.0,House
Alberta,medicine-hat-ab,1550000.0,5.0,4.0,1735.0,House
Alberta,medicine-hat-ab,189000.0,2.0,1.0,840.0,House
Alberta,medicine-hat-ab,99900.0,1.0,1.0,,House
Alberta,medicine-hat-ab,599900.0,5.0,3.0,1373.0,House
Alberta,medicine-hat-ab,340000.0,3.0,2.0,878.0,Duplex
Alberta,medicine-hat-ab,589900.0,3.0,3.0,1099.0,House
Alberta,medicine-hat-ab,429900.0,4.0,3.0,1059.0,House
Alberta,medicine-hat-ab,245500.0,3.0,2.0,1362.0,Townhouse
Alberta,medicine-hat-ab,224900.0,3.0,1.0,800.0,Duplex
Alberta,medicine-hat-ab,459999.0,4.0,4.0,2285.0,House
Alberta,medicine-hat-ab,249900.0,3.0,2.0,1374.0,Townhouse
Alberta,medicine-hat-ab,725000.0,4.0,3.0,1615.0,House
Alberta,medicine-hat-ab,99800.0,2.0,1.0,846.0,House
Alberta,medicine-hat-ab,599900.0,4.0,3.0,1609.0,House
Alberta,medicine-hat-ab,499900.0,3.0,3.0,1684.0,House
Alberta,medicine-hat-ab,384900.0,3.0,2.0,1358.0,House
Alberta,medicine-hat-ab,314900.0,3.0,4.0,1546.0,Townhouse
Alberta,medicine-hat-ab,59900.0,3.0,1.0,1197.0,Mfd/Mobile Home
Alberta,medicine-hat-ab,247500.0,2.0,3.0,1440.0,Townhouse
Alberta,medicine-hat-ab,219900.0,3.0,2.0,1065.0,Mfd/Mobile Home
Alberta,medicine-hat-ab,469900.0,3.0,3.0,1392.0,House
Alberta,medicine-hat-ab,214900.0,2.0,1.0,912.0,House
Alberta,medicine-hat-ab,335000.0,3.0,3.0,1366.0,Duplex
Alberta,medicine-hat-ab,478500.0,3.0,3.0,1491.0,House
Alberta,medicine-hat-ab,489900.0,4.0,4.0,1482.0,House
Alberta,medicine-hat-ab,259900.0,2.0,2.0,1064.0,Apt/Condo
Alberta,medicine-hat-ab,524900.0,5.0,3.0,1692.0,House
Alberta,medicine-hat-ab,159900.0,4.0,2.0,1731.0,House
Alberta,medicine-hat-ab,349900.0,4.0,2.0,1111.0,House
Alberta,medicine-hat-ab,598900.0,3.0,3.0,2703.0,House
Alberta,medicine-hat-ab,174900.0,2.0,2.0,604.0,Townhouse
Alberta,medicine-hat-ab,498000.0,4.0,4.0,1566.0,House
Alberta,medicine-hat-ab,386000.0,5.0,2.0,1004.0,House
Alberta,medicine-hat-ab,209900.0,2.0,1.0,954.0,House
Alberta,medicine-hat-ab,499000.0,5.0,3.0,1547.0,House
Alberta,medicine-hat-ab,369000.0,5.0,2.0,1092.0,House
Alberta,medicine-hat-ab,419900.0,4.0,2.0,1100.0,House
Alberta,medicine-hat-ab,369000.0,3.0,2.0,1190.0,House
Alberta,medicine-hat-ab,222500.0,2.0,2.0,1169.0,Townhouse
Alberta,medicine-hat-ab,489900.0,3.0,3.0,2110.0,House
Alberta,medicine-hat-ab,644900.0,2.0,3.0,1155.0,Townhouse
Alberta,medicine-hat-ab,129000.0,0.0,,,Land/Lot
Alberta,medicine-hat-ab,639900.0,4.0,4.0,1763.0,House
Alberta,medicine-hat-ab,184750.0,2.0,1.0,803.0,House
Alberta,medicine-hat-ab,599000.0,5.0,4.0,2184.0,House
Alberta,medicine-hat-ab,222222.0,2.0,2.0,961.0,Townhouse
Alberta,medicine-hat-ab,239500.0,2.0,2.0,598.0,House
Alberta,medicine-hat-ab,649900.0,4.0,4.0,2253.0,House
Alberta,medicine-hat-ab,699900.0,3.0,3.0,1853.0,House
Alberta,medicine-hat-ab,889000.0,5.0,5.0,1527.0,House
Alberta,medicine-hat-ab,44900.0,3.0,1.0,784.0,Mfd/Mobile Home
Alberta,medicine-hat-ab,839000.0,4.0,3.0,1497.0,House
Alberta,medicine-hat-ab,720000.0,4.0,4.0,1413.0,House
Alberta,medicine-hat-ab,562500.0,5.0,4.0,2112.0,House
Alberta,medicine-hat-ab,234900.0,1.0,1.0,718.0,Apt/Condo
Alberta,medicine-hat-ab,609900.0,4.0,3.0,1398.0,House
Alberta,medicine-hat-ab,525900.0,0.0,,1802.0,Fourplex
Alberta,medicine-hat-ab,354900.0,4.0,2.0,994.0,House
Alberta,medicine-hat-ab,399900.0,3.0,3.0,944.0,Duplex
Alberta,medicine-hat-ab,450000.0,2.0,2.0,1514.0,Recreational
Alberta,medicine-hat-ab,1200000.0,4.0,2.0,1201.0,House
Alberta,medicine-hat-ab,575000.0,3.0,3.0,2839.0,Duplex
Alberta,medicine-hat-ab,205000.0,0.0,,,Land/Lot
Alberta,medicine-hat-ab,205000.0,0.0,,,Land/Lot
Alberta,medicine-hat-ab,205000.0,0.0,,,Land/Lot
Alberta,medicine-hat-ab,610000.0,3.0,3.0,2156.0,Recreational
Alberta,medicine-hat-ab,279900.0,2.0,1.0,865.0,Recreational
Alberta,medicine-hat-ab,789900.0,4.0,3.0,1937.0,House
Alberta,medicine-hat-ab,2100000.0,0.0,,,Land/Lot
Alberta,medicine-hat-ab,804373.0,2.0,2.0,1167.0,Duplex
Alberta,medicine-hat-ab,86000.0,0.0,,,Land/Lot
Alberta,medicine-hat-ab,89900.0,0.0,,,Land/Lot
Alberta,medicine-hat-ab,599900.0,0.0,,,Land/Lot
Alberta,st-albert-ab,420000.0,2.0,2.0,1326.0,Townhouse
Alberta,st-albert-ab,514900.0,4.0,2.0,1221.0,House
Alberta,st-albert-ab,295000.0,3.0,3.0,1680.0,Townhouse
Alberta,st-albert-ab,639900.0,3.0,3.0,2024.0,House
Alberta,st-albert-ab,1379900.0,5.0,5.0,3200.0,House
Alberta,st-albert-ab,449000.0,4.0,3.0,590.0,House
Alberta,st-albert-ab,724900.0,4.0,3.0,1790.0,House
Alberta,st-albert-ab,219900.0,2.0,2.0,1179.0,Apt/Condo
Alberta,st-albert-ab,669000.0,4.0,3.0,2336.0,House
Alberta,st-albert-ab,609000.0,3.0,3.0,1959.0,House
Alberta,st-albert-ab,299000.0,3.0,2.0,1216.0,Townhouse
Alberta,st-albert-ab,234000.0,1.0,1.0,712.0,Apt/Condo
Alberta,st-albert-ab,1499900.0,3.0,3.0,1766.0,House
Alberta,st-albert-ab,829000.0,3.0,3.0,2605.0,House
Alberta,st-albert-ab,385000.0,3.0,1.0,1193.0,House
Alberta,st-albert-ab,1009000.0,3.0,3.0,2831.0,House
Alberta,st-albert-ab,415000.0,3.0,3.0,1197.0,House
Alberta,st-albert-ab,695000.0,3.0,3.0,1425.0,House
Alberta,st-albert-ab,479900.0,4.0,2.0,1115.0,House
Alberta,st-albert-ab,524900.0,2.0,3.0,1353.0,Townhouse
Alberta,st-albert-ab,399900.0,1.0,3.0,1021.0,Townhouse
Alberta,st-albert-ab,1049900.0,5.0,5.0,2995.0,House
Alberta,st-albert-ab,499000.0,4.0,2.0,1060.0,House
Alberta,st-albert-ab,619900.0,2.0,2.0,1544.0,House
Alberta,st-albert-ab,629250.0,3.0,3.0,2164.0,House
Alberta,st-albert-ab,799900.0,4.0,3.0,2573.0,House
Alberta,st-albert-ab,449900.0,5.0,3.0,1198.0,House
Alberta,st-albert-ab,494900.0,4.0,3.0,1189.0,House
Alberta,st-albert-ab,359900.0,3.0,1.0,1090.0,House
Alberta,st-albert-ab,700000.0,4.0,4.0,1774.0,House
Alberta,st-albert-ab,114900.0,1.0,1.0,704.0,Apt/Condo
Alberta,st-albert-ab,509000.0,4.0,4.0,1553.0,Duplex
Alberta,st-albert-ab,799900.0,3.0,3.0,2381.0,House
Alberta,st-albert-ab,649900.0,4.0,3.0,2179.0,House
Alberta,st-albert-ab,450000.0,3.0,3.0,1396.0,House
Alberta,st-albert-ab,549900.0,4.0,4.0,1580.0,House
Alberta,st-albert-ab,540000.0,3.0,3.0,1790.0,House
Alberta,st-albert-ab,834900.0,4.0,4.0,2616.0,House
Alberta,st-albert-ab,414900.0,2.0,3.0,1216.0,Townhouse
Alberta,st-albert-ab,469900.0,4.0,3.0,1458.0,House
Alberta,st-albert-ab,679800.0,4.0,4.0,2243.0,House
Alberta,st-albert-ab,288800.0,2.0,2.0,950.0,Apt/Condo
Alberta,st-albert-ab,424900.0,5.0,2.0,1581.0,House
Alberta,st-albert-ab,249900.0,2.0,1.0,1005.0,House
Alberta,st-albert-ab,747000.0,3.0,3.0,2184.0,House
Alberta,st-albert-ab,675000.0,4.0,4.0,2100.0,House
Alberta,st-albert-ab,205000.0,1.0,2.0,915.0,Apt/Condo
Alberta,st-albert-ab,559900.0,4.0,4.0,1755.0,House
Alberta,st-albert-ab,714900.0,5.0,3.0,2471.0,House
Alberta,st-albert-ab,809500.0,3.0,3.0,2652.0,House
Alberta,st-albert-ab,639900.0,4.0,3.0,2095.0,House
Alberta,st-albert-ab,258800.0,2.0,2.0,1175.0,Apt/Condo
Alberta,st-albert-ab,629900.0,5.0,3.0,1933.0,House
Alberta,st-albert-ab,324900.0,3.0,3.0,1391.0,Townhouse
Alberta,st-albert-ab,315000.0,3.0,3.0,1281.0,Townhouse
Alberta,st-albert-ab,634900.0,4.0,3.0,2161.0,House
Alberta,st-albert-ab,539900.0,3.0,3.0,1532.0,Townhouse
Alberta,st-albert-ab,350000.0,3.0,3.0,1399.0,House
Alberta,st-albert-ab,525000.0,4.0,3.0,2264.0,House
Alberta,st-albert-ab,824900.0,3.0,3.0,2395.0,House
Alberta,st-albert-ab,145000.0,1.0,1.0,655.0,Apt/Condo
Alberta,st-albert-ab,629900.0,5.0,3.0,2203.0,House
Alberta,st-albert-ab,629900.0,4.0,3.0,2115.0,House
Alberta,st-albert-ab,864900.0,5.0,4.0,2709.0,House
Alberta,st-albert-ab,209000.0,1.0,1.0,809.0,Apt/Condo
Alberta,st-albert-ab,119000.0,2.0,1.0,870.0,Apt/Condo
Alberta,st-albert-ab,575000.0,4.0,4.0,2149.0,House
Alberta,st-albert-ab,684900.0,4.0,3.0,1311.0,House
Alberta,st-albert-ab,949900.0,4.0,4.0,2509.0,House
Alberta,st-albert-ab,515000.0,4.0,3.0,1147.0,House
Alberta,st-albert-ab,749000.0,3.0,3.0,2354.0,House
Alberta,st-albert-ab,424952.0,3.0,3.0,1480.0,Townhouse
Alberta,st-albert-ab,849000.0,3.0,3.0,1750.0,House
Alberta,st-albert-ab,849000.0,3.0,3.0,2299.0,House
Alberta,st-albert-ab,129900.0,1.0,1.0,675.0,Apt/Condo
Alberta,st-albert-ab,439900.0,4.0,2.0,1052.0,House
Alberta,st-albert-ab,339900.0,1.0,1.0,763.0,Apt/Condo
Alberta,st-albert-ab,259900.0,3.0,2.0,1203.0,Townhouse
Alberta,st-albert-ab,399900.0,3.0,1.0,1192.0,House
Alberta,st-albert-ab,459900.0,1.0,1.0,1030.0,Apt/Condo
Alberta,st-albert-ab,849900.0,4.0,4.0,2276.0,House
Alberta,st-albert-ab,409000.0,2.0,3.0,1215.0,Townhouse
Alberta,st-albert-ab,299900.0,4.0,2.0,836.0,House
Alberta,st-albert-ab,529000.0,3.0,3.0,1970.0,House
Alberta,st-albert-ab,349900.0,4.0,4.0,1258.0,Townhouse
Alberta,st-albert-ab,497900.0,4.0,3.0,1886.0,House
Alberta,st-albert-ab,869999.0,3.0,3.0,2669.0,House
Alberta,st-albert-ab,192900.0,1.0,1.0,815.0,Apt/Condo
Alberta,st-albert-ab,4995000.0,7.0,8.0,7722.0,House
Alberta,st-albert-ab,819900.0,3.0,3.0,2519.0,House
Alberta,st-albert-ab,310000.0,3.0,2.0,1217.0,Townhouse
Alberta,st-albert-ab,1249900.0,5.0,4.0,2799.0,House
Alberta,st-albert-ab,399000.0,2.0,2.0,1037.0,Apt/Condo
Alberta,st-albert-ab,499500.0,3.0,3.0,1624.0,Duplex
Alberta,st-albert-ab,649998.0,3.0,3.0,2095.0,House
Alberta,st-albert-ab,189900.0,2.0,2.0,990.0,Apt/Condo
Alberta,st-albert-ab,870000.0,5.0,4.0,2778.0,House
Alberta,st-albert-ab,999999.0,3.0,3.0,2583.0,House
Alberta,st-albert-ab,629950.0,4.0,3.0,2164.0,House
Alberta,st-albert-ab,639900.0,3.0,3.0,2144.0,House
Alberta,st-albert-ab,324900.0,4.0,3.0,1446.0,Townhouse
Alberta,st-albert-ab,574900.0,4.0,4.0,2097.0,House
Alberta,st-albert-ab,429900.0,3.0,3.0,1420.0,Duplex
Alberta,st-albert-ab,226900.0,2.0,2.0,850.0,Apt/Condo
Alberta,st-albert-ab,929900.0,3.0,3.0,1968.0,House
Alberta,st-albert-ab,349900.0,3.0,3.0,1081.0,House
Alberta,st-albert-ab,389900.0,3.0,3.0,1546.0,Townhouse
Alberta,st-albert-ab,849900.0,2.0,2.0,1731.0,Apt/Condo
Alberta,st-albert-ab,519500.0,3.0,3.0,1623.0,House
Alberta,st-albert-ab,389000.0,4.0,3.0,1216.0,House
Alberta,st-albert-ab,459500.0,3.0,3.0,1642.0,House
Alberta,st-albert-ab,824900.0,3.0,3.0,2381.0,House
Alberta,st-albert-ab,499900.0,2.0,3.0,1304.0,Townhouse
Alberta,st-albert-ab,734900.0,2.0,2.0,1504.0,House
Alberta,st-albert-ab,675000.0,4.0,3.0,2335.0,House
Alberta,st-albert-ab,424500.0,3.0,2.0,1060.0,House
Alberta,st-albert-ab,299900.0,0.0,0.0,,Land/Lot
Alberta,st-albert-ab,809900.0,3.0,3.0,2493.0,House
Alberta,st-albert-ab,219900.0,2.0,1.0,813.0,Apt/Condo
Alberta,st-albert-ab,639800.0,4.0,3.0,2167.0,House
Alberta,st-albert-ab,429900.0,4.0,2.0,864.0,House
Alberta,st-albert-ab,199900.0,2.0,1.0,1033.0,House
Alberta,st-albert-ab,189900.0,1.0,1.0,831.0,Apt/Condo
Alberta,st-albert-ab,825000.0,4.0,4.0,2174.0,House
Alberta,st-albert-ab,124900.0,1.0,1.0,723.0,Apt/Condo
Alberta,st-albert-ab,243800.0,2.0,1.0,972.0,House
Alberta,st-albert-ab,869000.0,4.0,4.0,2178.0,House
Alberta,st-albert-ab,640000.0,4.0,4.0,2535.0,House
Alberta,st-albert-ab,465599.0,2.0,3.0,1325.0,Townhouse
Alberta,st-albert-ab,497500.0,3.0,3.0,1664.0,Duplex
Alberta,st-albert-ab,562000.0,2.0,2.0,1908.0,Apt/Condo
Alberta,st-albert-ab,488700.0,3.0,3.0,1609.0,Duplex
Alberta,st-albert-ab,729998.0,4.0,3.0,2484.0,House
Alberta,st-albert-ab,629900.0,5.0,3.0,2191.0,House
Alberta,st-albert-ab,849998.0,4.0,3.0,2831.0,House
Alberta,st-albert-ab,649000.0,3.0,3.0,2161.0,House
Alberta,st-albert-ab,535000.0,3.0,3.0,1645.0,Duplex
Alberta,st-albert-ab,619900.0,3.0,4.0,1715.0,House
Alberta,st-albert-ab,699900.0,3.0,3.0,2168.0,House
Alberta,st-albert-ab,254900.0,4.0,2.0,1335.0,Townhouse
Alberta,st-albert-ab,705000.0,2.0,3.0,1329.0,Duplex
Alberta,st-albert-ab,545895.0,3.0,3.0,1474.0,Townhouse
Alberta,st-albert-ab,449016.0,2.0,3.0,1327.0,Townhouse
Alberta,st-albert-ab,587895.0,2.0,3.0,1715.0,Townhouse
Alberta,st-albert-ab,269900.0,4.0,3.0,1333.0,Townhouse
Alberta,st-albert-ab,320000.0,3.0,2.0,924.0,Townhouse
Alberta,st-albert-ab,749900.0,3.0,3.0,2259.0,House
Alberta,st-albert-ab,519000.0,3.0,3.0,1658.0,House
Alberta,st-albert-ab,649000.0,3.0,4.0,2281.0,House
Alberta,st-albert-ab,829000.0,2.0,2.0,1733.0,House
Alberta,st-albert-ab,375000.0,4.0,2.0,946.0,House
Alberta,st-albert-ab,569900.0,3.0,3.0,1652.0,House
Alberta,st-albert-ab,1099500.0,4.0,4.0,2916.0,House
Alberta,st-albert-ab,218000.0,1.0,1.0,996.0,Apt/Condo
Alberta,st-albert-ab,244900.0,3.0,2.0,1179.0,Townhouse
Alberta,st-albert-ab,187500.0,2.0,1.0,686.0,Apt/Condo
Alberta,st-albert-ab,774900.0,5.0,4.0,2200.0,House
Alberta,st-albert-ab,479900.0,3.0,3.0,1703.0,House
Alberta,st-albert-ab,547500.0,5.0,3.0,1334.0,House
Alberta,st-albert-ab,244900.0,1.0,2.0,805.0,Apt/Condo
Alberta,st-albert-ab,387500.0,1.0,1.0,725.0,Apt/Condo
Alberta,st-albert-ab,284900.0,2.0,2.0,1044.0,Apt/Condo
Alberta,st-albert-ab,699900.0,3.0,3.0,2088.0,House
Alberta,st-albert-ab,649900.0,4.0,3.0,2002.0,House
Alberta,st-albert-ab,279000.0,1.0,1.0,708.0,Apt/Condo
Alberta,st-albert-ab,199900.0,1.0,1.0,1009.0,Apt/Condo
Alberta,st-albert-ab,799900.0,4.0,3.0,2610.0,House
Alberta,st-albert-ab,929000.0,5.0,6.0,2803.0,House
Alberta,st-albert-ab,209900.0,2.0,1.0,1109.0,House
Alberta,st-albert-ab,220900.0,3.0,1.0,1042.0,House
Alberta,st-albert-ab,488700.0,3.0,3.0,1565.0,Duplex
Alberta,st-albert-ab,499000.0,3.0,3.0,892.0,Apt/Condo
Alberta,st-albert-ab,779900.0,4.0,3.0,2578.0,House
Alberta,st-albert-ab,814000.0,5.0,4.0,2662.0,House
Alberta,st-albert-ab,1499000.0,5.0,5.0,2613.0,House
Alberta,st-albert-ab,659900.0,4.0,3.0,2160.0,House
Alberta,st-albert-ab,659900.0,3.0,3.0,2116.0,House
Alberta,st-albert-ab,425000.0,3.0,2.0,1056.0,House
Alberta,st-albert-ab,765000.0,4.0,3.0,1605.0,House
Alberta,st-albert-ab,539000.0,3.0,3.0,1647.0,House
Alberta,st-albert-ab,1001214.0,5.0,5.0,4547.0,House
Alberta,st-albert-ab,429900.0,2.0,4.0,1914.0,Townhouse
Alberta,st-albert-ab,974900.0,3.0,3.0,1765.0,House
Alberta,st-albert-ab,974900.0,3.0,3.0,1765.0,House
Alberta,st-albert-ab,150000.0,1.0,1.0,655.0,Apt/Condo
Alberta,st-albert-ab,324900.0,2.0,2.0,1277.0,Apt/Condo
Alberta,st-albert-ab,509000.0,3.0,3.0,1869.0,House
Alberta,st-albert-ab,729900.0,4.0,3.0,1701.0,House
Alberta,st-albert-ab,485000.0,3.0,4.0,2021.0,House
Alberta,st-albert-ab,699900.0,3.0,4.0,2305.0,House
Alberta,st-albert-ab,639000.0,3.0,3.0,2131.0,House
Alberta,st-albert-ab,254900.0,3.0,2.0,1119.0,Townhouse
Alberta,st-albert-ab,944997.0,3.0,3.0,2802.0,House
Alberta,st-albert-ab,848999.0,4.0,4.0,2735.0,House
Alberta,st-albert-ab,2150000.0,4.0,4.0,3462.0,House
Alberta,st-albert-ab,940000.0,6.0,5.0,2635.0,House
Alberta,st-albert-ab,769000.0,4.0,4.0,2445.0,House
Alberta,st-albert-ab,684900.0,4.0,4.0,2332.0,House
Alberta,st-albert-ab,299900.0,2.0,2.0,1036.0,Townhouse
Alberta,st-albert-ab,469900.0,4.0,2.0,1121.0,House
Alberta,st-albert-ab,488247.0,4.0,3.0,1374.0,Apt/Condo
Alberta,st-albert-ab,429648.0,4.0,3.0,1374.0,Apt/Condo
Alberta,st-albert-ab,443559.0,4.0,3.0,1374.0,Apt/Condo
Alberta,st-albert-ab,471384.0,3.0,3.0,1374.0,Apt/Condo
Alberta,st-albert-ab,979000.0,4.0,3.0,3469.0,House
Alberta,st-albert-ab,699000.0,4.0,3.0,2368.0,House
Alberta,st-albert-ab,529900.0,3.0,3.0,1699.0,House
Alberta,st-albert-ab,194900.0,1.0,1.0,666.0,Apt/Condo
Alberta,st-albert-ab,699900.0,4.0,4.0,2268.0,House
Alberta,st-albert-ab,924900.0,3.0,3.0,2519.0,House
Alberta,st-albert-ab,885195.0,3.0,4.0,2605.0,House
Alberta,st-albert-ab,539900.0,3.0,3.0,1737.0,Duplex
Alberta,st-albert-ab,212500.0,2.0,2.0,1228.0,Apt/Condo
Alberta,st-albert-ab,697500.0,3.0,3.0,2169.0,House
Alberta,st-albert-ab,1049000.0,3.0,3.0,1605.0,House
Alberta,st-albert-ab,874900.0,4.0,3.0,2602.0,House
Alberta,st-albert-ab,599500.0,3.0,3.0,1957.0,House
Alberta,st-albert-ab,1999900.0,4.0,5.0,3135.0,House
Alberta,st-albert-ab,749000.0,4.0,4.0,2497.0,House
Alberta,st-albert-ab,503700.0,3.0,3.0,1671.0,Duplex
Alberta,st-albert-ab,1475000.0,3.0,3.0,3347.0,House
Alberta,st-albert-ab,598395.0,3.0,3.0,2240.0,House
Alberta,st-albert-ab,866132.0,3.0,3.0,2298.0,House
Alberta,st-albert-ab,598395.0,3.0,3.0,2301.0,House
Alberta,st-albert-ab,608895.0,3.0,3.0,2375.0,House
Alberta,st-albert-ab,499500.0,3.0,3.0,1645.0,Duplex
Alberta,st-albert-ab,459500.0,3.0,3.0,1602.0,House
Alberta,st-albert-ab,472389.0,2.0,3.0,1410.0,Townhouse
Alberta,st-albert-ab,899999.0,5.0,4.0,3163.0,House
Alberta,st-albert-ab,575295.0,2.0,2.0,1088.0,Apt/Condo
Saskatchewan,regina-sk,624900.0,5.0,4.0,2588.0,House
Saskatchewan,regina-sk,600000.0,4.0,2.0,2172.0,House
Saskatchewan,regina-sk,328000.0,3.0,2.0,1324.0,Apt/Condo
Saskatchewan,regina-sk,675000.0,3.0,3.0,2485.0,House
Saskatchewan,regina-sk,725000.0,3.0,3.0,2670.0,House
Saskatchewan,regina-sk,259900.0,4.0,2.0,836.0,House
Saskatchewan,regina-sk,104900.0,2.0,1.0,781.0,Apt/Condo
Saskatchewan,regina-sk,289000.0,2.0,2.0,909.0,House
Saskatchewan,regina-sk,459900.0,3.0,2.0,1140.0,House
Saskatchewan,regina-sk,39900.0,2.0,1.0,600.0,House
Saskatchewan,regina-sk,600000.0,3.0,2.0,1588.0,House
Saskatchewan,regina-sk,199900.0,2.0,1.0,904.0,Townhouse
Saskatchewan,regina-sk,159500.0,3.0,1.0,1034.0,Townhouse
Saskatchewan,regina-sk,429900.0,4.0,3.0,1206.0,House
Saskatchewan,regina-sk,359900.0,3.0,3.0,1384.0,House
Saskatchewan,regina-sk,199900.0,2.0,2.0,1152.0,Apt/Condo
Saskatchewan,regina-sk,419900.0,2.0,3.0,1482.0,Townhouse
Saskatchewan,regina-sk,62500.0,2.0,1.0,669.0,House
Saskatchewan,regina-sk,348000.0,3.0,2.0,1855.0,House
Saskatchewan,regina-sk,454900.0,4.0,2.0,1773.0,House
Saskatchewan,regina-sk,499900.0,3.0,2.0,1564.0,House
Saskatchewan,regina-sk,714900.0,3.0,3.0,2056.0,House
Saskatchewan,regina-sk,219900.0,2.0,1.0,1066.0,Townhouse
Saskatchewan,regina-sk,231900.0,2.0,2.0,1268.0,Apt/Condo
Saskatchewan,regina-sk,349900.0,4.0,2.0,884.0,House
Saskatchewan,regina-sk,410000.0,5.0,3.0,1620.0,House
Saskatchewan,regina-sk,324900.0,3.0,2.0,814.0,House
Saskatchewan,regina-sk,339900.0,3.0,2.0,1011.0,House
Saskatchewan,regina-sk,399900.0,4.0,3.0,1600.0,House
Saskatchewan,regina-sk,279900.0,5.0,2.0,994.0,House
Saskatchewan,regina-sk,469900.0,7.0,4.0,1800.0,Fourplex
Saskatchewan,regina-sk,94900.0,2.0,1.0,913.0,Apt/Condo
Saskatchewan,regina-sk,390000.0,4.0,2.0,1550.0,House
Saskatchewan,regina-sk,59900.0,2.0,1.0,826.0,House
Saskatchewan,regina-sk,179900.0,1.0,0.0,686.0,House
Saskatchewan,regina-sk,398000.0,2.0,1.0,1292.0,House
Saskatchewan,regina-sk,482500.0,5.0,4.0,1422.0,House
Saskatchewan,regina-sk,698900.0,6.0,5.0,3795.0,House
Saskatchewan,regina-sk,524900.0,4.0,3.0,1458.0,House
Saskatchewan,regina-sk,264000.0,2.0,1.0,520.0,House
Saskatchewan,regina-sk,164900.0,2.0,1.0,770.0,Apt/Condo
Saskatchewan,regina-sk,99900.0,2.0,1.0,909.0,Apt/Condo
Saskatchewan,regina-sk,149900.0,2.0,2.0,752.0,House
Saskatchewan,regina-sk,72500.0,3.0,2.0,630.0,House
Saskatchewan,regina-sk,399900.0,4.0,3.0,1972.0,House
Saskatchewan,regina-sk,300000.0,3.0,3.0,1615.0,Townhouse
Saskatchewan,regina-sk,279900.0,3.0,2.0,1658.0,House
Saskatchewan,regina-sk,2599900.0,0.0,,,Multifamily
Saskatchewan,regina-sk,549900.0,5.0,3.0,2314.0,House
Saskatchewan,regina-sk,249900.0,5.0,2.0,1162.0,House
Saskatchewan,regina-sk,678000.0,6.0,4.0,2229.0,House
Saskatchewan,regina-sk,399900.0,3.0,3.0,1381.0,House
Saskatchewan,regina-sk,360000.0,4.0,2.0,1050.0,House
Saskatchewan,regina-sk,319900.0,5.0,2.0,1269.0,House
Saskatchewan,regina-sk,339000.0,4.0,2.0,1042.0,House
Saskatchewan,regina-sk,275000.0,4.0,2.0,1522.0,House
Saskatchewan,regina-sk,199000.0,2.0,2.0,920.0,Townhouse
Saskatchewan,regina-sk,159900.0,2.0,1.0,502.0,House
Saskatchewan,regina-sk,290000.0,2.0,4.0,1065.0,Townhouse
Saskatchewan,regina-sk,609900.0,5.0,3.0,1652.0,Duplex
Saskatchewan,regina-sk,199900.0,4.0,2.0,1280.0,House
Saskatchewan,regina-sk,484900.0,4.0,4.0,1414.0,Townhouse
Saskatchewan,regina-sk,319900.0,2.0,2.0,833.0,Apt/Condo
Saskatchewan,regina-sk,189900.0,2.0,1.0,696.0,House
Saskatchewan,regina-sk,129900.0,3.0,2.0,924.0,House
Saskatchewan,regina-sk,117700.0,1.0,1.0,602.0,Apt/Condo
Saskatchewan,regina-sk,189900.0,2.0,2.0,778.0,House
Saskatchewan,regina-sk,689900.0,6.0,4.0,1753.0,House
Saskatchewan,regina-sk,259900.0,3.0,1.0,896.0,House
Saskatchewan,regina-sk,369900.0,3.0,4.0,1680.0,House
Saskatchewan,regina-sk,234900.0,4.0,2.0,1029.0,House
Saskatchewan,regina-sk,409900.0,2.0,2.0,1338.0,Apt/Condo
Saskatchewan,regina-sk,199900.0,2.0,1.0,753.0,Townhouse
Saskatchewan,regina-sk,429900.0,3.0,2.0,1340.0,House
Saskatchewan,regina-sk,314000.0,4.0,3.0,1040.0,House
Saskatchewan,regina-sk,325000.0,3.0,3.0,1067.0,House
Saskatchewan,regina-sk,339000.0,4.0,2.0,841.0,House
Saskatchewan,regina-sk,299900.0,3.0,2.0,1004.0,House
Saskatchewan,regina-sk,277900.0,4.0,2.0,1023.0,House
Saskatchewan,regina-sk,53900.0,2.0,1.0,704.0,House
Saskatchewan,regina-sk,159900.0,2.0,1.0,684.0,House
Saskatchewan,regina-sk,359900.0,4.0,2.0,987.0,House
Saskatchewan,regina-sk,279900.0,4.0,2.0,816.0,House
Saskatchewan,regina-sk,289900.0,3.0,2.0,1174.0,House
Saskatchewan,regina-sk,128900.0,1.0,1.0,624.0,Apt/Condo
Saskatchewan,regina-sk,229900.0,3.0,1.0,1270.0,House
Saskatchewan,regina-sk,399900.0,4.0,3.0,1349.0,House
Saskatchewan,regina-sk,299910.0,3.0,2.0,1013.0,House
Saskatchewan,regina-sk,189900.0,2.0,1.0,825.0,Townhouse
Saskatchewan,regina-sk,159900.0,2.0,1.0,741.0,House
Saskatchewan,regina-sk,439900.0,3.0,3.0,1640.0,Townhouse
Saskatchewan,regina-sk,525000.0,2.0,3.0,3514.0,Townhouse
Saskatchewan,regina-sk,599000.0,4.0,4.0,1480.0,House
Saskatchewan,regina-sk,609900.0,5.0,4.0,1811.0,House
Saskatchewan,regina-sk,324900.0,3.0,3.0,1362.0,House
Saskatchewan,regina-sk,205000.0,2.0,1.0,786.0,Townhouse
Saskatchewan,regina-sk,149900.0,2.0,1.0,865.0,Apt/Condo
Saskatchewan,regina-sk,449900.0,3.0,2.0,1860.0,House
Saskatchewan,regina-sk,450000.0,4.0,3.0,1010.0,House
Saskatchewan,regina-sk,379900.0,3.0,2.0,1336.0,House
Saskatchewan,regina-sk,329900.0,3.0,2.0,1066.0,House
Saskatchewan,regina-sk,300000.0,4.0,2.0,832.0,House
Saskatchewan,regina-sk,334900.0,3.0,2.0,1100.0,House
Saskatchewan,regina-sk,449900.0,2.0,3.0,1662.0,House
Saskatchewan,regina-sk,274900.0,3.0,2.0,1072.0,House
Saskatchewan,regina-sk,339900.0,3.0,2.0,884.0,House
Saskatchewan,regina-sk,499500.0,4.0,3.0,1744.0,House
Saskatchewan,regina-sk,299900.0,3.0,2.0,1092.0,House
Saskatchewan,regina-sk,261195.0,3.0,1.0,1274.0,House
Saskatchewan,regina-sk,274900.0,3.0,2.0,663.0,House
Saskatchewan,regina-sk,97000.0,1.0,1.0,689.0,Apt/Condo
Saskatchewan,regina-sk,169900.0,2.0,1.0,700.0,House
Saskatchewan,regina-sk,619900.0,4.0,3.0,1729.0,House
Saskatchewan,regina-sk,529900.0,4.0,3.0,1478.0,House
Saskatchewan,regina-sk,450000.0,3.0,2.0,1704.0,House
Saskatchewan,regina-sk,175000.0,3.0,1.0,744.0,House
Saskatchewan,regina-sk,599900.0,3.0,4.0,1795.0,House
Saskatchewan,regina-sk,209900.0,2.0,1.0,842.0,Townhouse
Saskatchewan,regina-sk,209900.0,4.0,2.0,1025.0,House
Saskatchewan,regina-sk,574100.0,3.0,3.0,1619.0,House
Saskatchewan,regina-sk,239900.0,3.0,1.0,887.0,House
Saskatchewan,regina-sk,295900.0,4.0,1.0,960.0,House
Saskatchewan,regina-sk,236900.0,2.0,1.0,944.0,Townhouse
Saskatchewan,regina-sk,319000.0,3.0,2.0,1054.0,Townhouse
Saskatchewan,regina-sk,168000.0,2.0,1.0,793.0,Apt/Condo
Saskatchewan,regina-sk,698900.0,6.0,4.0,1777.0,House
Saskatchewan,regina-sk,325000.0,3.0,3.0,1072.0,House
Saskatchewan,regina-sk,274900.0,3.0,2.0,839.0,House
Saskatchewan,regina-sk,189900.0,2.0,1.0,651.0,House
Saskatchewan,regina-sk,469900.0,4.0,4.0,1704.0,House
Saskatchewan,regina-sk,314900.0,3.0,2.0,800.0,House
Saskatchewan,regina-sk,393900.0,3.0,3.0,1428.0,Townhouse
Saskatchewan,regina-sk,449900.0,4.0,2.0,1601.0,House
Saskatchewan,regina-sk,550000.0,4.0,4.0,1481.0,House
Saskatchewan,regina-sk,579900.0,4.0,3.0,2010.0,House
Saskatchewan,regina-sk,299000.0,1.0,2.0,1044.0,Apt/Condo
Saskatchewan,regina-sk,359900.0,4.0,2.0,1092.0,House
Saskatchewan,regina-sk,385000.0,2.0,2.0,1704.0,Apt/Condo
Saskatchewan,regina-sk,197900.0,3.0,2.0,1188.0,Townhouse
Saskatchewan,regina-sk,259900.0,4.0,3.0,1509.0,Townhouse
Saskatchewan,regina-sk,265000.0,2.0,2.0,966.0,Townhouse
Saskatchewan,regina-sk,299900.0,2.0,3.0,1172.0,Townhouse
Saskatchewan,regina-sk,225000.0,3.0,2.0,1008.0,Townhouse
Saskatchewan,regina-sk,219900.0,3.0,1.0,1018.0,Townhouse
Saskatchewan,regina-sk,909950.0,4.0,4.0,2875.0,House
Saskatchewan,regina-sk,129900.0,1.0,1.0,720.0,Apt/Condo
Saskatchewan,regina-sk,299900.0,3.0,3.0,1244.0,Townhouse
Saskatchewan,regina-sk,189900.0,2.0,1.0,756.0,House
Saskatchewan,regina-sk,118900.0,2.0,1.0,610.0,House
Saskatchewan,regina-sk,699000.0,6.0,4.0,2496.0,House
Saskatchewan,regina-sk,249900.0,1.0,2.0,753.0,Apt/Condo
Saskatchewan,regina-sk,295900.0,4.0,2.0,888.0,House
Saskatchewan,regina-sk,330000.0,4.0,2.0,1750.0,House
Saskatchewan,regina-sk,422050.0,5.0,3.0,1664.0,House
Saskatchewan,regina-sk,186900.0,2.0,1.0,843.0,Apt/Condo
Saskatchewan,regina-sk,54900.0,0.0,,,Land/Lot
Saskatchewan,regina-sk,359900.0,4.0,2.0,892.0,House
Saskatchewan,regina-sk,474900.0,3.0,2.0,2049.0,House
Saskatchewan,regina-sk,399900.0,3.0,2.0,1233.0,House
Saskatchewan,regina-sk,299900.0,3.0,2.0,924.0,House
Saskatchewan,regina-sk,219900.0,3.0,2.0,1399.0,House
Saskatchewan,regina-sk,134000.0,4.0,1.0,1164.0,House
Saskatchewan,regina-sk,356000.0,4.0,2.0,1020.0,House
Saskatchewan,regina-sk,384900.0,4.0,4.0,1378.0,House
Saskatchewan,regina-sk,729900.0,4.0,4.0,1765.0,House
Saskatchewan,regina-sk,379000.0,3.0,3.0,1321.0,Townhouse
Saskatchewan,regina-sk,104900.0,1.0,1.0,615.0,Apt/Condo
Saskatchewan,regina-sk,220900.0,2.0,2.0,926.0,Apt/Condo
Saskatchewan,regina-sk,475000.0,4.0,3.0,1320.0,House
Saskatchewan,regina-sk,509900.0,4.0,4.0,1402.0,House
Saskatchewan,regina-sk,349900.0,4.0,2.0,1092.0,House
Saskatchewan,regina-sk,199900.0,2.0,1.0,820.0,House
Saskatchewan,regina-sk,514900.0,3.0,2.0,1328.0,House
Saskatchewan,regina-sk,329900.0,3.0,2.0,1040.0,House
Saskatchewan,regina-sk,479900.0,6.0,3.0,1720.0,House
Saskatchewan,regina-sk,469900.0,6.0,3.0,1794.0,Duplex
Saskatchewan,regina-sk,214900.0,2.0,1.0,1008.0,Townhouse
Saskatchewan,regina-sk,209900.0,2.0,1.0,797.0,Townhouse
Saskatchewan,regina-sk,200000.0,2.0,1.0,854.0,Apt/Condo
Saskatchewan,regina-sk,479900.0,4.0,3.0,1923.0,House
Saskatchewan,regina-sk,299900.0,2.0,3.0,1176.0,Townhouse
Saskatchewan,regina-sk,247500.0,2.0,1.0,947.0,Apt/Condo
Saskatchewan,regina-sk,254900.0,2.0,1.0,1051.0,House
Saskatchewan,regina-sk,499900.0,4.0,3.0,1214.0,House
Saskatchewan,regina-sk,474900.0,3.0,3.0,1517.0,House
Saskatchewan,regina-sk,474900.0,3.0,3.0,1543.0,House
Saskatchewan,regina-sk,129900.0,1.0,1.0,620.0,Apt/Condo
Saskatchewan,regina-sk,590000.0,4.0,4.0,1775.0,House
Saskatchewan,regina-sk,759900.0,5.0,4.0,2102.0,House
Saskatchewan,regina-sk,110000.0,3.0,1.0,947.0,House
Saskatchewan,regina-sk,179900.0,2.0,1.0,939.0,House
Saskatchewan,regina-sk,559900.0,5.0,4.0,1960.0,House
Saskatchewan,regina-sk,539900.0,4.0,4.0,1362.0,House
Saskatchewan,regina-sk,181900.0,2.0,2.0,1001.0,Apt/Condo
Saskatchewan,regina-sk,997900.0,5.0,5.0,3365.0,House
Saskatchewan,regina-sk,529900.0,3.0,3.0,1507.0,House
Saskatchewan,regina-sk,130000.0,3.0,2.0,972.0,House
Saskatchewan,regina-sk,370000.0,2.0,2.0,1013.0,Apt/Condo
Saskatchewan,regina-sk,114900.0,2.0,1.0,909.0,Apt/Condo
Saskatchewan,regina-sk,492000.0,6.0,4.0,2124.0,House
Saskatchewan,regina-sk,327900.0,3.0,1.0,1567.0,House
Saskatchewan,regina-sk,239900.0,2.0,1.0,971.0,Apt/Condo
Saskatchewan,regina-sk,387000.0,5.0,2.0,1023.0,House
Saskatchewan,regina-sk,120000.0,3.0,2.0,704.0,House
Saskatchewan,regina-sk,234900.0,3.0,1.0,1229.0,House
Saskatchewan,regina-sk,460000.0,4.0,3.0,1019.0,House
Saskatchewan,regina-sk,729900.0,3.0,3.0,2031.0,House
Saskatchewan,regina-sk,1150000.0,4.0,4.0,2534.0,House
Saskatchewan,regina-sk,199999.0,4.0,1.0,1467.0,House
Saskatchewan,regina-sk,272000.0,5.0,2.0,1016.0,House
Saskatchewan,regina-sk,139900.0,1.0,1.0,660.0,Apt/Condo
Saskatchewan,regina-sk,484900.0,3.0,3.0,1404.0,House
Saskatchewan,regina-sk,529900.0,3.0,3.0,1560.0,House
Saskatchewan,regina-sk,554900.0,4.0,3.0,1804.0,House
Saskatchewan,regina-sk,85000.0,2.0,1.0,646.0,House
Saskatchewan,regina-sk,554900.0,4.0,3.0,1773.0,House
Saskatchewan,regina-sk,484900.0,3.0,3.0,1404.0,House
Saskatchewan,regina-sk,499900.0,6.0,2.0,1848.0,House
Saskatchewan,regina-sk,84900.0,1.0,1.0,771.0,Apt/Condo
Saskatchewan,regina-sk,99900.0,2.0,1.0,908.0,Apt/Condo
Saskatchewan,regina-sk,317900.0,3.0,2.0,810.0,House
Saskatchewan,regina-sk,285000.0,2.0,1.0,775.0,House
Saskatchewan,regina-sk,249900.0,2.0,2.0,1074.0,Apt/Condo
Saskatchewan,regina-sk,135000.0,1.0,1.0,732.0,Townhouse
Saskatchewan,regina-sk,179000.0,2.0,1.0,672.0,House
Saskatchewan,regina-sk,134000.0,2.0,1.0,945.0,House
Saskatchewan,regina-sk,189900.0,4.0,2.0,976.0,House
Saskatchewan,regina-sk,299900.0,3.0,2.0,1055.0,House
Saskatchewan,regina-sk,239900.0,2.0,1.0,816.0,House
Saskatchewan,regina-sk,129900.0,2.0,1.0,736.0,House
Saskatchewan,regina-sk,309900.0,2.0,2.0,1014.0,Apt/Condo
Saskatchewan,regina-sk,514900.0,3.0,3.0,1662.0,House
Saskatchewan,regina-sk,229500.0,3.0,1.0,950.0,House
Saskatchewan,regina-sk,569900.0,4.0,3.0,1237.0,House
Saskatchewan,regina-sk,599900.0,3.0,3.0,1850.0,House
Saskatchewan,regina-sk,429900.0,3.0,3.0,1352.0,House
Saskatchewan,regina-sk,269900.0,3.0,3.0,1056.0,House
Saskatchewan,regina-sk,309900.0,2.0,2.0,1030.0,Apt/Condo
Saskatchewan,regina-sk,365000.0,6.0,3.0,1250.0,House
Saskatchewan,regina-sk,339900.0,3.0,2.0,1156.0,Townhouse
Saskatchewan,regina-sk,89900.0,1.0,1.0,643.0,Apt/Condo
Saskatchewan,regina-sk,159900.0,2.0,1.0,969.0,Apt/Condo
Saskatchewan,regina-sk,194900.0,2.0,2.0,969.0,Apt/Condo
Saskatchewan,regina-sk,299000.0,5.0,3.0,1022.0,House
Saskatchewan,regina-sk,584900.0,4.0,4.0,2059.0,House
Saskatchewan,regina-sk,399900.0,4.0,3.0,1851.0,House
Saskatchewan,regina-sk,435000.0,6.0,2.0,1937.0,House
Saskatchewan,regina-sk,274900.0,3.0,2.0,956.0,House
Saskatchewan,regina-sk,477900.0,2.0,2.0,1141.0,Apt/Condo
Saskatchewan,regina-sk,364900.0,3.0,2.0,1007.0,House
Saskatchewan,regina-sk,355000.0,4.0,2.0,1120.0,House
Saskatchewan,regina-sk,450000.0,4.0,2.0,1110.0,House
Saskatchewan,regina-sk,309900.0,2.0,3.0,1244.0,Townhouse
Saskatchewan,regina-sk,698880.0,4.0,3.0,1442.0,House
Saskatchewan,regina-sk,449900.0,5.0,3.0,1916.0,House
Saskatchewan,regina-sk,359900.0,3.0,1.0,1008.0,House
Saskatchewan,regina-sk,329000.0,3.0,2.0,1040.0,House
Saskatchewan,regina-sk,659900.0,3.0,4.0,1605.0,Townhouse
Saskatchewan,regina-sk,1999500.0,4.0,4.0,3454.0,House
Saskatchewan,regina-sk,254900.0,2.0,1.0,818.0,House
Saskatchewan,regina-sk,109900.0,1.0,1.0,700.0,Apt/Condo
Saskatchewan,regina-sk,549999.0,5.0,4.0,1672.0,Duplex
Saskatchewan,regina-sk,339900.0,2.0,4.0,1111.0,Townhouse
Saskatchewan,regina-sk,210000.0,1.0,1.0,572.0,Apt/Condo
Saskatchewan,regina-sk,669900.0,6.0,4.0,2437.0,House
Saskatchewan,regina-sk,129000.0,4.0,2.0,704.0,House
Saskatchewan,regina-sk,559000.0,3.0,3.0,1478.0,House
Saskatchewan,regina-sk,339900.0,2.0,2.0,1168.0,House
Saskatchewan,regina-sk,219900.0,2.0,1.0,958.0,Apt/Condo
Saskatchewan,regina-sk,329900.0,3.0,3.0,1541.0,Townhouse
Saskatchewan,regina-sk,679900.0,5.0,3.0,2480.0,House
Saskatchewan,regina-sk,454900.0,3.0,3.0,1423.0,Townhouse
Saskatchewan,regina-sk,139700.0,2.0,1.0,753.0,House
Saskatchewan,regina-sk,399900.0,3.0,3.0,1390.0,Townhouse
Saskatchewan,regina-sk,502900.0,3.0,3.0,1671.0,House
Saskatchewan,regina-sk,224900.0,2.0,2.0,1141.0,Apt/Condo
Saskatchewan,regina-sk,159900.0,3.0,1.0,1098.0,House
Saskatchewan,regina-sk,109980.0,1.0,1.0,807.0,Townhouse
Saskatchewan,regina-sk,539900.0,5.0,4.0,1640.0,House
Saskatchewan,regina-sk,84500.0,2.0,1.0,907.0,House
Saskatchewan,regina-sk,149000.0,2.0,1.0,870.0,Townhouse
Saskatchewan,regina-sk,1599900.0,5.0,4.0,3118.0,House
Saskatchewan,regina-sk,290000.0,5.0,2.0,882.0,House
Saskatchewan,regina-sk,419900.0,3.0,3.0,1057.0,House
Saskatchewan,regina-sk,584900.0,3.0,3.0,1190.0,Townhouse
Saskatchewan,regina-sk,279900.0,3.0,3.0,1591.0,Townhouse
Saskatchewan,regina-sk,299900.0,2.0,2.0,872.0,Apt/Condo
Saskatchewan,regina-sk,588800.0,5.0,3.0,1164.0,House
Saskatchewan,regina-sk,325000.0,3.0,2.0,1237.0,House
Saskatchewan,regina-sk,419900.0,2.0,2.0,1399.0,Apt/Condo
Saskatchewan,regina-sk,451900.0,3.0,3.0,1425.0,House
Saskatchewan,regina-sk,455900.0,3.0,3.0,1458.0,House
Saskatchewan,regina-sk,455900.0,3.0,3.0,1458.0,House
Saskatchewan,regina-sk,239000.0,4.0,2.0,1039.0,House
Saskatchewan,regina-sk,163000.0,2.0,1.0,893.0,Apt/Condo
Saskatchewan,regina-sk,458900.0,3.0,3.0,1484.0,House
Saskatchewan,regina-sk,458900.0,3.0,3.0,1484.0,House
Saskatchewan,regina-sk,849900.0,3.0,3.0,2591.0,House
Saskatchewan,regina-sk,499900.0,4.0,4.0,1404.0,House
Saskatchewan,regina-sk,339900.0,3.0,2.0,840.0,House
Saskatchewan,regina-sk,309800.0,3.0,2.0,1152.0,House
Saskatchewan,regina-sk,238900.0,2.0,2.0,800.0,Apt/Condo
Saskatchewan,regina-sk,309000.0,4.0,2.0,850.0,House
Saskatchewan,regina-sk,319900.0,4.0,2.0,1150.0,House
Saskatchewan,regina-sk,389000.0,5.0,3.0,1109.0,House
Saskatchewan,regina-sk,99900.0,2.0,1.0,909.0,Apt/Condo
Saskatchewan,regina-sk,89900.0,1.0,1.0,566.0,Apt/Condo
Saskatchewan,regina-sk,67900.0,1.0,1.0,601.0,Apt/Condo
Saskatchewan,regina-sk,229900.0,2.0,2.0,648.0,House
Saskatchewan,regina-sk,389900.0,4.0,2.0,1004.0,House
Saskatchewan,regina-sk,200000.0,5.0,2.0,995.0,House
Saskatchewan,regina-sk,245700.0,2.0,2.0,768.0,House
Saskatchewan,regina-sk,164900.0,3.0,2.0,1130.0,House
Saskatchewan,regina-sk,349900.0,3.0,2.0,1300.0,House
Saskatchewan,regina-sk,99000.0,0.0,,,Land/Lot
Saskatchewan,regina-sk,249000.0,5.0,2.0,1032.0,House
Saskatchewan,regina-sk,189900.0,4.0,2.0,1005.0,House
Saskatchewan,regina-sk,209900.0,4.0,2.0,1005.0,House
Saskatchewan,regina-sk,184900.0,2.0,1.0,900.0,House
Saskatchewan,regina-sk,599000.0,0.0,,,Land/Lot
Saskatchewan,regina-sk,279900.0,1.0,1.0,804.0,Apt/Condo
Saskatchewan,regina-sk,119900.0,2.0,1.0,720.0,House
Saskatchewan,regina-sk,414900.0,2.0,2.0,1453.0,Apt/Condo
Saskatchewan,regina-sk,169900.0,4.0,2.0,934.0,House
Saskatchewan,regina-sk,529900.0,3.0,3.0,1661.0,House
Saskatchewan,regina-sk,529900.0,3.0,3.0,1661.0,House
Saskatchewan,regina-sk,524900.0,3.0,3.0,1581.0,House
Saskatchewan,regina-sk,199900.0,3.0,1.0,960.0,House
Saskatchewan,regina-sk,209000.0,2.0,1.0,958.0,Apt/Condo
Saskatchewan,regina-sk,159900.0,3.0,1.0,954.0,House
Saskatchewan,regina-sk,119900.0,4.0,3.0,1638.0,House
Saskatchewan,regina-sk,299900.0,2.0,4.0,1065.0,Townhouse
Saskatchewan,regina-sk,260000.0,3.0,2.0,1334.0,Townhouse
Saskatchewan,regina-sk,610000.0,3.0,2.0,1337.0,House
Saskatchewan,regina-sk,289900.0,2.0,1.0,899.0,House
Saskatchewan,regina-sk,74999.0,3.0,1.0,1002.0,House
Saskatchewan,regina-sk,159900.0,0.0,,,Land/Lot
Saskatchewan,regina-sk,159900.0,4.0,2.0,1272.0,House
Saskatchewan,regina-sk,1195000.0,5.0,4.0,3206.0,House
Saskatchewan,regina-sk,445000.0,3.0,4.0,1302.0,House
Saskatchewan,regina-sk,799900.0,6.0,4.0,2076.0,House
Saskatchewan,regina-sk,369900.0,4.0,2.0,1302.0,House
Saskatchewan,regina-sk,589500.0,4.0,3.0,1446.0,House
Saskatchewan,regina-sk,99900.0,2.0,1.0,788.0,Apt/Condo
Saskatchewan,regina-sk,389900.0,4.0,2.0,1176.0,House
Saskatchewan,regina-sk,309900.0,4.0,1.0,1053.0,House
Saskatchewan,regina-sk,229900.0,2.0,2.0,948.0,House
Saskatchewan,regina-sk,449900.0,5.0,4.0,1310.0,House
Saskatchewan,regina-sk,334900.0,3.0,2.0,1638.0,House
Saskatchewan,regina-sk,699900.0,5.0,4.0,2150.0,House
Saskatchewan,regina-sk,183000.0,3.0,2.0,954.0,House
Saskatchewan,regina-sk,349900.0,4.0,2.0,1040.0,House
Saskatchewan,regina-sk,139900.0,1.0,2.0,800.0,House
Saskatchewan,regina-sk,224900.0,2.0,1.0,712.0,House
Saskatchewan,regina-sk,119900.0,1.0,1.0,698.0,Townhouse
Saskatchewan,regina-sk,269910.0,3.0,1.0,1355.0,House
Saskatchewan,regina-sk,374900.0,2.0,2.0,1183.0,House
Saskatchewan,regina-sk,479900.0,3.0,3.0,1581.0,House
Saskatchewan,regina-sk,189900.0,3.0,1.0,972.0,House
Saskatchewan,regina-sk,149000.0,3.0,2.0,945.0,House
Saskatchewan,regina-sk,316900.0,3.0,2.0,1530.0,Townhouse
Saskatchewan,regina-sk,799000.0,4.0,4.0,2028.0,House
Saskatchewan,regina-sk,18000.0,0.0,,,Land/Lot
Saskatchewan,regina-sk,285000.0,4.0,1.0,939.0,House
Saskatchewan,regina-sk,839900.0,4.0,4.0,1790.0,House
Saskatchewan,regina-sk,365000.0,3.0,2.0,1776.0,House
Saskatchewan,regina-sk,45000.0,3.0,1.0,823.0,House
Saskatchewan,regina-sk,134900.0,2.0,1.0,630.0,House
Saskatchewan,regina-sk,239900.0,2.0,1.0,930.0,Apt/Condo
Saskatchewan,regina-sk,169500.0,3.0,2.0,1034.0,Townhouse
Saskatchewan,regina-sk,315000.0,5.0,2.0,1496.0,House
Saskatchewan,regina-sk,125000.0,2.0,1.0,756.0,House
Saskatchewan,regina-sk,564900.0,4.0,4.0,1635.0,House
Saskatchewan,regina-sk,199900.0,2.0,1.0,926.0,Apt/Condo
Saskatchewan,regina-sk,179000.0,1.0,1.0,586.0,Apt/Condo
Saskatchewan,regina-sk,659900.0,4.0,4.0,1795.0,House
Saskatchewan,regina-sk,929900.0,5.0,4.0,2778.0,House
Saskatchewan,regina-sk,469900.0,3.0,3.0,1317.0,House
Saskatchewan,regina-sk,118500.0,3.0,1.0,756.0,House
Saskatchewan,regina-sk,259900.0,3.0,2.0,850.0,House
Saskatchewan,regina-sk,414900.0,4.0,4.0,1250.0,House
Saskatchewan,regina-sk,339900.0,3.0,3.0,1616.0,House
Saskatchewan,regina-sk,399900.0,3.0,2.0,1328.0,House
Saskatchewan,regina-sk,294500.0,5.0,2.0,1781.0,House
Saskatchewan,regina-sk,299900.0,4.0,2.0,1192.0,House
Saskatchewan,regina-sk,12000.0,0.0,,,Land/Lot
Saskatchewan,regina-sk,180000.0,2.0,2.0,971.0,Apt/Condo
Saskatchewan,regina-sk,289000.0,4.0,2.0,1040.0,House
Saskatchewan,regina-sk,629900.0,5.0,4.0,1825.0,House
Saskatchewan,regina-sk,139900.0,2.0,1.0,799.0,Apt/Condo
Saskatchewan,regina-sk,449900.0,5.0,3.0,1692.0,House
Saskatchewan,regina-sk,180000.0,2.0,1.0,593.0,House
Saskatchewan,regina-sk,929000.0,4.0,5.0,2785.0,House
Saskatchewan,regina-sk,539900.0,3.0,2.0,1409.0,House
Saskatchewan,regina-sk,359900.0,2.0,1.0,1023.0,House
Saskatchewan,regina-sk,264900.0,3.0,3.0,1870.0,Townhouse
Saskatchewan,regina-sk,119900.0,3.0,2.0,720.0,House
Saskatchewan,regina-sk,74900.0,1.0,1.0,509.0,House
Saskatchewan,regina-sk,930000.0,5.0,3.0,2028.0,House
Saskatchewan,regina-sk,239900.0,2.0,2.0,944.0,Townhouse
Saskatchewan,regina-sk,120000.0,0.0,0.0,440.0,House
Saskatchewan,regina-sk,990000.0,7.0,4.0,2857.0,House
Saskatchewan,regina-sk,314900.0,5.0,2.0,1234.0,House
Saskatchewan,regina-sk,350000.0,4.0,2.0,1092.0,House
Saskatchewan,regina-sk,369900.0,4.0,2.0,1318.0,House
Saskatchewan,regina-sk,139000.0,1.0,1.0,858.0,House
Saskatchewan,regina-sk,1299900.0,6.0,4.0,3400.0,House
Saskatchewan,regina-sk,419000.0,5.0,2.0,1391.0,House
Saskatchewan,regina-sk,142900.0,1.0,1.0,676.0,Apt/Condo
Saskatchewan,regina-sk,869000.0,4.0,4.0,1937.0,House
Saskatchewan,regina-sk,449900.0,3.0,3.0,1300.0,House
Saskatchewan,regina-sk,214900.0,1.0,1.0,952.0,Apt/Condo
Saskatchewan,regina-sk,639800.0,4.0,3.0,1267.0,House
Saskatchewan,regina-sk,407000.0,4.0,4.0,1248.0,Townhouse
Saskatchewan,regina-sk,294900.0,3.0,2.0,834.0,House
Saskatchewan,regina-sk,845000.0,5.0,4.0,2468.0,House
Saskatchewan,regina-sk,539999.0,4.0,3.0,1794.0,House
Saskatchewan,regina-sk,184900.0,3.0,3.0,1078.0,House
Saskatchewan,regina-sk,465000.0,4.0,2.0,1138.0,House
Saskatchewan,regina-sk,159900.0,2.0,1.0,823.0,Apt/Condo
Saskatchewan,regina-sk,218700.0,2.0,1.0,735.0,House
Saskatchewan,regina-sk,669900.0,4.0,3.0,2000.0,House
Saskatchewan,regina-sk,544900.0,3.0,3.0,1560.0,House
Saskatchewan,regina-sk,484900.0,4.0,4.0,1424.0,House
Saskatchewan,regina-sk,150000.0,3.0,2.0,852.0,House
Saskatchewan,regina-sk,129000.0,2.0,1.0,560.0,House
Saskatchewan,regina-sk,499944.0,4.0,4.0,1410.0,House
Saskatchewan,regina-sk,399900.0,3.0,2.0,1135.0,House
Saskatchewan,regina-sk,199000.0,2.0,1.0,714.0,House
Saskatchewan,regina-sk,859900.0,5.0,4.0,2559.0,House
Saskatchewan,regina-sk,344900.0,4.0,2.0,1116.0,House
Saskatchewan,regina-sk,589000.0,5.0,4.0,1622.0,House
Saskatchewan,regina-sk,129900.0,3.0,2.0,1560.0,Mfd/Mobile Home
Saskatchewan,regina-sk,209000.0,3.0,2.0,796.0,House
Saskatchewan,regina-sk,194900.0,2.0,1.0,745.0,Townhouse
Saskatchewan,regina-sk,235000.0,3.0,1.0,1108.0,Townhouse
Saskatchewan,regina-sk,122900.0,2.0,1.0,612.0,House
Saskatchewan,regina-sk,199900.0,2.0,1.0,1078.0,House
Saskatchewan,regina-sk,189900.0,2.0,2.0,877.0,Apt/Condo
Saskatchewan,regina-sk,399900.0,2.0,2.0,1356.0,Apt/Condo
Saskatchewan,regina-sk,169900.0,2.0,1.0,860.0,Apt/Condo
Saskatchewan,regina-sk,384900.0,5.0,2.0,960.0,House
Saskatchewan,regina-sk,554900.0,3.0,3.0,1560.0,House
Saskatchewan,regina-sk,189900.0,3.0,2.0,1376.0,House
Saskatchewan,regina-sk,185000.0,2.0,1.0,850.0,House
Saskatchewan,regina-sk,114900.0,4.0,2.0,1120.0,House
Saskatchewan,regina-sk,86900.0,1.0,1.0,441.0,Apt/Condo
Saskatchewan,regina-sk,99900.0,1.0,1.0,546.0,Apt/Condo
Saskatchewan,regina-sk,219900.0,2.0,2.0,883.0,Apt/Condo
Saskatchewan,regina-sk,70000.0,1.0,1.0,771.0,Apt/Condo
Saskatchewan,regina-sk,229900.0,3.0,2.0,1612.0,House
Saskatchewan,regina-sk,12000.0,0.0,,,Land/Lot
Saskatchewan,regina-sk,389900.0,4.0,2.0,1504.0,House
Saskatchewan,regina-sk,589900.0,4.0,4.0,1910.0,House
Saskatchewan,regina-sk,264900.0,1.0,1.0,1023.0,Apt/Condo
Saskatchewan,regina-sk,172900.0,2.0,1.0,502.0,House
Saskatchewan,regina-sk,212500.0,3.0,2.0,1418.0,House
Saskatchewan,regina-sk,349900.0,4.0,3.0,1136.0,House
Saskatchewan,regina-sk,298750.0,3.0,1.0,1124.0,House
Saskatchewan,regina-sk,179900.0,2.0,1.0,768.0,House
Saskatchewan,regina-sk,199000.0,3.0,2.0,1038.0,House
Saskatchewan,regina-sk,329000.0,3.0,3.0,1432.0,House
Saskatchewan,regina-sk,204900.0,2.0,2.0,1193.0,Apt/Condo
Saskatchewan,regina-sk,204900.0,1.0,1.0,732.0,Apt/Condo
Saskatchewan,regina-sk,219900.0,1.0,1.0,732.0,Apt/Condo
Saskatchewan,regina-sk,230000.0,6.0,2.0,1500.0,House
Saskatchewan,regina-sk,339900.0,1.0,2.0,1255.0,Apt/Condo
Saskatchewan,regina-sk,189950.0,3.0,1.0,840.0,House
Saskatchewan,regina-sk,69900.0,2.0,1.0,777.0,House
Saskatchewan,regina-sk,124900.0,3.0,1.0,1146.0,House
Saskatchewan,regina-sk,269000.0,3.0,2.0,1636.0,House
Saskatchewan,regina-sk,129900.0,2.0,1.0,891.0,Apt/Condo
Saskatchewan,regina-sk,194500.0,3.0,1.0,980.0,House
Saskatchewan,regina-sk,184900.0,3.0,2.0,1155.0,House
Saskatchewan,regina-sk,274900.0,5.0,2.0,1192.0,House
Saskatchewan,regina-sk,485000.0,4.0,4.0,1965.0,House
Saskatchewan,regina-sk,265000.0,2.0,3.0,1208.0,Townhouse
Saskatchewan,regina-sk,205000.0,2.0,2.0,1019.0,Apt/Condo
Saskatchewan,regina-sk,164900.0,2.0,2.0,1066.0,Apt/Condo
Saskatchewan,regina-sk,119900.0,2.0,1.0,756.0,House
Saskatchewan,regina-sk,89900.0,2.0,1.0,725.0,House
Saskatchewan,regina-sk,124000.0,2.0,1.0,611.0,House
Saskatchewan,regina-sk,194000.0,2.0,1.0,1033.0,Apt/Condo
Saskatchewan,regina-sk,629900.0,4.0,4.0,1714.0,House
Saskatchewan,regina-sk,90000.0,3.0,1.0,870.0,House
Saskatchewan,regina-sk,94900.0,1.0,1.0,601.0,Apt/Condo
Saskatchewan,regina-sk,239900.0,4.0,2.0,936.0,House
Saskatchewan,regina-sk,249900.0,4.0,1.0,1276.0,House
Saskatchewan,regina-sk,29000.0,0.0,0.0,1111.0,House
Saskatchewan,regina-sk,187400.0,2.0,2.0,877.0,Apt/Condo
Saskatchewan,regina-sk,187900.0,2.0,2.0,1252.0,House
Saskatchewan,regina-sk,214900.0,5.0,3.0,1194.0,House
Saskatchewan,regina-sk,104900.0,2.0,1.0,1033.0,House
Saskatchewan,regina-sk,249900.0,2.0,2.0,630.0,House
Saskatchewan,regina-sk,129900.0,2.0,1.0,630.0,House
Saskatchewan,regina-sk,264900.0,1.0,1.0,963.0,Apt/Condo
Saskatchewan,regina-sk,399800.0,0.0,,,Land/Lot
Saskatchewan,regina-sk,89900.0,2.0,1.0,653.0,House
Saskatchewan,regina-sk,285000.0,3.0,3.0,1547.0,House
Saskatchewan,regina-sk,498000.0,3.0,4.0,1914.0,House
Saskatchewan,saskatoon-sk,249900.0,3.0,2.0,1008.0,Townhouse
Saskatchewan,saskatoon-sk,824900.0,4.0,3.0,1575.0,House
Saskatchewan,saskatoon-sk,425000.0,3.0,4.0,1374.0,Townhouse
Saskatchewan,saskatoon-sk,289900.0,3.0,2.0,787.0,House
Saskatchewan,saskatoon-sk,305000.0,3.0,2.0,1116.0,Townhouse
Saskatchewan,saskatoon-sk,469900.0,4.0,3.0,1224.0,House
Saskatchewan,saskatoon-sk,649900.0,3.0,3.0,2036.0,House
Saskatchewan,saskatoon-sk,629900.0,3.0,3.0,1973.0,House
Saskatchewan,saskatoon-sk,249900.0,3.0,2.0,1313.0,Townhouse
Saskatchewan,saskatoon-sk,379900.0,3.0,2.0,1194.0,Townhouse
Saskatchewan,saskatoon-sk,419900.0,3.0,3.0,1488.0,Townhouse
Saskatchewan,saskatoon-sk,424900.0,3.0,3.0,1488.0,Townhouse
Saskatchewan,saskatoon-sk,424900.0,3.0,3.0,1488.0,Townhouse
Saskatchewan,saskatoon-sk,419900.0,3.0,3.0,1488.0,Townhouse
Saskatchewan,saskatoon-sk,599900.0,4.0,3.0,1194.0,House
Saskatchewan,saskatoon-sk,99900.0,3.0,1.0,675.0,House
Saskatchewan,saskatoon-sk,439900.0,3.0,2.0,1132.0,House
Saskatchewan,saskatoon-sk,649900.0,1.0,2.0,1302.0,House
Saskatchewan,saskatoon-sk,194900.0,3.0,1.0,918.0,House
Saskatchewan,saskatoon-sk,840000.0,3.0,3.0,2344.0,House
Saskatchewan,saskatoon-sk,992000.0,2.0,2.0,1679.0,House
Saskatchewan,saskatoon-sk,782233.0,3.0,2.0,2220.0,House
Saskatchewan,saskatoon-sk,699900.0,7.0,5.0,2427.0,House
Saskatchewan,saskatoon-sk,369900.0,4.0,2.0,1071.0,House
Saskatchewan,saskatoon-sk,234900.0,2.0,2.0,848.0,Apt/Condo
Saskatchewan,saskatoon-sk,149900.0,2.0,2.0,666.0,House
Saskatchewan,saskatoon-sk,424900.0,3.0,3.0,1446.0,House
Saskatchewan,saskatoon-sk,480000.0,4.0,4.0,1376.0,House
Saskatchewan,saskatoon-sk,929900.0,5.0,3.0,2263.0,House
Saskatchewan,saskatoon-sk,399900.0,3.0,2.0,754.0,House
Saskatchewan,saskatoon-sk,589900.0,5.0,3.0,1256.0,House
Saskatchewan,saskatoon-sk,329900.0,2.0,2.0,1419.0,Apt/Condo
Saskatchewan,saskatoon-sk,77800.0,0.0,1.0,427.0,Apt/Condo
Saskatchewan,saskatoon-sk,405000.0,3.0,2.0,1103.0,House
Saskatchewan,saskatoon-sk,523900.0,3.0,3.0,1620.0,House
Saskatchewan,saskatoon-sk,489900.0,4.0,3.0,1080.0,House
Saskatchewan,saskatoon-sk,149900.0,2.0,1.0,809.0,Apt/Condo
Saskatchewan,saskatoon-sk,449900.0,4.0,2.0,1000.0,House
Saskatchewan,saskatoon-sk,369000.0,4.0,2.0,1000.0,House
Saskatchewan,saskatoon-sk,139900.0,3.0,3.0,1216.0,Mfd/Mobile Home
Saskatchewan,saskatoon-sk,219900.0,2.0,1.0,760.0,Townhouse
Saskatchewan,saskatoon-sk,327900.0,3.0,2.0,832.0,House
Saskatchewan,saskatoon-sk,1149000.0,4.0,4.0,2114.0,House
Saskatchewan,saskatoon-sk,184900.0,2.0,1.0,786.0,Apt/Condo
Saskatchewan,saskatoon-sk,69900.0,0.0,,,Land/Lot
Saskatchewan,saskatoon-sk,282900.0,3.0,2.0,680.0,House
Saskatchewan,saskatoon-sk,667400.0,5.0,4.0,1435.0,House
Saskatchewan,saskatoon-sk,555000.0,0.0,0.0,1851.0,House
Saskatchewan,saskatoon-sk,289900.0,2.0,2.0,944.0,Townhouse
Saskatchewan,saskatoon-sk,299900.0,2.0,2.0,910.0,Apt/Condo
Saskatchewan,saskatoon-sk,375000.0,4.0,2.0,864.0,House
Saskatchewan,saskatoon-sk,1100000.0,4.0,2.0,3694.0,House
Saskatchewan,saskatoon-sk,519900.0,4.0,2.0,1120.0,House
Saskatchewan,saskatoon-sk,324900.0,3.0,2.0,1254.0,Townhouse
Saskatchewan,saskatoon-sk,579900.0,4.0,4.0,1533.0,House
Saskatchewan,saskatoon-sk,129900.0,1.0,1.0,631.0,Apt/Condo
Saskatchewan,saskatoon-sk,349900.0,3.0,2.0,933.0,Townhouse
Saskatchewan,saskatoon-sk,424900.0,4.0,2.0,1008.0,House
Saskatchewan,saskatoon-sk,399900.0,3.0,2.0,1302.0,House
Saskatchewan,saskatoon-sk,546900.0,4.0,4.0,1234.0,House
Saskatchewan,saskatoon-sk,569900.0,5.0,4.0,1433.0,House
Saskatchewan,saskatoon-sk,400000.0,2.0,3.0,1360.0,Townhouse
Saskatchewan,saskatoon-sk,529900.0,5.0,3.0,1091.0,House
Saskatchewan,saskatoon-sk,374900.0,2.0,3.0,1200.0,Townhouse
Saskatchewan,saskatoon-sk,469900.0,4.0,3.0,1242.0,House
Saskatchewan,saskatoon-sk,390000.0,3.0,3.0,1254.0,Townhouse
Saskatchewan,saskatoon-sk,759000.0,9.0,4.0,2316.0,House
Saskatchewan,saskatoon-sk,359900.0,4.0,2.0,1040.0,House
Saskatchewan,saskatoon-sk,299900.0,2.0,2.0,1000.0,House
Saskatchewan,saskatoon-sk,366900.0,2.0,2.0,1250.0,Apt/Condo
Saskatchewan,saskatoon-sk,185000.0,2.0,1.0,831.0,Apt/Condo
Saskatchewan,saskatoon-sk,399900.0,5.0,2.0,1084.0,House
Saskatchewan,saskatoon-sk,654900.0,3.0,3.0,1960.0,House
Saskatchewan,saskatoon-sk,419900.0,4.0,3.0,1252.0,House
Saskatchewan,saskatoon-sk,224900.0,2.0,1.0,760.0,Townhouse
Saskatchewan,saskatoon-sk,684900.0,5.0,3.0,1271.0,House
Saskatchewan,saskatoon-sk,789900.0,3.0,3.0,2124.0,House
Saskatchewan,saskatoon-sk,549000.0,3.0,3.0,1793.0,House
Saskatchewan,saskatoon-sk,659900.0,2.0,2.0,1667.0,Apt/Condo
Saskatchewan,saskatoon-sk,507000.0,3.0,3.0,1033.0,Townhouse
Saskatchewan,saskatoon-sk,164900.0,1.0,1.0,518.0,House
Saskatchewan,saskatoon-sk,59900.0,3.0,1.0,1248.0,Mfd/Mobile Home
Saskatchewan,saskatoon-sk,299900.0,2.0,2.0,954.0,Apt/Condo
Saskatchewan,saskatoon-sk,189900.0,2.0,1.0,600.0,House
Saskatchewan,saskatoon-sk,479900.0,2.0,2.0,1500.0,Apt/Condo
Saskatchewan,saskatoon-sk,275500.0,2.0,1.0,872.0,Apt/Condo
Saskatchewan,saskatoon-sk,799900.0,4.0,4.0,1709.0,House
Saskatchewan,saskatoon-sk,379900.0,4.0,2.0,1031.0,House
Saskatchewan,saskatoon-sk,299900.0,3.0,2.0,941.0,House
Saskatchewan,saskatoon-sk,237900.0,2.0,2.0,560.0,House
Saskatchewan,saskatoon-sk,242900.0,2.0,2.0,938.0,Apt/Condo
Saskatchewan,saskatoon-sk,199900.0,3.0,1.0,950.0,Apt/Condo
Saskatchewan,saskatoon-sk,344900.0,1.0,2.0,856.0,House
Saskatchewan,saskatoon-sk,298000.0,4.0,2.0,935.0,House
Saskatchewan,saskatoon-sk,229900.0,2.0,1.0,760.0,House
Saskatchewan,saskatoon-sk,460900.0,3.0,3.0,1581.0,House
Saskatchewan,saskatoon-sk,289900.0,2.0,1.0,622.0,House
Saskatchewan,saskatoon-sk,399900.0,4.0,3.0,1196.0,House
Saskatchewan,saskatoon-sk,314900.0,4.0,2.0,1260.0,House
Saskatchewan,saskatoon-sk,255000.0,1.0,1.0,807.0,Apt/Condo
Saskatchewan,saskatoon-sk,539000.0,4.0,3.0,1262.0,House
Saskatchewan,saskatoon-sk,579900.0,4.0,4.0,1629.0,House
Saskatchewan,saskatoon-sk,299000.0,3.0,2.0,863.0,House
Saskatchewan,saskatoon-sk,289900.0,2.0,2.0,968.0,Townhouse
Saskatchewan,saskatoon-sk,529900.0,2.0,2.0,1155.0,Apt/Condo
Saskatchewan,saskatoon-sk,249900.0,2.0,1.0,893.0,House
Saskatchewan,saskatoon-sk,924900.0,7.0,4.0,2062.0,House
Saskatchewan,saskatoon-sk,339000.0,3.0,2.0,1216.0,House
Saskatchewan,saskatoon-sk,390900.0,3.0,3.0,1260.0,Townhouse
Saskatchewan,saskatoon-sk,339900.0,2.0,2.0,1146.0,Apt/Condo
Saskatchewan,saskatoon-sk,526900.0,4.0,4.0,1520.0,House
Saskatchewan,saskatoon-sk,625000.0,5.0,4.0,1907.0,House
Saskatchewan,saskatoon-sk,649900.0,6.0,4.0,1287.0,House
Saskatchewan,saskatoon-sk,224900.0,2.0,1.0,760.0,Townhouse
Saskatchewan,saskatoon-sk,126900.0,1.0,1.0,615.0,Apt/Condo
Saskatchewan,saskatoon-sk,249800.0,2.0,2.0,1087.0,Apt/Condo
Saskatchewan,saskatoon-sk,265000.0,4.0,2.0,858.0,House
Saskatchewan,saskatoon-sk,459900.0,3.0,2.0,864.0,House
Saskatchewan,saskatoon-sk,279900.0,2.0,1.0,644.0,House
Saskatchewan,saskatoon-sk,129900.0,1.0,1.0,589.0,Apt/Condo
Saskatchewan,saskatoon-sk,129900.0,1.0,1.0,589.0,Apt/Condo
Saskatchewan,saskatoon-sk,664900.0,8.0,3.0,2028.0,Duplex
Saskatchewan,saskatoon-sk,559900.0,3.0,3.0,1443.0,House
Saskatchewan,saskatoon-sk,359900.0,2.0,2.0,1222.0,House
Saskatchewan,saskatoon-sk,229000.0,1.0,1.0,612.0,House
Saskatchewan,saskatoon-sk,469900.0,3.0,3.0,1520.0,House
Saskatchewan,saskatoon-sk,224900.0,1.0,1.0,771.0,Apt/Condo
Saskatchewan,saskatoon-sk,499900.0,4.0,3.0,1028.0,House
Saskatchewan,saskatoon-sk,484900.0,3.0,3.0,1470.0,House
Saskatchewan,saskatoon-sk,475000.0,5.0,2.0,1040.0,House
Saskatchewan,saskatoon-sk,165000.0,2.0,1.0,702.0,Apt/Condo
Saskatchewan,saskatoon-sk,184900.0,2.0,1.0,870.0,Apt/Condo
Saskatchewan,saskatoon-sk,149900.0,2.0,1.0,760.0,Apt/Condo
Saskatchewan,saskatoon-sk,249900.0,1.0,1.0,604.0,Townhouse
Saskatchewan,saskatoon-sk,384900.0,6.0,3.0,1758.0,House
Saskatchewan,saskatoon-sk,699900.0,5.0,4.0,1620.0,House
Saskatchewan,saskatoon-sk,398900.0,3.0,2.0,780.0,House
Saskatchewan,saskatoon-sk,299900.0,3.0,2.0,1080.0,House
Saskatchewan,saskatoon-sk,609900.0,3.0,3.0,1628.0,House
Saskatchewan,saskatoon-sk,299900.0,4.0,2.0,1007.0,House
Saskatchewan,saskatoon-sk,1289900.0,5.0,4.0,2446.0,House
Saskatchewan,saskatoon-sk,394900.0,2.0,2.0,1048.0,Apt/Condo
Saskatchewan,saskatoon-sk,329900.0,4.0,2.0,1102.0,House
Saskatchewan,saskatoon-sk,829900.0,5.0,4.0,2050.0,House
Saskatchewan,saskatoon-sk,387000.0,3.0,3.0,1378.0,Townhouse
Saskatchewan,saskatoon-sk,149900.0,1.0,1.0,718.0,Apt/Condo
Saskatchewan,saskatoon-sk,184900.0,2.0,1.0,760.0,Apt/Condo
Saskatchewan,saskatoon-sk,299900.0,2.0,2.0,1072.0,Apt/Condo
Saskatchewan,saskatoon-sk,259900.0,2.0,2.0,975.0,Apt/Condo
Saskatchewan,saskatoon-sk,579900.0,4.0,3.0,1174.0,House
Saskatchewan,saskatoon-sk,549900.0,3.0,3.0,1668.0,House
Saskatchewan,saskatoon-sk,479900.0,3.0,3.0,1363.0,House
Saskatchewan,saskatoon-sk,164900.0,3.0,1.0,600.0,House
Saskatchewan,saskatoon-sk,195000.0,2.0,1.0,656.0,House
Saskatchewan,saskatoon-sk,247900.0,2.0,2.0,938.0,Apt/Condo
Saskatchewan,saskatoon-sk,369000.0,4.0,3.0,914.0,House
Saskatchewan,saskatoon-sk,349900.0,2.0,1.0,1186.0,House
Saskatchewan,saskatoon-sk,299000.0,3.0,2.0,1124.0,Townhouse
Saskatchewan,saskatoon-sk,374900.0,4.0,2.0,918.0,House
Saskatchewan,saskatoon-sk,349900.0,2.0,2.0,1500.0,Apt/Condo
Saskatchewan,saskatoon-sk,379900.0,3.0,2.0,1487.0,Townhouse
Saskatchewan,saskatoon-sk,219900.0,4.0,2.0,803.0,House
Saskatchewan,saskatoon-sk,489900.0,3.0,3.0,1440.0,House
Saskatchewan,saskatoon-sk,359000.0,2.0,2.0,1475.0,Apt/Condo
Saskatchewan,saskatoon-sk,674900.0,2.0,2.0,1407.0,House
Saskatchewan,saskatoon-sk,259000.0,2.0,2.0,770.0,House
Saskatchewan,saskatoon-sk,634900.0,3.0,3.0,1879.0,House
Saskatchewan,saskatoon-sk,499900.0,6.0,3.0,1116.0,House
Saskatchewan,saskatoon-sk,389900.0,4.0,3.0,1203.0,Townhouse
Saskatchewan,saskatoon-sk,400000.0,4.0,3.0,1009.0,House
Saskatchewan,saskatoon-sk,399900.0,3.0,2.0,920.0,House
Saskatchewan,saskatoon-sk,429900.0,4.0,2.0,1085.0,House
Saskatchewan,saskatoon-sk,269900.0,3.0,1.0,1012.0,House
Saskatchewan,saskatoon-sk,229800.0,3.0,2.0,1025.0,Townhouse
Saskatchewan,saskatoon-sk,324900.0,4.0,1.0,720.0,House
Saskatchewan,saskatoon-sk,80950.0,3.0,2.0,1258.0,House
Saskatchewan,saskatoon-sk,689000.0,5.0,4.0,1933.0,House
Saskatchewan,saskatoon-sk,139900.0,4.0,2.0,1640.0,Mfd/Mobile Home
Saskatchewan,saskatoon-sk,499900.0,2.0,2.0,1050.0,Apt/Condo
Saskatchewan,saskatoon-sk,574900.0,6.0,3.0,1532.0,House
Saskatchewan,saskatoon-sk,569900.0,3.0,3.0,1051.0,House
Saskatchewan,saskatoon-sk,657700.0,5.0,3.0,1712.0,House
Saskatchewan,saskatoon-sk,549900.0,4.0,4.0,1816.0,House
Saskatchewan,saskatoon-sk,1750000.0,4.0,4.0,2539.0,House
Saskatchewan,saskatoon-sk,169900.0,2.0,1.0,942.0,Apt/Condo
Saskatchewan,saskatoon-sk,429900.0,4.0,4.0,1320.0,Townhouse
Saskatchewan,saskatoon-sk,385000.0,3.0,3.0,1672.0,Townhouse
Saskatchewan,saskatoon-sk,409900.0,4.0,4.0,1224.0,Townhouse
Saskatchewan,saskatoon-sk,299900.0,3.0,3.0,1040.0,Townhouse
Saskatchewan,saskatoon-sk,599900.0,3.0,3.0,1838.0,House
Saskatchewan,saskatoon-sk,299900.0,2.0,2.0,1116.0,Townhouse
Saskatchewan,saskatoon-sk,389900.0,4.0,2.0,1088.0,House
Saskatchewan,saskatoon-sk,499900.0,5.0,2.0,1040.0,House
Saskatchewan,saskatoon-sk,339900.0,3.0,1.0,1172.0,House
Saskatchewan,saskatoon-sk,174900.0,3.0,1.0,677.0,House
Saskatchewan,saskatoon-sk,236000.0,3.0,2.0,1159.0,Townhouse
Saskatchewan,saskatoon-sk,169900.0,2.0,1.0,804.0,Apt/Condo
Saskatchewan,saskatoon-sk,319900.0,3.0,2.0,816.0,House
Saskatchewan,saskatoon-sk,499900.0,3.0,3.0,1500.0,House
Saskatchewan,saskatoon-sk,509900.0,3.0,3.0,1598.0,House
Saskatchewan,saskatoon-sk,623000.0,3.0,3.0,1757.0,House
Saskatchewan,saskatoon-sk,539900.0,3.0,2.0,2044.0,Duplex
Saskatchewan,saskatoon-sk,389900.0,4.0,2.0,1136.0,House
Saskatchewan,saskatoon-sk,419900.0,4.0,3.0,1242.0,House
Saskatchewan,saskatoon-sk,499900.0,2.0,2.0,1206.0,Apt/Condo
Saskatchewan,saskatoon-sk,439900.0,4.0,2.0,960.0,House
Saskatchewan,saskatoon-sk,284000.0,2.0,1.0,944.0,Apt/Condo
Saskatchewan,saskatoon-sk,349900.0,2.0,2.0,1092.0,Apt/Condo
Saskatchewan,saskatoon-sk,699900.0,5.0,3.0,1491.0,House
Saskatchewan,saskatoon-sk,559900.0,3.0,3.0,1362.0,House
Saskatchewan,saskatoon-sk,525000.0,5.0,3.0,1120.0,House
Saskatchewan,saskatoon-sk,309900.0,3.0,2.0,1116.0,Townhouse
Saskatchewan,saskatoon-sk,309900.0,2.0,2.0,1012.0,Apt/Condo
Saskatchewan,saskatoon-sk,359900.0,4.0,2.0,1114.0,House
Saskatchewan,saskatoon-sk,799900.0,2.0,2.0,1593.0,Apt/Condo
Saskatchewan,saskatoon-sk,337500.0,4.0,2.0,960.0,House
Saskatchewan,saskatoon-sk,420000.0,1.0,2.0,1075.0,Apt/Condo
Saskatchewan,saskatoon-sk,259900.0,2.0,2.0,850.0,Apt/Condo
Saskatchewan,saskatoon-sk,759900.0,6.0,3.0,1606.0,House
Saskatchewan,saskatoon-sk,184900.0,2.0,1.0,850.0,Apt/Condo
Saskatchewan,saskatoon-sk,230000.0,0.0,,,Land/Lot
Saskatchewan,saskatoon-sk,99000.0,0.0,,,Land/Lot
Saskatchewan,saskatoon-sk,224900.0,2.0,1.0,872.0,House
Saskatchewan,saskatoon-sk,465000.0,3.0,2.0,1134.0,House
Saskatchewan,saskatoon-sk,929900.0,5.0,4.0,2237.0,House
Saskatchewan,saskatoon-sk,274900.0,2.0,2.0,1216.0,Apt/Condo
Saskatchewan,saskatoon-sk,749000.0,4.0,4.0,1968.0,House
Saskatchewan,saskatoon-sk,360000.0,3.0,2.0,1409.0,House
Saskatchewan,saskatoon-sk,219900.0,2.0,2.0,1098.0,Apt/Condo
Saskatchewan,saskatoon-sk,239900.0,2.0,2.0,836.0,House
Saskatchewan,saskatoon-sk,398900.0,2.0,3.0,1296.0,Townhouse
Saskatchewan,saskatoon-sk,410000.0,5.0,4.0,1224.0,House
Saskatchewan,saskatoon-sk,209900.0,3.0,2.0,1100.0,House
Saskatchewan,saskatoon-sk,304900.0,2.0,2.0,1200.0,Townhouse
Saskatchewan,saskatoon-sk,484000.0,3.0,3.0,1800.0,House
Saskatchewan,saskatoon-sk,629900.0,3.0,3.0,1672.0,House
Saskatchewan,saskatoon-sk,399900.0,4.0,2.0,984.0,House
Saskatchewan,saskatoon-sk,269900.0,3.0,2.0,1050.0,House
Saskatchewan,saskatoon-sk,350000.0,4.0,2.0,1023.0,Townhouse
Saskatchewan,saskatoon-sk,380000.0,3.0,4.0,1455.0,Townhouse
Saskatchewan,saskatoon-sk,329900.0,2.0,2.0,1205.0,Apt/Condo
Saskatchewan,saskatoon-sk,249900.0,1.0,1.0,705.0,Apt/Condo
Saskatchewan,saskatoon-sk,664900.0,4.0,3.0,1272.0,House
Saskatchewan,saskatoon-sk,316900.0,2.0,2.0,900.0,Apt/Condo
Saskatchewan,saskatoon-sk,275000.0,2.0,2.0,850.0,Apt/Condo
Saskatchewan,saskatoon-sk,285000.0,2.0,1.0,890.0,House
Saskatchewan,saskatoon-sk,535000.0,5.0,2.0,1077.0,House
Saskatchewan,saskatoon-sk,575000.0,5.0,2.0,1099.0,House
Saskatchewan,saskatoon-sk,384900.0,2.0,3.0,1433.0,Townhouse
Saskatchewan,saskatoon-sk,210000.0,4.0,3.0,989.0,House
Saskatchewan,saskatoon-sk,489900.0,2.0,2.0,1528.0,Apt/Condo
Saskatchewan,saskatoon-sk,699900.0,4.0,4.0,2322.0,House
Saskatchewan,saskatoon-sk,454900.0,2.0,2.0,1320.0,Apt/Condo
Saskatchewan,saskatoon-sk,1569000.0,5.0,5.0,3044.0,House
Saskatchewan,saskatoon-sk,385000.0,5.0,2.0,1204.0,House
Saskatchewan,saskatoon-sk,179900.0,2.0,1.0,819.0,Apt/Condo
Saskatchewan,saskatoon-sk,259900.0,2.0,2.0,1206.0,Apt/Condo
Saskatchewan,saskatoon-sk,899000.0,5.0,4.0,2189.0,House
Saskatchewan,saskatoon-sk,342300.0,3.0,2.0,1255.0,Townhouse
Saskatchewan,saskatoon-sk,309900.0,2.0,2.0,946.0,Apt/Condo
Saskatchewan,saskatoon-sk,299900.0,2.0,1.0,780.0,House
Saskatchewan,saskatoon-sk,680000.0,6.0,4.0,1480.0,House
Saskatchewan,saskatoon-sk,949900.0,8.0,6.0,2514.0,House
Saskatchewan,saskatoon-sk,329900.0,1.0,1.0,851.0,Apt/Condo
Saskatchewan,saskatoon-sk,469900.0,4.0,3.0,1190.0,House
Saskatchewan,saskatoon-sk,549900.0,3.0,3.0,1519.0,House
Saskatchewan,saskatoon-sk,279900.0,3.0,1.0,1116.0,Townhouse
Saskatchewan,saskatoon-sk,189900.0,2.0,1.0,904.0,Apt/Condo
Saskatchewan,saskatoon-sk,559000.0,4.0,4.0,2226.0,House
Saskatchewan,saskatoon-sk,385000.0,2.0,2.0,1428.0,Apt/Condo
Saskatchewan,saskatoon-sk,189900.0,2.0,1.0,890.0,Apt/Condo
Saskatchewan,saskatoon-sk,669900.0,5.0,4.0,1740.0,House
Saskatchewan,saskatoon-sk,249900.0,3.0,2.0,674.0,House
Saskatchewan,saskatoon-sk,889000.0,4.0,3.0,2287.0,House
Saskatchewan,saskatoon-sk,379900.0,2.0,1.0,815.0,House
Saskatchewan,saskatoon-sk,250000.0,4.0,3.0,1179.0,House
Saskatchewan,saskatoon-sk,389900.0,5.0,2.0,1094.0,House
Saskatchewan,saskatoon-sk,689900.0,6.0,4.0,2100.0,House
Saskatchewan,saskatoon-sk,464900.0,3.0,2.0,1800.0,House
Saskatchewan,saskatoon-sk,149900.0,2.0,1.0,725.0,House
Saskatchewan,saskatoon-sk,279900.0,2.0,2.0,1000.0,Apt/Condo
Saskatchewan,saskatoon-sk,449900.0,3.0,3.0,1429.0,House
Saskatchewan,saskatoon-sk,119900.0,3.0,1.0,756.0,Apt/Condo
Saskatchewan,saskatoon-sk,449900.0,3.0,3.0,1429.0,House
Saskatchewan,saskatoon-sk,399900.0,3.0,2.0,1340.0,Townhouse
Saskatchewan,saskatoon-sk,199900.0,0.0,,,Land/Lot
Saskatchewan,saskatoon-sk,499900.0,3.0,3.0,1460.0,House
Saskatchewan,saskatoon-sk,509900.0,3.0,3.0,1460.0,House
Saskatchewan,saskatoon-sk,515000.0,4.0,3.0,1024.0,House
Saskatchewan,saskatoon-sk,329000.0,3.0,2.0,853.0,House
Saskatchewan,saskatoon-sk,167900.0,2.0,1.0,915.0,Apt/Condo
Saskatchewan,saskatoon-sk,187900.0,2.0,1.0,840.0,Apt/Condo
Saskatchewan,saskatoon-sk,199900.0,3.0,2.0,1079.0,House
Saskatchewan,saskatoon-sk,449900.0,3.0,3.0,1429.0,House
Saskatchewan,saskatoon-sk,474900.0,3.0,3.0,1396.0,House
Saskatchewan,saskatoon-sk,464900.0,3.0,3.0,1320.0,House
Saskatchewan,saskatoon-sk,289900.0,4.0,2.0,960.0,House
Saskatchewan,saskatoon-sk,719979.0,3.0,3.0,2126.0,House
Saskatchewan,saskatoon-sk,999999.0,3.0,3.0,2234.0,House
Saskatchewan,saskatoon-sk,929999.0,3.0,3.0,2234.0,House
Saskatchewan,saskatoon-sk,869989.0,3.0,3.0,2277.0,House
Saskatchewan,saskatoon-sk,459000.0,2.0,2.0,1216.0,Apt/Condo
Saskatchewan,saskatoon-sk,374900.0,3.0,3.0,1325.0,Townhouse
Saskatchewan,saskatoon-sk,275000.0,3.0,2.0,800.0,House
Saskatchewan,saskatoon-sk,195000.0,3.0,2.0,1190.0,House
Saskatchewan,saskatoon-sk,469900.0,4.0,2.0,1113.0,House
Saskatchewan,saskatoon-sk,589900.0,3.0,3.0,1670.0,House
Saskatchewan,saskatoon-sk,729000.0,4.0,4.0,1932.0,House
Saskatchewan,saskatoon-sk,819900.0,3.0,4.0,2287.0,House
Saskatchewan,saskatoon-sk,599900.0,3.0,2.0,1484.0,House
Saskatchewan,saskatoon-sk,74900.0,0.0,1.0,432.0,Apt/Condo
Saskatchewan,saskatoon-sk,185000.0,2.0,1.0,693.0,House
Saskatchewan,saskatoon-sk,344900.0,3.0,2.0,1241.0,Townhouse
Saskatchewan,saskatoon-sk,125900.0,1.0,1.0,622.0,Apt/Condo
Saskatchewan,saskatoon-sk,399990.0,3.0,2.0,1186.0,House
Saskatchewan,saskatoon-sk,124900.0,1.0,1.0,660.0,Apt/Condo
Saskatchewan,saskatoon-sk,164000.0,2.0,1.0,855.0,Apt/Condo
Saskatchewan,saskatoon-sk,629900.0,3.0,3.0,1826.0,House
Saskatchewan,saskatoon-sk,299900.0,3.0,1.0,1230.0,House
Saskatchewan,saskatoon-sk,859900.0,3.0,3.0,2341.0,House
Saskatchewan,saskatoon-sk,635000.0,5.0,4.0,1470.0,House
Saskatchewan,saskatoon-sk,389900.0,3.0,2.0,1262.0,House
Saskatchewan,saskatoon-sk,812500.0,2.0,2.0,1382.0,Apt/Condo
Saskatchewan,saskatoon-sk,689900.0,5.0,3.0,1370.0,House
Saskatchewan,saskatoon-sk,449900.0,2.0,2.0,1167.0,Apt/Condo
Saskatchewan,saskatoon-sk,389000.0,2.0,2.0,1180.0,Apt/Condo
Saskatchewan,saskatoon-sk,649900.0,3.0,2.0,1132.0,House
Saskatchewan,saskatoon-sk,1549900.0,5.0,4.0,2357.0,House
Saskatchewan,saskatoon-sk,489900.0,4.0,3.0,1670.0,House
Saskatchewan,saskatoon-sk,1399900.0,4.0,4.0,2887.0,House
Saskatchewan,saskatoon-sk,676000.0,5.0,4.0,2006.0,House
Saskatchewan,saskatoon-sk,309900.0,2.0,2.0,1010.0,Apt/Condo
Saskatchewan,saskatoon-sk,219900.0,2.0,2.0,1098.0,Apt/Condo
Saskatchewan,saskatoon-sk,279900.0,3.0,2.0,1118.0,Townhouse
Saskatchewan,saskatoon-sk,429900.0,2.0,2.0,1253.0,Apt/Condo
Saskatchewan,saskatoon-sk,979900.0,4.0,4.0,1682.0,House
Saskatchewan,saskatoon-sk,515900.0,3.0,3.0,1424.0,House
Saskatchewan,saskatoon-sk,425000.0,0.0,,,Land/Lot
Saskatchewan,saskatoon-sk,359900.0,2.0,2.0,1140.0,Apt/Condo
Saskatchewan,saskatoon-sk,549900.0,2.0,2.0,1588.0,Apt/Condo
Saskatchewan,saskatoon-sk,290000.0,0.0,,,Land/Lot
Saskatchewan,saskatoon-sk,199000.0,0.0,,,Land/Lot
Saskatchewan,saskatoon-sk,159900.0,0.0,,,Land/Lot
Saskatchewan,saskatoon-sk,169900.0,0.0,,,Land/Lot
Saskatchewan,saskatoon-sk,169000.0,3.0,1.0,933.0,Apt/Condo
Saskatchewan,saskatoon-sk,209900.0,2.0,2.0,1152.0,Townhouse
Saskatchewan,saskatoon-sk,9400.0,0.0,,,Land/Lot
Saskatchewan,saskatoon-sk,535000.0,3.0,3.0,1564.0,House
Saskatchewan,saskatoon-sk,485900.0,3.0,3.0,1581.0,House
Saskatchewan,saskatoon-sk,481900.0,3.0,3.0,1581.0,House
Saskatchewan,saskatoon-sk,487900.0,3.0,3.0,1580.0,House
Saskatchewan,saskatoon-sk,461000.0,3.0,3.0,1657.0,House
Saskatchewan,saskatoon-sk,484900.0,3.0,3.0,1657.0,House
Saskatchewan,saskatoon-sk,502000.0,3.0,3.0,1661.0,House
Saskatchewan,saskatoon-sk,289900.0,2.0,2.0,1169.0,Townhouse
Saskatchewan,saskatoon-sk,749900.0,4.0,4.0,1530.0,House
Saskatchewan,saskatoon-sk,349900.0,3.0,1.0,850.0,House
Saskatchewan,saskatoon-sk,299900.0,2.0,2.0,910.0,Apt/Condo
Saskatchewan,saskatoon-sk,659900.0,5.0,4.0,1410.0,House
Saskatchewan,saskatoon-sk,344900.0,4.0,2.0,1138.0,House
Saskatchewan,saskatoon-sk,539900.0,2.0,3.0,1488.0,Townhouse
Saskatchewan,saskatoon-sk,269900.0,3.0,2.0,789.0,House
Saskatchewan,saskatoon-sk,234900.0,2.0,1.0,760.0,Townhouse
Saskatchewan,saskatoon-sk,199900.0,2.0,1.0,1141.0,Apt/Condo
Saskatchewan,saskatoon-sk,554900.0,3.0,3.0,1661.0,House
Saskatchewan,saskatoon-sk,500900.0,3.0,3.0,1661.0,House
Saskatchewan,saskatoon-sk,474900.0,3.0,3.0,1581.0,House
Saskatchewan,saskatoon-sk,468900.0,3.0,3.0,1581.0,House
Saskatchewan,saskatoon-sk,820000.0,3.0,3.0,1605.0,Townhouse
Saskatchewan,saskatoon-sk,780000.0,3.0,3.0,1605.0,Townhouse
Saskatchewan,saskatoon-sk,499900.0,4.0,2.0,1770.0,House
Saskatchewan,saskatoon-sk,348000.0,6.0,2.0,1080.0,House
Saskatchewan,saskatoon-sk,637400.0,3.0,3.0,1973.0,House
Saskatchewan,saskatoon-sk,634400.0,3.0,3.0,1866.0,House
Saskatchewan,saskatoon-sk,214900.0,3.0,1.0,1098.0,Apt/Condo
Saskatchewan,saskatoon-sk,124900.0,2.0,1.0,626.0,House
Saskatchewan,saskatoon-sk,149000.0,3.0,1.0,585.0,House
Saskatchewan,saskatoon-sk,374900.0,3.0,4.0,1467.0,Townhouse
Saskatchewan,saskatoon-sk,769900.0,3.0,3.0,1950.0,House
Saskatchewan,saskatoon-sk,2200000.0,0.0,,,Multifamily
Saskatchewan,saskatoon-sk,1499900.0,2.0,2.0,2153.0,Apt/Condo
Saskatchewan,saskatoon-sk,769900.0,3.0,3.0,1950.0,House
Saskatchewan,saskatoon-sk,309000.0,3.0,2.0,1254.0,Townhouse
Saskatchewan,saskatoon-sk,619900.0,4.0,4.0,1748.0,House
Saskatchewan,saskatoon-sk,199900.0,2.0,1.0,754.0,Apt/Condo
Saskatchewan,saskatoon-sk,249900.0,2.0,1.0,732.0,Apt/Condo
Saskatchewan,saskatoon-sk,429900.0,4.0,2.0,950.0,House
Saskatchewan,saskatoon-sk,599900.0,4.0,3.0,1839.0,House
Saskatchewan,saskatoon-sk,1249900.0,3.0,4.0,2876.0,House
Saskatchewan,saskatoon-sk,474900.0,3.0,2.0,1008.0,House
Saskatchewan,saskatoon-sk,559000.0,4.0,4.0,1793.0,House
Saskatchewan,saskatoon-sk,59900.0,0.0,1.0,379.0,Apt/Condo
Saskatchewan,saskatoon-sk,1074000.0,5.0,4.0,1670.0,House
Saskatchewan,saskatoon-sk,959900.0,4.0,4.0,2434.0,House
Saskatchewan,saskatoon-sk,159900.0,2.0,1.0,850.0,Apt/Condo
Saskatchewan,saskatoon-sk,285900.0,2.0,2.0,1204.0,Townhouse
Saskatchewan,saskatoon-sk,619000.0,5.0,3.0,1276.0,House
Saskatchewan,saskatoon-sk,369900.0,3.0,2.0,1118.0,House
Saskatchewan,saskatoon-sk,499900.0,3.0,4.0,1082.0,Townhouse
Saskatchewan,saskatoon-sk,499900.0,5.0,2.0,1120.0,House
Saskatchewan,saskatoon-sk,739900.0,3.0,3.0,2088.0,House
Saskatchewan,saskatoon-sk,722900.0,3.0,3.0,1967.0,House
Saskatchewan,saskatoon-sk,619900.0,3.0,3.0,1691.0,House
Saskatchewan,saskatoon-sk,682900.0,3.0,3.0,1848.0,House
Saskatchewan,saskatoon-sk,99900.0,1.0,1.0,517.0,Apt/Condo
Saskatchewan,saskatoon-sk,424900.0,2.0,3.0,790.0,Townhouse
Saskatchewan,saskatoon-sk,669900.0,4.0,3.0,2000.0,House
Saskatchewan,saskatoon-sk,689900.0,5.0,3.0,2181.0,House
Saskatchewan,saskatoon-sk,539900.0,3.0,3.0,1423.0,Townhouse
Saskatchewan,saskatoon-sk,349900.0,2.0,2.0,1139.0,Apt/Condo
Saskatchewan,saskatoon-sk,369900.0,3.0,4.0,1634.0,Townhouse
Saskatchewan,saskatoon-sk,449900.0,0.0,,,Land/Lot
Saskatchewan,saskatoon-sk,594900.0,5.0,4.0,1864.0,House
Saskatchewan,saskatoon-sk,609900.0,3.0,3.0,1591.0,House
Saskatchewan,saskatoon-sk,439900.0,3.0,2.0,1275.0,Apt/Condo
Saskatchewan,saskatoon-sk,1029900.0,5.0,3.0,1801.0,House
Saskatchewan,saskatoon-sk,969000.0,5.0,4.0,2589.0,House
Saskatchewan,saskatoon-sk,299900.0,4.0,2.0,736.0,House
Saskatchewan,saskatoon-sk,541000.0,5.0,4.0,1500.0,House
Saskatchewan,saskatoon-sk,584900.0,3.0,3.0,1657.0,House
Saskatchewan,saskatoon-sk,399900.0,4.0,2.0,1075.0,House
Saskatchewan,saskatoon-sk,659900.0,4.0,4.0,1780.0,House
Saskatchewan,saskatoon-sk,619900.0,5.0,4.0,1495.0,House
Saskatchewan,saskatoon-sk,1285000.0,4.0,3.0,2390.0,House
Saskatchewan,saskatoon-sk,362000.0,3.0,3.0,1245.0,Townhouse
Saskatchewan,saskatoon-sk,439900.0,3.0,3.0,1200.0,House
Saskatchewan,saskatoon-sk,478900.0,3.0,3.0,1580.0,House
Saskatchewan,saskatoon-sk,280000.0,2.0,2.0,914.0,Apt/Condo
Saskatchewan,saskatoon-sk,686570.0,4.0,3.0,2045.0,House
Saskatchewan,saskatoon-sk,340000.0,2.0,2.0,1036.0,Apt/Condo
Saskatchewan,saskatoon-sk,595000.0,3.0,2.0,1756.0,House
Saskatchewan,saskatoon-sk,374900.0,3.0,2.0,1200.0,Townhouse
Saskatchewan,saskatoon-sk,299900.0,3.0,2.0,810.0,House
Saskatchewan,saskatoon-sk,249900.0,4.0,2.0,840.0,House
Saskatchewan,saskatoon-sk,214900.0,2.0,1.0,720.0,House
Saskatchewan,saskatoon-sk,1499000.0,0.0,,,Land/Lot
Saskatchewan,saskatoon-sk,150000.0,3.0,2.0,758.0,House
Saskatchewan,saskatoon-sk,188000.0,3.0,2.0,760.0,House
Saskatchewan,saskatoon-sk,140000.0,2.0,1.0,773.0,House
Saskatchewan,saskatoon-sk,349900.0,0.0,,,Land/Lot
Saskatchewan,saskatoon-sk,119900.0,2.0,1.0,784.0,Apt/Condo
Saskatchewan,saskatoon-sk,354900.0,3.0,1.0,1327.0,House
Saskatchewan,saskatoon-sk,234900.0,2.0,1.0,1128.0,House
Saskatchewan,saskatoon-sk,309900.0,2.0,2.0,1032.0,Apt/Condo
Saskatchewan,saskatoon-sk,299000.0,2.0,1.0,1267.0,Apt/Condo
Saskatchewan,saskatoon-sk,399900.0,4.0,2.0,1368.0,House
Saskatchewan,saskatoon-sk,1164900.0,4.0,4.0,2495.0,House
Saskatchewan,saskatoon-sk,29900.0,0.0,,,Land/Lot
Saskatchewan,saskatoon-sk,628800.0,3.0,3.0,2050.0,House
Saskatchewan,saskatoon-sk,899900.0,4.0,4.0,2225.0,House
Saskatchewan,saskatoon-sk,474900.0,0.0,,,Land/Lot
Saskatchewan,saskatoon-sk,139900.0,1.0,1.0,615.0,Apt/Condo
Saskatchewan,saskatoon-sk,1169000.0,5.0,4.0,2627.0,House
Saskatchewan,saskatoon-sk,555000.0,5.0,3.0,1117.0,House
Saskatchewan,saskatoon-sk,335000.0,2.0,2.0,1312.0,House
Saskatchewan,saskatoon-sk,799900.0,4.0,4.0,2346.0,House
Saskatchewan,saskatoon-sk,259900.0,2.0,2.0,1044.0,Apt/Condo
Saskatchewan,saskatoon-sk,499900.0,3.0,3.0,1526.0,Townhouse
Saskatchewan,saskatoon-sk,309900.0,2.0,2.0,1044.0,Townhouse
Saskatchewan,saskatoon-sk,197000.0,2.0,1.0,504.0,House
Saskatchewan,saskatoon-sk,389900.0,2.0,2.0,1313.0,Townhouse
Saskatchewan,saskatoon-sk,149900.0,3.0,1.0,760.0,House
Saskatchewan,saskatoon-sk,839900.0,4.0,5.0,2397.0,House
Saskatchewan,saskatoon-sk,474900.0,3.0,3.0,1530.0,Townhouse
Saskatchewan,saskatoon-sk,659900.0,4.0,4.0,1582.0,House
Saskatchewan,saskatoon-sk,472900.0,3.0,3.0,1517.0,Townhouse
Saskatchewan,saskatoon-sk,459900.0,3.0,3.0,1530.0,Townhouse
Saskatchewan,saskatoon-sk,154900.0,2.0,1.0,734.0,Apt/Condo
Saskatchewan,saskatoon-sk,454900.0,3.0,3.0,1517.0,Townhouse
Saskatchewan,saskatoon-sk,474900.0,3.0,3.0,1530.0,Townhouse
Saskatchewan,saskatoon-sk,99000.0,3.0,2.0,1216.0,Mfd/Mobile Home
Saskatchewan,saskatoon-sk,449900.0,4.0,4.0,1388.0,Townhouse
Saskatchewan,saskatoon-sk,524900.0,3.0,3.0,1690.0,Apt/Condo
Saskatchewan,saskatoon-sk,454900.0,3.0,3.0,1517.0,Townhouse
Saskatchewan,saskatoon-sk,784900.0,3.0,3.0,2236.0,House
Saskatchewan,saskatoon-sk,349900.0,3.0,2.0,1245.0,Townhouse
Saskatchewan,saskatoon-sk,1075000.0,4.0,4.0,2535.0,House
Saskatchewan,saskatoon-sk,318000.0,3.0,2.0,1116.0,Townhouse
Saskatchewan,saskatoon-sk,164900.0,2.0,1.0,850.0,Apt/Condo
Saskatchewan,saskatoon-sk,209900.0,3.0,1.0,915.0,Apt/Condo
Saskatchewan,saskatoon-sk,485000.0,2.0,2.0,815.0,Apt/Condo
Saskatchewan,saskatoon-sk,469900.0,4.0,3.0,1088.0,House
Saskatchewan,saskatoon-sk,457900.0,3.0,3.0,1530.0,Townhouse
Saskatchewan,saskatoon-sk,644900.0,3.0,3.0,1900.0,House
Saskatchewan,saskatoon-sk,262900.0,2.0,1.0,904.0,Apt/Condo
Saskatchewan,saskatoon-sk,415000.0,2.0,4.0,1433.0,Townhouse
Saskatchewan,saskatoon-sk,799000.0,6.0,4.0,2176.0,House
Saskatchewan,saskatoon-sk,544900.0,5.0,3.0,1091.0,House
Saskatchewan,saskatoon-sk,599900.0,3.0,3.0,1909.0,House
Saskatchewan,saskatoon-sk,465000.0,3.0,2.0,1469.0,House
Saskatchewan,saskatoon-sk,269900.0,3.0,2.0,1017.0,Townhouse
Saskatchewan,saskatoon-sk,179900.0,3.0,1.0,690.0,House
Saskatchewan,saskatoon-sk,699900.0,3.0,3.0,2102.0,House
Saskatchewan,saskatoon-sk,169900.0,2.0,1.0,764.0,Apt/Condo
Saskatchewan,saskatoon-sk,299000.0,3.0,2.0,1044.0,Townhouse
Saskatchewan,saskatoon-sk,175000.0,3.0,1.0,1001.0,Apt/Condo
Saskatchewan,saskatoon-sk,581000.0,4.0,4.0,1805.0,House
Saskatchewan,saskatoon-sk,599000.0,4.0,3.0,1850.0,House
Saskatchewan,saskatoon-sk,209900.0,3.0,1.0,950.0,House
Saskatchewan,saskatoon-sk,324900.0,2.0,2.0,1134.0,Apt/Condo
Saskatchewan,prince-albert-sk,345900.0,8.0,3.0,3602.0,House
Saskatchewan,prince-albert-sk,197000.0,2.0,1.0,624.0,House
Saskatchewan,prince-albert-sk,142500.0,4.0,2.0,732.0,House
Saskatchewan,prince-albert-sk,1699900.0,0.0,,,Multifamily
Saskatchewan,prince-albert-sk,289900.0,4.0,2.0,1020.0,House
Saskatchewan,prince-albert-sk,164900.0,3.0,1.0,885.0,House
Saskatchewan,prince-albert-sk,199000.0,3.0,2.0,826.0,House
Saskatchewan,prince-albert-sk,90000.0,3.0,1.0,960.0,House
Saskatchewan,prince-albert-sk,294900.0,3.0,2.0,1000.0,House
Saskatchewan,prince-albert-sk,209900.0,4.0,2.0,780.0,House
Saskatchewan,prince-albert-sk,199900.0,5.0,2.0,1381.0,House
Saskatchewan,prince-albert-sk,499900.0,5.0,3.0,1317.0,House
Saskatchewan,prince-albert-sk,290000.0,4.0,2.0,901.0,House
Saskatchewan,prince-albert-sk,299900.0,4.0,3.0,1077.0,House
Saskatchewan,prince-albert-sk,249900.0,2.0,2.0,980.0,Apt/Condo
Saskatchewan,prince-albert-sk,159000.0,3.0,3.0,925.0,House
Saskatchewan,prince-albert-sk,161500.0,4.0,2.0,926.0,House
Saskatchewan,prince-albert-sk,420000.0,7.0,4.0,2648.0,House
Saskatchewan,prince-albert-sk,178900.0,2.0,1.0,725.0,House
Saskatchewan,prince-albert-sk,225000.0,3.0,2.0,744.0,House
Saskatchewan,prince-albert-sk,180000.0,3.0,1.0,751.0,House
Saskatchewan,prince-albert-sk,249900.0,2.0,2.0,1236.0,Apt/Condo
Saskatchewan,prince-albert-sk,357900.0,4.0,3.0,1080.0,House
Saskatchewan,prince-albert-sk,230000.0,3.0,2.0,735.0,House
Saskatchewan,prince-albert-sk,64900.0,2.0,2.0,756.0,House
Saskatchewan,prince-albert-sk,389900.0,5.0,2.0,1478.0,House
Saskatchewan,prince-albert-sk,499000.0,2.0,2.0,2000.0,Apt/Condo
Saskatchewan,prince-albert-sk,389000.0,7.0,4.0,1440.0,Fourplex
Saskatchewan,prince-albert-sk,349900.0,4.0,2.0,1992.0,House
Saskatchewan,prince-albert-sk,299900.0,4.0,2.0,1056.0,House
Saskatchewan,prince-albert-sk,199900.0,3.0,2.0,796.0,House
Saskatchewan,prince-albert-sk,219900.0,2.0,1.0,1057.0,Townhouse
Saskatchewan,prince-albert-sk,196900.0,2.0,1.0,864.0,House
Saskatchewan,prince-albert-sk,459900.0,4.0,3.0,1336.0,House
Saskatchewan,prince-albert-sk,179900.0,3.0,2.0,1084.0,House
Saskatchewan,prince-albert-sk,314900.0,5.0,2.0,1204.0,Duplex
Saskatchewan,prince-albert-sk,179900.0,3.0,3.0,1159.0,Townhouse
Saskatchewan,prince-albert-sk,325000.0,3.0,3.0,2450.0,Townhouse
Saskatchewan,prince-albert-sk,154000.0,0.0,,,Land/Lot
Saskatchewan,prince-albert-sk,399900.0,2.0,2.0,1366.0,Apt/Condo
Saskatchewan,prince-albert-sk,359500.0,2.0,2.0,1386.0,Apt/Condo
Saskatchewan,prince-albert-sk,269900.0,2.0,2.0,1304.0,Apt/Condo
Saskatchewan,prince-albert-sk,59900.0,0.0,,,Land/Lot
Saskatchewan,prince-albert-sk,459900.0,3.0,2.0,1250.0,Duplex
Saskatchewan,prince-albert-sk,159900.0,0.0,,,Land/Lot
Saskatchewan,moose-jaw-sk,224900.0,2.0,2.0,880.0,House
Saskatchewan,moose-jaw-sk,159900.0,2.0,2.0,930.0,House
Saskatchewan,moose-jaw-sk,379900.0,4.0,3.0,1401.0,House
Saskatchewan,moose-jaw-sk,1550000.0,6.0,3.0,1865.0,House
Saskatchewan,moose-jaw-sk,169900.0,2.0,1.0,1208.0,House
Saskatchewan,moose-jaw-sk,489900.0,3.0,3.0,1728.0,House
Saskatchewan,moose-jaw-sk,114500.0,3.0,2.0,1218.0,Mfd/Mobile Home
Saskatchewan,moose-jaw-sk,254900.0,3.0,3.0,2031.0,House
Saskatchewan,moose-jaw-sk,409900.0,4.0,3.0,1126.0,House
Saskatchewan,moose-jaw-sk,229900.0,3.0,1.0,1029.0,House
Saskatchewan,moose-jaw-sk,419900.0,4.0,3.0,1850.0,House
Saskatchewan,moose-jaw-sk,609900.0,5.0,3.0,1625.0,House
Saskatchewan,moose-jaw-sk,285000.0,3.0,2.0,1008.0,House
Saskatchewan,moose-jaw-sk,299900.0,6.0,2.0,1389.0,House
Saskatchewan,moose-jaw-sk,329500.0,4.0,2.0,829.0,House
Saskatchewan,moose-jaw-sk,152900.0,2.0,1.0,725.0,House
Saskatchewan,moose-jaw-sk,1200000.0,0.0,,,Multifamily
Saskatchewan,moose-jaw-sk,329900.0,3.0,3.0,1402.0,House
Saskatchewan,moose-jaw-sk,499900.0,5.0,3.0,1308.0,House
Saskatchewan,moose-jaw-sk,249900.0,2.0,3.0,1574.0,House
Saskatchewan,moose-jaw-sk,649900.0,4.0,3.0,1957.0,House
Saskatchewan,moose-jaw-sk,44900.0,1.0,1.0,654.0,Apt/Condo
Saskatchewan,moose-jaw-sk,329900.0,3.0,3.0,1250.0,Townhouse
Saskatchewan,moose-jaw-sk,259900.0,3.0,2.0,960.0,House
Saskatchewan,moose-jaw-sk,469900.0,4.0,3.0,1131.0,House
Saskatchewan,moose-jaw-sk,239000.0,2.0,1.0,1125.0,House
Saskatchewan,moose-jaw-sk,329900.0,4.0,4.0,1664.0,House
Saskatchewan,moose-jaw-sk,259900.0,3.0,2.0,1060.0,House
Saskatchewan,moose-jaw-sk,319900.0,4.0,2.0,1194.0,House
Saskatchewan,moose-jaw-sk,294900.0,3.0,1.0,1010.0,House
Saskatchewan,moose-jaw-sk,775000.0,5.0,4.0,2234.0,House
Saskatchewan,moose-jaw-sk,299900.0,3.0,2.0,977.0,House
Saskatchewan,moose-jaw-sk,925000.0,0.0,,,Multifamily
Saskatchewan,moose-jaw-sk,129900.0,4.0,2.0,1560.0,House
Saskatchewan,moose-jaw-sk,299900.0,3.0,2.0,1117.0,House
Saskatchewan,moose-jaw-sk,139900.0,2.0,2.0,689.0,House
Saskatchewan,moose-jaw-sk,184500.0,2.0,1.0,530.0,House
Saskatchewan,moose-jaw-sk,265000.0,3.0,2.0,746.0,House
Saskatchewan,moose-jaw-sk,329900.0,3.0,2.0,768.0,House
Saskatchewan,moose-jaw-sk,35000.0,0.0,,,Land/Lot
Saskatchewan,moose-jaw-sk,43000.0,1.0,1.0,659.0,Apt/Condo
Saskatchewan,moose-jaw-sk,145000.0,3.0,1.0,980.0,House
Saskatchewan,moose-jaw-sk,359900.0,4.0,3.0,1288.0,House
Saskatchewan,moose-jaw-sk,339900.0,3.0,2.0,864.0,House
Saskatchewan,moose-jaw-sk,138500.0,2.0,1.0,630.0,House
Saskatchewan,moose-jaw-sk,209900.0,3.0,2.0,1054.0,House
Saskatchewan,moose-jaw-sk,84900.0,2.0,1.0,900.0,House
Saskatchewan,moose-jaw-sk,114900.0,3.0,3.0,910.0,House
Saskatchewan,moose-jaw-sk,134900.0,2.0,1.0,861.0,House
Saskatchewan,moose-jaw-sk,129900.0,1.0,1.0,720.0,House
Saskatchewan,moose-jaw-sk,149900.0,2.0,1.0,826.0,Apt/Condo
Saskatchewan,moose-jaw-sk,319000.0,4.0,2.0,1232.0,House
Saskatchewan,moose-jaw-sk,214900.0,3.0,1.0,825.0,House
Saskatchewan,moose-jaw-sk,169900.0,3.0,2.0,864.0,House
Saskatchewan,moose-jaw-sk,204900.0,4.0,3.0,984.0,House
Saskatchewan,moose-jaw-sk,409900.0,3.0,2.0,1827.0,House
Saskatchewan,moose-jaw-sk,299900.0,4.0,2.0,956.0,House
Saskatchewan,moose-jaw-sk,149900.0,2.0,1.0,830.0,Apt/Condo
Saskatchewan,moose-jaw-sk,409900.0,4.0,2.0,1024.0,House
Saskatchewan,moose-jaw-sk,247900.0,4.0,2.0,1098.0,House
Saskatchewan,moose-jaw-sk,499900.0,6.0,4.0,1903.0,House
Saskatchewan,moose-jaw-sk,1150000.0,4.0,6.0,4510.0,House
Saskatchewan,moose-jaw-sk,239000.0,3.0,2.0,1086.0,House
Saskatchewan,moose-jaw-sk,99900.0,2.0,1.0,720.0,House
Saskatchewan,moose-jaw-sk,239900.0,4.0,1.0,1565.0,House
Saskatchewan,moose-jaw-sk,2995000.0,0.0,,,Multifamily
Saskatchewan,moose-jaw-sk,40000.0,2.0,1.0,704.0,House
Saskatchewan,moose-jaw-sk,94900.0,0.0,,,Land/Lot
Saskatchewan,moose-jaw-sk,179900.0,3.0,2.0,1280.0,House
Saskatchewan,moose-jaw-sk,205000.0,4.0,3.0,1149.0,House
Saskatchewan,moose-jaw-sk,1600000.0,0.0,,,Multifamily
Saskatchewan,moose-jaw-sk,138000.0,2.0,1.0,762.0,House
Saskatchewan,moose-jaw-sk,99500.0,0.0,,,Land/Lot
Saskatchewan,moose-jaw-sk,230000.0,0.0,,,Land/Lot
Saskatchewan,moose-jaw-sk,530000.0,0.0,,,Land/Lot
Saskatchewan,moose-jaw-sk,73999.0,3.0,1.0,929.0,House
Saskatchewan,moose-jaw-sk,149900.0,2.0,2.0,552.0,House
Saskatchewan,moose-jaw-sk,122500.0,0.0,,,Land/Lot
Saskatchewan,moose-jaw-sk,119500.0,0.0,,,Land/Lot
Saskatchewan,moose-jaw-sk,159900.0,0.0,,,Land/Lot
Saskatchewan,moose-jaw-sk,122500.0,0.0,,,Land/Lot
Saskatchewan,moose-jaw-sk,209500.0,0.0,,,Land/Lot
Saskatchewan,moose-jaw-sk,119500.0,0.0,,,Land/Lot
Saskatchewan,moose-jaw-sk,119500.0,0.0,,,Land/Lot
Saskatchewan,moose-jaw-sk,122500.0,0.0,,,Land/Lot
Saskatchewan,moose-jaw-sk,179500.0,0.0,,,Land/Lot
Saskatchewan,moose-jaw-sk,179500.0,0.0,,,Land/Lot
Saskatchewan,moose-jaw-sk,239900.0,0.0,,,Land/Lot
Saskatchewan,moose-jaw-sk,199900.0,0.0,,,Land/Lot
Saskatchewan,moose-jaw-sk,649900.0,3.0,3.0,1494.0,House
Saskatchewan,moose-jaw-sk,200000.0,0.0,,,Land/Lot
Saskatchewan,moose-jaw-sk,225000.0,0.0,,,Land/Lot
Saskatchewan,moose-jaw-sk,190000.0,0.0,,,Land/Lot
Saskatchewan,moose-jaw-sk,170000.0,0.0,,,Land/Lot
Saskatchewan,moose-jaw-sk,219000.0,2.0,1.0,930.0,House
Manitoba,winnipeg-mb,324900.0,2.0,2.0,800.0,House
Manitoba,winnipeg-mb,294900.0,2.0,2.0,913.0,Townhouse
Manitoba,winnipeg-mb,459900.0,3.0,2.0,1148.0,House
Manitoba,winnipeg-mb,329900.0,3.0,1.0,880.0,House
Manitoba,winnipeg-mb,399888.0,3.0,2.0,1033.0,House
Manitoba,winnipeg-mb,199900.0,2.0,1.0,890.0,Apt/Condo
Manitoba,winnipeg-mb,269900.0,2.0,1.0,665.0,House
Manitoba,winnipeg-mb,849900.0,3.0,3.0,1663.0,Duplex
Manitoba,winnipeg-mb,108700.0,1.0,1.0,660.0,House
Manitoba,winnipeg-mb,349900.0,4.0,3.0,1688.0,House
Manitoba,winnipeg-mb,249900.0,3.0,1.0,983.0,House
Manitoba,winnipeg-mb,229900.0,2.0,1.0,588.0,House
Manitoba,winnipeg-mb,619900.0,4.0,2.0,1847.0,Duplex
Manitoba,winnipeg-mb,369900.0,3.0,2.0,930.0,House
Manitoba,winnipeg-mb,799900.0,6.0,4.0,2294.0,House
Manitoba,winnipeg-mb,419900.0,2.0,2.0,1508.0,Apt/Condo
Manitoba,winnipeg-mb,349900.0,3.0,1.0,860.0,House
Manitoba,winnipeg-mb,198444.0,3.0,1.0,1077.0,House
Manitoba,winnipeg-mb,329900.0,2.0,3.0,917.0,Townhouse
Manitoba,winnipeg-mb,488000.0,3.0,3.0,1488.0,House
Manitoba,winnipeg-mb,219900.0,2.0,2.0,949.0,House
Manitoba,winnipeg-mb,429900.0,4.0,2.0,1053.0,House
Manitoba,winnipeg-mb,189900.0,4.0,1.0,1120.0,House
Manitoba,winnipeg-mb,74500.0,0.0,0.0,1380.0,Land/Lot
Manitoba,winnipeg-mb,79900.0,0.0,0.0,1760.0,Duplex
Manitoba,winnipeg-mb,79900.0,0.0,0.0,1218.0,Duplex
Manitoba,winnipeg-mb,299900.0,7.0,2.0,2566.0,Duplex
Manitoba,winnipeg-mb,479900.0,5.0,3.0,1152.0,House
Manitoba,winnipeg-mb,199900.0,5.0,2.0,1720.0,Duplex
Manitoba,winnipeg-mb,529900.0,4.0,4.0,1551.0,House
Manitoba,winnipeg-mb,249900.0,4.0,1.0,1106.0,House
Manitoba,winnipeg-mb,369900.0,2.0,2.0,1292.0,Apt/Condo
Manitoba,winnipeg-mb,419900.0,3.0,2.0,1299.0,House
Manitoba,winnipeg-mb,699900.0,4.0,4.0,2483.0,House
Manitoba,winnipeg-mb,384900.0,3.0,2.0,1527.0,Townhouse
Manitoba,winnipeg-mb,349900.0,5.0,2.0,1581.0,House
Manitoba,winnipeg-mb,229900.0,3.0,1.0,1000.0,House
Manitoba,winnipeg-mb,399900.0,3.0,3.0,1322.0,House
Manitoba,winnipeg-mb,199900.0,2.0,1.0,640.0,House
Manitoba,winnipeg-mb,1250000.0,4.0,4.0,2655.0,House
Manitoba,winnipeg-mb,289900.0,2.0,1.0,884.0,House
Manitoba,winnipeg-mb,424900.0,3.0,2.0,1151.0,House
Manitoba,winnipeg-mb,474900.0,3.0,2.0,1312.0,House
Manitoba,winnipeg-mb,389900.0,4.0,2.0,936.0,House
Manitoba,winnipeg-mb,279900.0,2.0,2.0,993.0,Apt/Condo
Manitoba,winnipeg-mb,1199900.0,4.0,4.0,2670.0,House
Manitoba,winnipeg-mb,449900.0,3.0,3.0,1384.0,House
Manitoba,winnipeg-mb,494900.0,3.0,3.0,1275.0,House
Manitoba,winnipeg-mb,669900.0,3.0,3.0,1861.0,House
Manitoba,winnipeg-mb,199900.0,3.0,1.0,1250.0,House
Manitoba,winnipeg-mb,269900.0,1.0,1.0,724.0,Apt/Condo
Manitoba,winnipeg-mb,324900.0,3.0,2.0,914.0,House
Manitoba,winnipeg-mb,179900.0,3.0,1.0,841.0,House
Manitoba,winnipeg-mb,59900.0,0.0,0.0,,Land/Lot
Manitoba,winnipeg-mb,679900.0,6.0,3.0,2209.0,House
Manitoba,winnipeg-mb,289900.0,4.0,1.0,1531.0,House
Manitoba,winnipeg-mb,189900.0,4.0,1.0,1044.0,House
Manitoba,winnipeg-mb,399900.0,5.0,2.0,1604.0,Duplex
Manitoba,winnipeg-mb,369900.0,3.0,2.0,936.0,House
Manitoba,winnipeg-mb,319900.0,3.0,2.0,852.0,House
Manitoba,winnipeg-mb,219900.0,2.0,2.0,1025.0,Apt/Condo
Manitoba,winnipeg-mb,629900.0,4.0,4.0,2333.0,House
Manitoba,winnipeg-mb,144900.0,1.0,1.0,760.0,Apt/Condo
Manitoba,winnipeg-mb,599900.0,4.0,3.0,1761.0,House
Manitoba,winnipeg-mb,399900.0,2.0,1.0,780.0,House
Manitoba,winnipeg-mb,189900.0,4.0,2.0,1566.0,Duplex
Manitoba,winnipeg-mb,199900.0,6.0,4.0,2900.0,Duplex
Manitoba,winnipeg-mb,164900.0,2.0,1.0,750.0,Apt/Condo
Manitoba,winnipeg-mb,199900.0,2.0,1.0,884.0,Townhouse
Manitoba,winnipeg-mb,159900.0,2.0,1.0,805.0,Apt/Condo
Manitoba,winnipeg-mb,237500.0,6.0,3.0,1448.0,House
Manitoba,winnipeg-mb,889900.0,3.0,2.0,1685.0,House
Manitoba,winnipeg-mb,199900.0,3.0,2.0,1115.0,House
Manitoba,winnipeg-mb,699900.0,2.0,2.0,1600.0,Apt/Condo
Manitoba,winnipeg-mb,399900.0,4.0,2.0,1084.0,House
Manitoba,winnipeg-mb,430000.0,3.0,3.0,1656.0,House
Manitoba,winnipeg-mb,229900.0,3.0,2.0,1032.0,Apt/Condo
Manitoba,winnipeg-mb,309900.0,2.0,2.0,1015.0,House
Manitoba,winnipeg-mb,264900.0,2.0,2.0,1180.0,Apt/Condo
Manitoba,winnipeg-mb,184900.0,3.0,2.0,1188.0,House
Manitoba,winnipeg-mb,499000.0,4.0,2.0,1414.0,House
Manitoba,winnipeg-mb,579000.0,5.0,3.0,1325.0,House
Manitoba,winnipeg-mb,469900.0,4.0,2.0,1070.0,House
Manitoba,winnipeg-mb,399900.0,2.0,2.0,1100.0,House
Manitoba,winnipeg-mb,649900.0,4.0,4.0,2213.0,House
Manitoba,winnipeg-mb,549900.0,4.0,3.0,1645.0,House
Manitoba,winnipeg-mb,349900.0,3.0,2.0,1008.0,House
Manitoba,winnipeg-mb,172500.0,2.0,1.0,776.0,Apt/Condo
Manitoba,winnipeg-mb,779000.0,3.0,3.0,2359.0,House
Manitoba,winnipeg-mb,4500000.0,5.0,7.0,5453.0,House
Manitoba,winnipeg-mb,539900.0,3.0,2.0,1167.0,House
Manitoba,winnipeg-mb,159900.0,1.0,1.0,683.0,Apt/Condo
Manitoba,winnipeg-mb,199900.0,1.0,1.0,638.0,Apt/Condo
Manitoba,winnipeg-mb,189900.0,0.0,0.0,,Land/Lot
Manitoba,winnipeg-mb,574900.0,1.0,2.0,1820.0,Apt/Condo
Manitoba,winnipeg-mb,169900.0,2.0,1.0,1053.0,House
Manitoba,winnipeg-mb,349900.0,3.0,1.0,720.0,House
Manitoba,winnipeg-mb,189900.0,4.0,1.0,1380.0,House
Manitoba,winnipeg-mb,197900.0,1.0,1.0,502.0,Apt/Condo
Manitoba,winnipeg-mb,379900.0,3.0,2.0,820.0,House
Manitoba,winnipeg-mb,289900.0,3.0,2.0,761.0,House
Manitoba,winnipeg-mb,289900.0,3.0,2.0,1092.0,House
Manitoba,winnipeg-mb,579900.0,4.0,4.0,1727.0,House
Manitoba,winnipeg-mb,799000.0,0.0,0.0,,Apt/Condo
Manitoba,winnipeg-mb,349900.0,4.0,3.0,1320.0,House
Manitoba,winnipeg-mb,429900.0,3.0,2.0,1190.0,House
Manitoba,winnipeg-mb,259900.0,2.0,1.0,624.0,House
Manitoba,winnipeg-mb,529000.0,5.0,3.0,1241.0,House
Manitoba,winnipeg-mb,499900.0,3.0,3.0,1410.0,House
Manitoba,winnipeg-mb,389900.0,3.0,2.0,970.0,House
Manitoba,winnipeg-mb,439700.0,3.0,3.0,1321.0,House
Manitoba,winnipeg-mb,704990.0,6.0,4.0,2044.0,House
Manitoba,winnipeg-mb,279900.0,3.0,2.0,600.0,House
Manitoba,winnipeg-mb,109900.0,0.0,0.0,,Land/Lot
Manitoba,winnipeg-mb,599900.0,5.0,4.0,1480.0,House
Manitoba,winnipeg-mb,499900.0,4.0,3.0,1317.0,House
Manitoba,winnipeg-mb,264900.0,3.0,1.0,980.0,House
Manitoba,winnipeg-mb,54900.0,0.0,0.0,,Land/Lot
Manitoba,winnipeg-mb,648900.0,4.0,3.0,1846.0,House
Manitoba,winnipeg-mb,574900.0,3.0,3.0,1647.0,House
Manitoba,winnipeg-mb,449900.0,3.0,3.0,1675.0,House
Manitoba,winnipeg-mb,339900.0,3.0,2.0,914.0,House
Manitoba,winnipeg-mb,429900.0,3.0,2.0,1130.0,House
Manitoba,winnipeg-mb,370000.0,3.0,1.0,1015.0,House
Manitoba,winnipeg-mb,59900.0,3.0,2.0,1360.0,House
Manitoba,winnipeg-mb,629900.0,5.0,3.0,1513.0,House
Manitoba,winnipeg-mb,149900.0,3.0,2.0,2300.0,Duplex
Manitoba,winnipeg-mb,259900.0,2.0,1.0,904.0,Apt/Condo
Manitoba,winnipeg-mb,409900.0,4.0,2.0,1599.0,House
Manitoba,winnipeg-mb,429900.0,3.0,3.0,1670.0,Duplex
Manitoba,winnipeg-mb,389900.0,4.0,2.0,1347.0,House
Manitoba,winnipeg-mb,574900.0,4.0,3.0,2379.0,House
Manitoba,winnipeg-mb,319900.0,2.0,2.0,1132.0,Apt/Condo
Manitoba,winnipeg-mb,329900.0,3.0,1.0,833.0,House
Manitoba,winnipeg-mb,274900.0,3.0,2.0,720.0,House
Manitoba,winnipeg-mb,129900.0,2.0,1.0,750.0,House
Manitoba,winnipeg-mb,309900.0,3.0,3.0,1392.0,Townhouse
Manitoba,winnipeg-mb,499000.0,5.0,2.0,1215.0,House
Manitoba,winnipeg-mb,249900.0,4.0,2.0,1254.0,House
Manitoba,winnipeg-mb,349900.0,5.0,2.0,2028.0,Duplex
Manitoba,winnipeg-mb,199900.0,2.0,1.0,841.0,Apt/Condo
Manitoba,winnipeg-mb,549900.0,4.0,3.0,1868.0,House
Manitoba,winnipeg-mb,319900.0,3.0,2.0,720.0,House
Manitoba,winnipeg-mb,565000.0,3.0,3.0,1597.0,House
Manitoba,winnipeg-mb,503837.0,3.0,3.0,1400.0,House
Manitoba,winnipeg-mb,522212.0,3.0,3.0,1360.0,House
Manitoba,winnipeg-mb,449900.0,4.0,2.0,1083.0,House
Manitoba,winnipeg-mb,389900.0,3.0,3.0,1344.0,Townhouse
Manitoba,winnipeg-mb,619000.0,4.0,3.0,1856.0,House
Manitoba,winnipeg-mb,309900.0,3.0,1.0,872.0,House
Manitoba,winnipeg-mb,134900.0,1.0,1.0,588.0,Apt/Condo
Manitoba,winnipeg-mb,338900.0,2.0,1.0,705.0,House
Manitoba,winnipeg-mb,399800.0,4.0,2.0,1052.0,House
Manitoba,winnipeg-mb,374900.0,3.0,2.0,1106.0,House
Manitoba,winnipeg-mb,1995000.0,4.0,5.0,3784.0,House
Manitoba,winnipeg-mb,1149000.0,6.0,5.0,2352.0,House
Manitoba,winnipeg-mb,292500.0,2.0,1.0,908.0,House
Manitoba,winnipeg-mb,199900.0,3.0,2.0,1216.0,Townhouse
Manitoba,winnipeg-mb,369990.0,3.0,2.0,804.0,House
Manitoba,winnipeg-mb,608000.0,5.0,3.0,1592.0,Duplex
Manitoba,winnipeg-mb,659900.0,4.0,3.0,1962.0,House
Manitoba,winnipeg-mb,344900.0,3.0,2.0,1185.0,House
Manitoba,winnipeg-mb,499900.0,3.0,3.0,1350.0,House
Manitoba,winnipeg-mb,699900.0,5.0,3.0,2584.0,House
Manitoba,winnipeg-mb,85000.0,1.0,1.0,570.0,Apt/Condo
Manitoba,winnipeg-mb,419900.0,3.0,4.0,1686.0,Townhouse
Manitoba,winnipeg-mb,1049900.0,0.0,0.0,,Multifamily
Manitoba,winnipeg-mb,599000.0,0.0,,33.0,Land/Lot
Manitoba,winnipeg-mb,269900.0,2.0,1.0,830.0,House
Manitoba,winnipeg-mb,269900.0,2.0,2.0,1142.0,Townhouse
Manitoba,winnipeg-mb,239900.0,3.0,1.0,1180.0,House
Manitoba,winnipeg-mb,239900.0,3.0,1.0,868.0,House
Manitoba,winnipeg-mb,199900.0,1.0,1.0,750.0,Apt/Condo
Manitoba,winnipeg-mb,369900.0,3.0,2.0,936.0,House
Manitoba,winnipeg-mb,498630.0,2.0,2.0,1135.0,House
Manitoba,winnipeg-mb,965000.0,0.0,0.0,,Land/Lot
Manitoba,winnipeg-mb,299900.0,2.0,2.0,900.0,House
Manitoba,winnipeg-mb,689900.0,4.0,2.0,1730.0,House
Manitoba,winnipeg-mb,325000.0,2.0,2.0,1320.0,Apt/Condo
Manitoba,winnipeg-mb,419900.0,4.0,1.0,1231.0,House
Manitoba,winnipeg-mb,279900.0,2.0,2.0,735.0,House
Manitoba,winnipeg-mb,749900.0,4.0,4.0,2241.0,House
Manitoba,winnipeg-mb,319900.0,4.0,1.0,1141.0,House
Manitoba,winnipeg-mb,399900.0,2.0,2.0,1380.0,Apt/Condo
Manitoba,winnipeg-mb,595000.0,3.0,3.0,1579.0,House
Manitoba,winnipeg-mb,369900.0,3.0,2.0,1308.0,House
Manitoba,winnipeg-mb,193000.0,2.0,1.0,890.0,Apt/Condo
Manitoba,winnipeg-mb,99900.0,1.0,1.0,515.0,Apt/Condo
Manitoba,winnipeg-mb,575000.0,5.0,3.0,1606.0,House
Manitoba,winnipeg-mb,79900.0,0.0,0.0,1050.0,House
Manitoba,winnipeg-mb,199900.0,2.0,1.0,870.0,Apt/Condo
Manitoba,winnipeg-mb,349900.0,3.0,1.0,871.0,House
Manitoba,winnipeg-mb,899900.0,3.0,4.0,2539.0,House
Manitoba,winnipeg-mb,329900.0,3.0,2.0,1243.0,House
Manitoba,winnipeg-mb,495000.0,3.0,3.0,1537.0,House
Manitoba,winnipeg-mb,424900.0,4.0,2.0,1376.0,Land/Lot
Manitoba,winnipeg-mb,119900.0,2.0,1.0,639.0,House
Manitoba,winnipeg-mb,399900.0,3.0,2.0,1050.0,House
Manitoba,winnipeg-mb,149900.0,2.0,2.0,878.0,Apt/Condo
Manitoba,winnipeg-mb,514900.0,3.0,3.0,1400.0,House
Manitoba,winnipeg-mb,649900.0,5.0,3.0,1662.0,House
Manitoba,winnipeg-mb,489900.0,3.0,3.0,1519.0,House
Manitoba,winnipeg-mb,449900.0,3.0,3.0,1306.0,House
Manitoba,winnipeg-mb,629900.0,4.0,4.0,1965.0,House
Manitoba,winnipeg-mb,344500.0,2.0,1.0,900.0,Apt/Condo
Manitoba,winnipeg-mb,214900.0,2.0,1.0,1014.0,Apt/Condo
Manitoba,winnipeg-mb,429900.0,5.0,2.0,960.0,House
Manitoba,winnipeg-mb,679900.0,4.0,4.0,2060.0,House
Manitoba,winnipeg-mb,324900.0,3.0,2.0,1586.0,House
Manitoba,winnipeg-mb,299900.0,5.0,2.0,800.0,House
Manitoba,winnipeg-mb,289900.0,4.0,3.0,1816.0,Duplex
Manitoba,winnipeg-mb,2194000.0,0.0,0.0,,Multifamily
Manitoba,winnipeg-mb,599660.0,3.0,3.0,1760.0,House
Manitoba,winnipeg-mb,606905.0,4.0,3.0,1864.0,House
Manitoba,winnipeg-mb,572780.0,3.0,3.0,1496.0,House
Manitoba,winnipeg-mb,175000.0,4.0,2.0,785.0,House
Manitoba,winnipeg-mb,99900.0,1.0,1.0,504.0,Apt/Condo
Manitoba,winnipeg-mb,219900.0,4.0,2.0,1376.0,Duplex
Manitoba,winnipeg-mb,499900.0,5.0,2.0,1078.0,House
Manitoba,winnipeg-mb,162000.0,1.0,1.0,746.0,Apt/Condo
Manitoba,winnipeg-mb,149900.0,2.0,1.0,660.0,Townhouse
Manitoba,winnipeg-mb,249900.0,1.0,1.0,700.0,House
Manitoba,winnipeg-mb,369900.0,4.0,2.0,950.0,House
Manitoba,winnipeg-mb,439900.0,2.0,2.0,963.0,Apt/Condo
Manitoba,winnipeg-mb,324900.0,3.0,3.0,1387.0,Townhouse
Manitoba,winnipeg-mb,169900.0,1.0,1.0,754.0,Apt/Condo
Manitoba,winnipeg-mb,579900.0,5.0,3.0,1632.0,Duplex
Manitoba,winnipeg-mb,389900.0,3.0,2.0,770.0,House
Manitoba,winnipeg-mb,389900.0,0.0,0.0,,Multifamily
Manitoba,winnipeg-mb,999900.0,4.0,4.0,2100.0,House
Manitoba,winnipeg-mb,184500.0,1.0,1.0,810.0,Apt/Condo
Manitoba,winnipeg-mb,410000.0,4.0,3.0,1262.0,House
Manitoba,winnipeg-mb,259900.0,0.0,0.0,,Land/Lot
Manitoba,winnipeg-mb,344900.0,2.0,2.0,1122.0,Apt/Condo
Manitoba,winnipeg-mb,159900.0,0.0,0.0,,Land/Lot
Manitoba,winnipeg-mb,639900.0,4.0,3.0,1807.0,House
Manitoba,winnipeg-mb,599000.0,3.0,3.0,1536.0,House
Manitoba,winnipeg-mb,7000000.0,0.0,0.0,,Land/Lot
Manitoba,winnipeg-mb,84900.0,2.0,1.0,720.0,House
Manitoba,winnipeg-mb,84900.0,2.0,1.0,767.0,House
Manitoba,winnipeg-mb,84900.0,2.0,1.0,720.0,House
Manitoba,winnipeg-mb,189900.0,1.0,1.0,750.0,Apt/Condo
Manitoba,winnipeg-mb,224900.0,3.0,1.0,840.0,House
Manitoba,winnipeg-mb,239900.0,2.0,2.0,952.0,Townhouse
Manitoba,winnipeg-mb,549900.0,3.0,3.0,1461.0,House
Manitoba,winnipeg-mb,179900.0,3.0,2.0,1191.0,House
Manitoba,winnipeg-mb,449900.0,5.0,2.0,1066.0,House
Manitoba,winnipeg-mb,439900.0,4.0,2.0,946.0,House
Manitoba,winnipeg-mb,309900.0,3.0,2.0,928.0,Townhouse
Manitoba,winnipeg-mb,334900.0,2.0,1.0,1002.0,Apt/Condo
Manitoba,winnipeg-mb,595000.0,6.0,4.0,1666.0,House
Manitoba,winnipeg-mb,124900.0,1.0,1.0,500.0,House
Manitoba,winnipeg-mb,599000.0,5.0,2.0,2067.0,Duplex
Manitoba,winnipeg-mb,699800.0,5.0,4.0,2088.0,House
Manitoba,winnipeg-mb,389900.0,3.0,2.0,1140.0,House
Manitoba,winnipeg-mb,159900.0,2.0,1.0,884.0,Townhouse
Manitoba,winnipeg-mb,569900.0,4.0,4.0,1933.0,House
Manitoba,winnipeg-mb,329900.0,3.0,2.0,1680.0,House
Manitoba,winnipeg-mb,574900.0,4.0,3.0,1340.0,House
Manitoba,winnipeg-mb,339900.0,2.0,2.0,1540.0,Townhouse
Manitoba,winnipeg-mb,249900.0,2.0,2.0,700.0,House
Manitoba,winnipeg-mb,669000.0,3.0,3.0,1832.0,House
Manitoba,winnipeg-mb,249900.0,2.0,1.0,656.0,House
Manitoba,winnipeg-mb,199900.0,2.0,2.0,1071.0,Duplex
Manitoba,winnipeg-mb,384900.0,3.0,2.0,998.0,House
Manitoba,winnipeg-mb,424500.0,4.0,2.0,1360.0,House
Manitoba,winnipeg-mb,179900.0,2.0,1.0,644.0,House
Manitoba,winnipeg-mb,449800.0,4.0,3.0,1537.0,House
Manitoba,winnipeg-mb,169900.0,3.0,1.0,1342.0,House
Manitoba,winnipeg-mb,150000.0,2.0,2.0,945.0,Duplex
Manitoba,winnipeg-mb,384900.0,4.0,3.0,1008.0,House
Manitoba,winnipeg-mb,279900.0,2.0,2.0,1105.0,Apt/Condo
Manitoba,winnipeg-mb,329900.0,3.0,2.0,740.0,House
Manitoba,winnipeg-mb,299900.0,3.0,2.0,768.0,House
Manitoba,winnipeg-mb,164900.0,2.0,1.0,656.0,House
Manitoba,winnipeg-mb,224900.0,3.0,1.0,1046.0,House
Manitoba,winnipeg-mb,421900.0,4.0,3.0,1052.0,House
Manitoba,winnipeg-mb,394900.0,3.0,2.0,1075.0,House
Manitoba,winnipeg-mb,949900.0,4.0,3.0,2855.0,House
Manitoba,winnipeg-mb,144900.0,2.0,1.0,672.0,House
Manitoba,winnipeg-mb,519900.0,4.0,2.0,1401.0,House
Manitoba,winnipeg-mb,244900.0,2.0,1.0,1018.0,Apt/Condo
Manitoba,winnipeg-mb,249900.0,2.0,2.0,864.0,House
Manitoba,winnipeg-mb,678900.0,3.0,3.0,1674.0,House
Manitoba,winnipeg-mb,574900.0,3.0,2.0,1280.0,House
Manitoba,winnipeg-mb,145999.0,1.0,1.0,730.0,Apt/Condo
Manitoba,winnipeg-mb,179900.0,3.0,2.0,1360.0,House
Manitoba,winnipeg-mb,490000.0,4.0,2.0,1076.0,House
Manitoba,winnipeg-mb,379900.0,3.0,2.0,1210.0,Townhouse
Manitoba,winnipeg-mb,457400.0,3.0,3.0,1400.0,House
Manitoba,winnipeg-mb,629900.0,4.0,4.0,1909.0,House
Manitoba,winnipeg-mb,649500.0,3.0,3.0,1689.0,House
Manitoba,winnipeg-mb,334900.0,3.0,2.0,1644.0,Apt/Condo
Manitoba,winnipeg-mb,479900.0,3.0,3.0,1446.0,Duplex
Manitoba,winnipeg-mb,1295097.0,3.0,3.0,2100.0,House
Manitoba,winnipeg-mb,99900.0,0.0,0.0,,Land/Lot
Manitoba,winnipeg-mb,449900.0,3.0,3.0,1367.0,House
Manitoba,winnipeg-mb,209900.0,5.0,2.0,1526.0,House
Manitoba,winnipeg-mb,355000.0,3.0,3.0,1262.0,Apt/Condo
Manitoba,winnipeg-mb,629900.0,4.0,3.0,1661.0,House
Manitoba,winnipeg-mb,415000.0,4.0,2.0,1472.0,House
Manitoba,winnipeg-mb,409900.0,3.0,2.0,1590.0,House
Manitoba,winnipeg-mb,299900.0,2.0,1.0,880.0,House
Manitoba,winnipeg-mb,479900.0,3.0,3.0,1446.0,House
Manitoba,winnipeg-mb,179999.0,3.0,2.0,1436.0,Duplex
Manitoba,winnipeg-mb,279900.0,3.0,2.0,830.0,House
Manitoba,winnipeg-mb,359900.0,2.0,2.0,1659.0,Apt/Condo
Manitoba,winnipeg-mb,689900.0,4.0,3.0,1850.0,House
Manitoba,winnipeg-mb,134900.0,0.0,0.0,,Apt/Condo
Manitoba,winnipeg-mb,324900.0,2.0,1.0,833.0,Apt/Condo
Manitoba,winnipeg-mb,299900.0,4.0,2.0,1120.0,House
Manitoba,winnipeg-mb,224900.0,1.0,1.0,724.0,Apt/Condo
Manitoba,winnipeg-mb,479900.0,3.0,3.0,1387.0,House
Manitoba,winnipeg-mb,559900.0,4.0,3.0,2025.0,House
Manitoba,winnipeg-mb,559900.0,6.0,3.0,1220.0,House
Manitoba,winnipeg-mb,549900.0,3.0,3.0,1591.0,House
Manitoba,winnipeg-mb,899000.0,3.0,2.0,1834.0,House
Manitoba,winnipeg-mb,224900.0,2.0,1.0,707.0,House
Manitoba,winnipeg-mb,499999.0,5.0,3.0,1000.0,Duplex
Manitoba,winnipeg-mb,249900.0,5.0,2.0,1312.0,Duplex
Manitoba,winnipeg-mb,229900.0,3.0,1.0,960.0,House
Manitoba,winnipeg-mb,309900.0,2.0,2.0,1103.0,Apt/Condo
Manitoba,winnipeg-mb,439990.0,4.0,4.0,1362.0,House
Manitoba,winnipeg-mb,440000.0,3.0,3.0,1766.0,House
Manitoba,winnipeg-mb,524900.0,3.0,3.0,1238.0,House
Manitoba,winnipeg-mb,299900.0,2.0,1.0,894.0,House
Manitoba,winnipeg-mb,439900.0,4.0,3.0,1534.0,House
Manitoba,winnipeg-mb,439900.0,3.0,2.0,1411.0,House
Manitoba,winnipeg-mb,199900.0,2.0,1.0,745.0,House
Manitoba,winnipeg-mb,519900.0,3.0,2.0,1474.0,Apt/Condo
Manitoba,winnipeg-mb,169900.0,1.0,1.0,709.0,Apt/Condo
Manitoba,winnipeg-mb,179900.0,2.0,1.0,873.0,Apt/Condo
Manitoba,winnipeg-mb,99900.0,1.0,2.0,862.0,House
Manitoba,winnipeg-mb,349900.0,5.0,2.0,950.0,House
Manitoba,winnipeg-mb,679000.0,4.0,3.0,1880.0,House
Manitoba,winnipeg-mb,179000.0,2.0,2.0,797.0,House
Manitoba,winnipeg-mb,249900.0,2.0,1.0,892.0,Apt/Condo
Manitoba,winnipeg-mb,2499999.0,5.0,5.0,4207.0,House
Manitoba,winnipeg-mb,674900.0,4.0,4.0,1971.0,House
Manitoba,winnipeg-mb,169000.0,5.0,2.0,1310.0,House
Manitoba,winnipeg-mb,799900.0,0.0,0.0,,Land/Lot
Manitoba,winnipeg-mb,119900.0,2.0,1.0,576.0,House
Manitoba,winnipeg-mb,159900.0,2.0,1.0,714.0,House
Manitoba,winnipeg-mb,499900.0,3.0,3.0,1681.0,Townhouse
Manitoba,winnipeg-mb,599900.0,5.0,4.0,1475.0,House
Manitoba,winnipeg-mb,618000.0,3.0,2.0,1666.0,House
Manitoba,winnipeg-mb,544900.0,3.0,3.0,1505.0,House
Manitoba,winnipeg-mb,529900.0,4.0,2.0,1328.0,House
Manitoba,winnipeg-mb,668900.0,4.0,4.0,2275.0,House
Manitoba,winnipeg-mb,182000.0,4.0,1.0,1144.0,House
Manitoba,winnipeg-mb,479900.0,3.0,2.0,1125.0,House
Manitoba,winnipeg-mb,418900.0,0.0,0.0,,Multifamily
Manitoba,winnipeg-mb,309900.0,6.0,3.0,2426.0,Duplex
Manitoba,winnipeg-mb,1590000.0,0.0,0.0,,Apt/Condo
Manitoba,winnipeg-mb,479900.0,3.0,2.0,1185.0,House
Manitoba,winnipeg-mb,649000.0,5.0,4.0,1546.0,Duplex
Manitoba,winnipeg-mb,189900.0,0.0,0.0,,Land/Lot
Manitoba,winnipeg-mb,124900.0,4.0,1.0,1358.0,House
Manitoba,winnipeg-mb,410000.0,3.0,2.0,900.0,House
Manitoba,winnipeg-mb,369900.0,2.0,2.0,1202.0,Apt/Condo
Manitoba,winnipeg-mb,369900.0,2.0,2.0,1202.0,Apt/Condo
Manitoba,winnipeg-mb,639900.0,8.0,4.0,3367.0,Duplex
Manitoba,winnipeg-mb,579900.0,5.0,3.0,1592.0,Duplex
Manitoba,winnipeg-mb,629900.0,5.0,4.0,1546.0,Duplex
Manitoba,winnipeg-mb,629900.0,5.0,4.0,1546.0,Duplex
Manitoba,winnipeg-mb,534999.0,4.0,4.0,1385.0,House
Manitoba,winnipeg-mb,245900.0,2.0,2.0,893.0,Apt/Condo
Manitoba,winnipeg-mb,899900.0,7.0,4.0,3400.0,Duplex
Manitoba,winnipeg-mb,299900.0,3.0,2.0,852.0,House
Manitoba,winnipeg-mb,1499900.0,0.0,0.0,,Land/Lot
Manitoba,winnipeg-mb,359900.0,0.0,3.0,,Multifamily
Manitoba,winnipeg-mb,279800.0,2.0,2.0,664.0,House
Manitoba,winnipeg-mb,499900.0,0.0,5.0,,Multifamily
Manitoba,winnipeg-mb,789999.0,5.0,3.0,2149.0,House
Manitoba,winnipeg-mb,279900.0,6.0,4.0,1819.0,Duplex
Manitoba,winnipeg-mb,499500.0,4.0,3.0,1356.0,House
Manitoba,winnipeg-mb,317900.0,3.0,2.0,874.0,House
Manitoba,winnipeg-mb,270000.0,2.0,2.0,993.0,Apt/Condo
Manitoba,winnipeg-mb,489900.0,3.0,3.0,1895.0,House
Manitoba,winnipeg-mb,179000.0,6.0,2.0,1448.0,Duplex
Manitoba,winnipeg-mb,489900.0,3.0,3.0,1518.0,House
Manitoba,winnipeg-mb,129900.0,1.0,1.0,489.0,Apt/Condo
Manitoba,winnipeg-mb,419400.0,2.0,3.0,1250.0,Townhouse
Manitoba,winnipeg-mb,491138.0,3.0,3.0,1360.0,House
Manitoba,winnipeg-mb,189000.0,1.0,1.0,825.0,Apt/Condo
Manitoba,winnipeg-mb,624886.0,3.0,1.0,1370.0,House
Manitoba,winnipeg-mb,829900.0,4.0,3.0,1829.0,House
Manitoba,winnipeg-mb,179800.0,1.0,1.0,854.0,Apt/Condo
Manitoba,winnipeg-mb,579900.0,3.0,3.0,2084.0,House
Manitoba,winnipeg-mb,250000.0,0.0,0.0,,Land/Lot
Manitoba,winnipeg-mb,250000.0,0.0,0.0,,Land/Lot
Manitoba,winnipeg-mb,279900.0,2.0,1.0,1222.0,House
Manitoba,winnipeg-mb,1200000.0,5.0,4.0,3415.0,House
Manitoba,winnipeg-mb,359800.0,3.0,2.0,948.0,House
Manitoba,winnipeg-mb,749900.0,3.0,3.0,1547.0,House
Manitoba,winnipeg-mb,749900.0,3.0,3.0,1547.0,House
Manitoba,winnipeg-mb,234900.0,2.0,1.0,620.0,House
Manitoba,winnipeg-mb,99900.0,5.0,1.0,1320.0,House
Manitoba,winnipeg-mb,239900.0,5.0,2.0,2048.0,Duplex
Manitoba,winnipeg-mb,159900.0,5.0,2.0,1259.0,Duplex
Manitoba,winnipeg-mb,674999.0,0.0,0.0,,Land/Lot
Manitoba,winnipeg-mb,124900.0,5.0,2.0,1508.0,Duplex
Manitoba,winnipeg-mb,249000.0,5.0,0.0,1362.0,House
Manitoba,winnipeg-mb,619900.0,3.0,3.0,1645.0,House
Manitoba,winnipeg-mb,339900.0,3.0,2.0,970.0,House
Manitoba,winnipeg-mb,629900.0,3.0,3.0,1793.0,House
Manitoba,winnipeg-mb,259900.0,0.0,0.0,,Land/Lot
Manitoba,winnipeg-mb,259900.0,0.0,0.0,,Land/Lot
Manitoba,winnipeg-mb,299900.0,3.0,1.0,680.0,House
Manitoba,winnipeg-mb,589500.0,4.0,3.0,1440.0,House
Manitoba,winnipeg-mb,79900.0,0.0,0.0,,Land/Lot
Manitoba,winnipeg-mb,899000.0,4.0,3.0,2781.0,House
Manitoba,winnipeg-mb,519900.0,3.0,3.0,1508.0,House
Manitoba,winnipeg-mb,1099000.0,5.0,5.0,5442.0,House
Manitoba,winnipeg-mb,299900.0,4.0,2.0,1114.0,House
Manitoba,winnipeg-mb,664900.0,4.0,4.0,1602.0,Duplex
Manitoba,winnipeg-mb,899900.0,3.0,5.0,3370.0,House
Manitoba,winnipeg-mb,198900.0,1.0,1.0,681.0,Apt/Condo
Manitoba,winnipeg-mb,599900.0,4.0,3.0,1700.0,House
Manitoba,winnipeg-mb,489900.0,3.0,3.0,1518.0,House
Manitoba,winnipeg-mb,209900.0,5.0,2.0,3300.0,Duplex
Manitoba,winnipeg-mb,229900.0,0.0,0.0,,Land/Lot
Manitoba,winnipeg-mb,503900.0,3.0,3.0,1484.0,House
Manitoba,winnipeg-mb,503900.0,3.0,3.0,1484.0,House
Manitoba,winnipeg-mb,319900.0,3.0,3.0,1504.0,Duplex
Manitoba,winnipeg-mb,850000.0,0.0,0.0,,Multifamily
Manitoba,winnipeg-mb,139900.0,2.0,1.0,760.0,House
Manitoba,winnipeg-mb,179900.0,2.0,1.0,745.0,House
Manitoba,winnipeg-mb,199900.0,3.0,1.0,850.0,House
Manitoba,winnipeg-mb,494900.0,3.0,3.0,1361.0,House
Manitoba,winnipeg-mb,1499900.0,6.0,4.0,2666.0,House
Manitoba,winnipeg-mb,519900.0,3.0,3.0,1508.0,House
Manitoba,winnipeg-mb,274900.0,2.0,2.0,1152.0,House
Manitoba,winnipeg-mb,289900.0,3.0,2.0,1520.0,Duplex
Manitoba,winnipeg-mb,227700.0,3.0,1.0,878.0,House
Manitoba,winnipeg-mb,449900.0,4.0,2.0,838.0,House
Manitoba,winnipeg-mb,219900.0,1.0,1.0,760.0,Apt/Condo
Manitoba,winnipeg-mb,239990.0,3.0,1.0,924.0,House
Manitoba,winnipeg-mb,199900.0,2.0,2.0,736.0,House
Manitoba,winnipeg-mb,142900.0,4.0,2.0,1320.0,House
Manitoba,winnipeg-mb,142900.0,4.0,2.0,1320.0,House
Manitoba,winnipeg-mb,434900.0,4.0,2.0,1456.0,House
Manitoba,winnipeg-mb,1250000.0,4.0,4.0,3002.0,House
Manitoba,winnipeg-mb,599900.0,5.0,4.0,1504.0,Duplex
Manitoba,winnipeg-mb,949900.0,3.0,2.0,2237.0,House
Manitoba,winnipeg-mb,188800.0,4.0,1.0,1065.0,House
Manitoba,winnipeg-mb,449900.0,5.0,3.0,1306.0,House
Manitoba,winnipeg-mb,599900.0,0.0,0.0,,Land/Lot
Manitoba,winnipeg-mb,129900.0,2.0,1.0,620.0,House
Manitoba,winnipeg-mb,239900.0,5.0,2.0,1620.0,House
Manitoba,winnipeg-mb,399900.0,4.0,4.0,1291.0,Townhouse
Manitoba,winnipeg-mb,309900.0,2.0,2.0,1135.0,Apt/Condo
Manitoba,winnipeg-mb,194900.0,3.0,1.0,930.0,House
Manitoba,winnipeg-mb,149900.0,3.0,1.0,986.0,House
Manitoba,winnipeg-mb,589999.0,4.0,3.0,1560.0,House
Manitoba,winnipeg-mb,199900.0,2.0,1.0,760.0,House
Manitoba,winnipeg-mb,229900.0,3.0,0.0,1055.0,House
Manitoba,winnipeg-mb,149900.0,3.0,1.0,1368.0,House
Manitoba,winnipeg-mb,1199999.0,2.0,3.0,1849.0,House
Manitoba,winnipeg-mb,529900.0,3.0,3.0,1350.0,House
Manitoba,winnipeg-mb,599900.0,3.0,2.0,1501.0,Apt/Condo
Manitoba,winnipeg-mb,508900.0,4.0,3.0,1600.0,House
Manitoba,winnipeg-mb,725000.0,0.0,0.0,2098.0,Apt/Condo
Manitoba,winnipeg-mb,609900.0,3.0,2.0,1462.0,Apt/Condo
Manitoba,winnipeg-mb,614900.0,3.0,2.0,1462.0,Apt/Condo
Manitoba,winnipeg-mb,799900.0,3.0,2.0,1836.0,House
Manitoba,winnipeg-mb,675000.0,0.0,0.0,2098.0,Apt/Condo
Manitoba,winnipeg-mb,619000.0,5.0,4.0,1520.0,Duplex
Manitoba,winnipeg-mb,319900.0,2.0,2.0,1350.0,Townhouse
Manitoba,winnipeg-mb,439999.0,5.0,2.0,944.0,House
Manitoba,winnipeg-mb,521000.0,4.0,3.0,1253.0,House
Manitoba,winnipeg-mb,249800.0,1.0,1.0,1189.0,Townhouse
Manitoba,winnipeg-mb,669900.0,5.0,3.0,1862.0,House
Manitoba,winnipeg-mb,139900.0,3.0,1.0,995.0,House
Manitoba,winnipeg-mb,309000.0,3.0,1.0,1100.0,House
Manitoba,winnipeg-mb,305999.0,2.0,2.0,1128.0,Apt/Condo
Manitoba,winnipeg-mb,149900.0,1.0,1.0,729.0,House
Manitoba,winnipeg-mb,294900.0,2.0,2.0,1135.0,Apt/Condo
Manitoba,winnipeg-mb,305900.0,2.0,2.0,1135.0,Apt/Condo
Manitoba,winnipeg-mb,215000.0,1.0,1.0,640.0,Apt/Condo
Manitoba,winnipeg-mb,779900.0,4.0,3.0,2020.0,House
Manitoba,winnipeg-mb,119900.0,2.0,1.0,666.0,Apt/Condo
Manitoba,winnipeg-mb,324900.0,3.0,2.0,1177.0,Townhouse
Manitoba,winnipeg-mb,69900.0,4.0,2.0,1592.0,Duplex
Manitoba,winnipeg-mb,709900.0,4.0,3.0,2127.0,House
Manitoba,winnipeg-mb,2499999.0,4.0,5.0,4318.0,House
Manitoba,winnipeg-mb,474900.0,3.0,3.0,1333.0,Townhouse
Manitoba,winnipeg-mb,349900.0,0.0,0.0,1462.0,House
Manitoba,winnipeg-mb,209900.0,2.0,1.0,1065.0,House
Manitoba,winnipeg-mb,174900.0,1.0,1.0,508.0,Apt/Condo
Manitoba,winnipeg-mb,739900.0,4.0,3.0,1951.0,House
Manitoba,winnipeg-mb,369750.0,2.0,3.0,1508.0,Apt/Condo
Manitoba,winnipeg-mb,1199900.0,4.0,4.0,2030.0,House
Manitoba,winnipeg-mb,199995.0,4.0,2.0,1407.0,House
Manitoba,winnipeg-mb,198000.0,3.0,2.0,1029.0,House
Manitoba,winnipeg-mb,593000.0,3.0,3.0,1810.0,House
Manitoba,winnipeg-mb,536900.0,3.0,3.0,1488.0,House
Manitoba,winnipeg-mb,459900.0,4.0,2.0,1254.0,House
Manitoba,winnipeg-mb,549900.0,3.0,3.0,1505.0,House
Manitoba,winnipeg-mb,189800.0,1.0,1.0,771.0,Apt/Condo
Manitoba,brandon-mb,239900.0,3.0,2.0,1190.0,House
Manitoba,brandon-mb,474900.0,4.0,3.0,1691.0,House
Manitoba,brandon-mb,795000.0,5.0,4.0,2040.0,House
Manitoba,brandon-mb,386900.0,2.0,2.0,1225.0,House
Manitoba,brandon-mb,85000.0,1.0,1.0,602.0,Apt/Condo
Manitoba,brandon-mb,239000.0,2.0,2.0,748.0,House
Manitoba,brandon-mb,304900.0,3.0,2.0,870.0,House
Manitoba,brandon-mb,414900.0,3.0,3.0,1835.0,House
Manitoba,brandon-mb,599900.0,0.0,0.0,,Land/Lot
Manitoba,brandon-mb,598000.0,4.0,3.0,1570.0,House
Manitoba,brandon-mb,409900.0,3.0,3.0,1452.0,House
Manitoba,brandon-mb,290000.0,4.0,2.0,1046.0,House
Manitoba,brandon-mb,340000.0,3.0,3.0,1230.0,Townhouse
Manitoba,brandon-mb,179900.0,3.0,2.0,1355.0,House
Manitoba,brandon-mb,255000.0,2.0,2.0,980.0,House
Manitoba,brandon-mb,519000.0,2.0,2.0,1465.0,Apt/Condo
Manitoba,brandon-mb,428000.0,0.0,0.0,,Multifamily
Manitoba,brandon-mb,235000.0,2.0,1.0,800.0,House
Manitoba,brandon-mb,185000.0,3.0,2.0,1216.0,Mfd/Mobile Home
Manitoba,brandon-mb,249000.0,3.0,2.0,1128.0,House
Manitoba,brandon-mb,239900.0,3.0,2.0,1216.0,Mfd/Mobile Home
Manitoba,brandon-mb,199900.0,2.0,1.0,924.0,Mfd/Mobile Home
Manitoba,brandon-mb,485000.0,0.0,0.0,,Multifamily
Manitoba,brandon-mb,425900.0,3.0,3.0,1850.0,House
Manitoba,brandon-mb,414900.0,3.0,3.0,1835.0,House
Manitoba,brandon-mb,144900.0,2.0,1.0,877.0,Apt/Condo
Manitoba,brandon-mb,223000.0,3.0,2.0,728.0,House
Manitoba,brandon-mb,309900.0,3.0,2.0,1512.0,Mfd/Mobile Home
Manitoba,brandon-mb,749900.0,5.0,3.0,1642.0,House
Manitoba,brandon-mb,449000.0,3.0,3.0,1140.0,House
Manitoba,brandon-mb,295000.0,3.0,2.0,1169.0,House
Manitoba,brandon-mb,249900.0,3.0,3.0,1053.0,House
Manitoba,brandon-mb,279900.0,3.0,2.0,1520.0,Mfd/Mobile Home
Manitoba,brandon-mb,149000.0,2.0,1.0,877.0,Apt/Condo
Manitoba,brandon-mb,264900.0,4.0,3.0,1668.0,House
Manitoba,brandon-mb,274900.0,4.0,4.0,1230.0,House
Manitoba,brandon-mb,224900.0,3.0,1.0,1040.0,House
Manitoba,brandon-mb,99900.0,0.0,0.0,,Land/Lot
Manitoba,brandon-mb,260000.0,2.0,2.0,1160.0,Townhouse
Manitoba,brandon-mb,295000.0,3.0,2.0,950.0,House
Manitoba,brandon-mb,599000.0,3.0,3.0,1250.0,House
Manitoba,brandon-mb,195000.0,3.0,2.0,1450.0,House
Manitoba,brandon-mb,99900.0,1.0,1.0,757.0,Apt/Condo
Manitoba,brandon-mb,220000.0,3.0,1.0,924.0,House
Manitoba,brandon-mb,266000.0,2.0,1.0,925.0,House
Manitoba,brandon-mb,205000.0,2.0,1.0,680.0,House
Manitoba,brandon-mb,265000.0,3.0,1.0,840.0,House
Manitoba,brandon-mb,229000.0,3.0,2.0,1240.0,House
Manitoba,brandon-mb,2200000.0,0.0,0.0,,Land/Lot
Manitoba,brandon-mb,310000.0,4.0,2.0,992.0,House
Manitoba,brandon-mb,329900.0,4.0,2.0,1275.0,House
Manitoba,brandon-mb,309900.0,0.0,0.0,,Land/Lot
Manitoba,brandon-mb,658000.0,0.0,0.0,,Multifamily
Manitoba,brandon-mb,155000.0,1.0,1.0,500.0,House
Manitoba,brandon-mb,45000.0,0.0,0.0,,Land/Lot
Manitoba,brandon-mb,87000.0,0.0,0.0,,House
Manitoba,brandon-mb,1399000.0,9.0,6.0,4051.0,House
Manitoba,steinbach-mb,574900.0,3.0,3.0,1920.0,House
Manitoba,steinbach-mb,479900.0,3.0,2.0,1403.0,House
Manitoba,steinbach-mb,494000.0,3.0,2.0,1405.0,House
Manitoba,steinbach-mb,494900.0,3.0,2.0,1405.0,House
Manitoba,steinbach-mb,499900.0,3.0,2.0,1405.0,House
Manitoba,steinbach-mb,479900.0,3.0,2.0,1403.0,House
Manitoba,steinbach-mb,574900.0,3.0,3.0,1920.0,House
Manitoba,steinbach-mb,159900.0,0.0,0.0,,Land/Lot
Manitoba,steinbach-mb,364900.0,3.0,2.0,1260.0,House
Manitoba,steinbach-mb,297900.0,3.0,2.0,880.0,House
Manitoba,steinbach-mb,326900.0,3.0,2.0,1178.0,House
Manitoba,steinbach-mb,319500.0,3.0,2.0,1178.0,House
Manitoba,steinbach-mb,339900.0,3.0,3.0,1210.0,House
Manitoba,steinbach-mb,329900.0,3.0,3.0,1195.0,House
Manitoba,steinbach-mb,319500.0,3.0,2.0,1178.0,House
Manitoba,steinbach-mb,326900.0,3.0,2.0,1178.0,House
Manitoba,steinbach-mb,339900.0,3.0,3.0,1210.0,House
Manitoba,steinbach-mb,329900.0,3.0,3.0,1195.0,House
Manitoba,steinbach-mb,319900.0,4.0,2.0,1040.0,House
Manitoba,steinbach-mb,339900.0,4.0,2.0,936.0,House
Manitoba,steinbach-mb,479900.0,3.0,2.0,1403.0,
Manitoba,steinbach-mb,174900.0,2.0,1.0,924.0,Apt/Condo
Manitoba,steinbach-mb,459900.0,3.0,2.0,1250.0,House
Manitoba,steinbach-mb,159000.0,0.0,0.0,,Land/Lot
Manitoba,steinbach-mb,179900.0,3.0,1.0,1382.0,Apt/Condo
Manitoba,steinbach-mb,189900.0,3.0,2.0,1216.0,Mfd/Mobile Home
Manitoba,steinbach-mb,479900.0,3.0,2.0,1382.0,House
Manitoba,steinbach-mb,189900.0,2.0,1.0,841.0,Apt/Condo
Manitoba,steinbach-mb,159900.0,0.0,0.0,,Apt/Condo
Manitoba,steinbach-mb,449900.0,3.0,2.0,1290.0,House
Manitoba,steinbach-mb,499900.0,3.0,2.0,1460.0,House
Manitoba,steinbach-mb,519900.0,5.0,3.0,1436.0,House
Manitoba,steinbach-mb,359900.0,2.0,1.0,950.0,House
Manitoba,steinbach-mb,549900.0,6.0,3.0,2389.0,House
Manitoba,steinbach-mb,339900.0,4.0,2.0,1264.0,House
Manitoba,steinbach-mb,2600000.0,0.0,0.0,,House
Manitoba,steinbach-mb,334900.0,3.0,3.0,1210.0,House
Manitoba,steinbach-mb,574900.0,3.0,2.0,1750.0,House
Manitoba,steinbach-mb,995000.0,0.0,0.0,,Land/Lot
Manitoba,steinbach-mb,511500.0,0.0,0.0,,Land/Lot
Manitoba,steinbach-mb,248750.0,0.0,0.0,,Land/Lot
Manitoba,steinbach-mb,479900.0,3.0,2.0,1403.0,
Manitoba,steinbach-mb,1100000.0,0.0,,47500.0,Land/Lot
Manitoba,steinbach-mb,1500000.0,0.0,,63125.0,Land/Lot
Manitoba,steinbach-mb,1100000.0,0.0,,,Land/Lot
Manitoba,steinbach-mb,144900.0,3.0,1.0,950.0,Mfd/Mobile Home
Manitoba,steinbach-mb,324900.0,3.0,3.0,1195.0,House
Manitoba,steinbach-mb,549900.0,5.0,2.0,1230.0,House
Manitoba,steinbach-mb,534900.0,3.0,2.0,1574.0,House
Manitoba,steinbach-mb,459900.0,5.0,3.0,1360.0,House
Manitoba,steinbach-mb,89880.0,3.0,1.0,938.0,Mfd/Mobile Home
Manitoba,steinbach-mb,729900.0,4.0,4.0,2361.0,House
Manitoba,steinbach-mb,285000.0,0.0,0.0,,Land/Lot
Manitoba,steinbach-mb,285000.0,0.0,0.0,,Land/Lot
Manitoba,steinbach-mb,209000.0,0.0,0.0,,Land/Lot
Manitoba,steinbach-mb,317500.0,3.0,2.0,1178.0,House
Manitoba,steinbach-mb,317500.0,3.0,2.0,1178.0,House
Manitoba,steinbach-mb,249900.0,2.0,1.0,803.0,Duplex
Manitoba,steinbach-mb,134900.0,0.0,0.0,,Land/Lot
Manitoba,steinbach-mb,129900.0,0.0,0.0,,Land/Lot
Manitoba,steinbach-mb,1100000.0,0.0,0.0,,Land/Lot
Manitoba,steinbach-mb,1500000.0,0.0,0.0,,Land/Lot
Manitoba,steinbach-mb,479900.0,3.0,2.0,1403.0,
New Brunswick,fredericton-nb,349900.0,4.0,2.0,1760.0,House
New Brunswick,fredericton-nb,599900.0,4.0,4.0,2841.0,House
New Brunswick,fredericton-nb,324900.0,3.0,1.0,1118.0,House
New Brunswick,fredericton-nb,674900.0,4.0,2.0,2500.0,House
New Brunswick,fredericton-nb,294900.0,2.0,2.0,1280.0,Apt/Condo
New Brunswick,fredericton-nb,159900.0,3.0,1.0,958.0,Mfd/Mobile Home
New Brunswick,fredericton-nb,265000.0,2.0,1.0,1173.0,Apt/Condo
New Brunswick,fredericton-nb,849800.0,0.0,,4114.0,Multifamily
New Brunswick,fredericton-nb,489900.0,1.0,1.0,1044.0,Apt/Condo
New Brunswick,fredericton-nb,412900.0,4.0,4.0,2268.0,House
New Brunswick,fredericton-nb,349900.0,3.0,2.0,1767.0,House
New Brunswick,fredericton-nb,169900.0,2.0,1.0,1024.0,Mfd/Mobile Home
New Brunswick,fredericton-nb,289800.0,3.0,1.0,864.0,House
New Brunswick,fredericton-nb,174900.0,3.0,2.0,1088.0,Mfd/Mobile Home
New Brunswick,fredericton-nb,399900.0,4.0,2.0,1735.0,House
New Brunswick,fredericton-nb,229900.0,3.0,1.0,1232.0,House
New Brunswick,fredericton-nb,425000.0,4.0,2.0,1812.0,House
New Brunswick,fredericton-nb,549900.0,3.0,4.0,2793.0,House
New Brunswick,fredericton-nb,95000.0,2.0,1.0,896.0,Mfd/Mobile Home
New Brunswick,fredericton-nb,399900.0,4.0,2.0,1975.0,House
New Brunswick,fredericton-nb,249900.0,3.0,2.0,1372.0,House
New Brunswick,fredericton-nb,399900.0,5.0,2.0,2125.0,House
New Brunswick,fredericton-nb,319900.0,2.0,1.0,880.0,House
New Brunswick,fredericton-nb,1899900.0,0.0,,,Land/Lot
New Brunswick,fredericton-nb,499900.0,4.0,4.0,3629.0,House
New Brunswick,fredericton-nb,328000.0,2.0,2.0,1042.0,Townhouse
New Brunswick,fredericton-nb,579900.0,4.0,3.0,1878.0,House
New Brunswick,fredericton-nb,374900.0,3.0,2.0,1794.0,House
New Brunswick,fredericton-nb,374900.0,4.0,3.0,1863.0,House
New Brunswick,fredericton-nb,249900.0,0.0,,,Land/Lot
New Brunswick,fredericton-nb,850000.0,0.0,,4381.0,Multifamily
New Brunswick,fredericton-nb,244900.0,2.0,1.0,1000.0,Townhouse
New Brunswick,fredericton-nb,199900.0,2.0,1.0,600.0,Apt/Condo
New Brunswick,fredericton-nb,579900.0,4.0,3.0,1985.0,House
New Brunswick,fredericton-nb,529900.0,3.0,2.0,1269.0,House
New Brunswick,fredericton-nb,424900.0,3.0,1.0,2234.0,House
New Brunswick,fredericton-nb,399900.0,5.0,2.0,1800.0,House
New Brunswick,fredericton-nb,349900.0,3.0,3.0,1500.0,Townhouse
New Brunswick,fredericton-nb,449900.0,4.0,2.0,2200.0,House
New Brunswick,fredericton-nb,699900.0,5.0,4.0,3187.0,House
New Brunswick,fredericton-nb,339000.0,4.0,3.0,1835.0,House
New Brunswick,fredericton-nb,171300.0,3.0,2.0,1152.0,House
New Brunswick,fredericton-nb,549000.0,4.0,2.0,2600.0,House
New Brunswick,fredericton-nb,850000.0,0.0,,,Land/Lot
New Brunswick,fredericton-nb,349900.0,4.0,3.0,1824.0,House
New Brunswick,fredericton-nb,320000.0,2.0,2.0,1368.0,House
New Brunswick,fredericton-nb,499900.0,0.0,,,Land/Lot
New Brunswick,fredericton-nb,499900.0,3.0,2.0,1863.0,House
New Brunswick,fredericton-nb,789900.0,3.0,4.0,2647.0,House
New Brunswick,fredericton-nb,199900.0,3.0,2.0,1056.0,House
New Brunswick,fredericton-nb,174500.0,3.0,2.0,1100.0,House
New Brunswick,fredericton-nb,199900.0,0.0,,,Land/Lot
New Brunswick,fredericton-nb,339900.0,2.0,1.0,1335.0,House
New Brunswick,fredericton-nb,174900.0,3.0,1.0,1152.0,House
New Brunswick,fredericton-nb,484900.0,4.0,2.0,1692.0,House
New Brunswick,fredericton-nb,360000.0,5.0,1.0,1125.0,House
New Brunswick,fredericton-nb,749900.0,4.0,3.0,2905.0,House
New Brunswick,fredericton-nb,454900.0,5.0,2.0,1427.0,House
New Brunswick,fredericton-nb,139900.0,1.0,1.0,480.0,House
New Brunswick,fredericton-nb,274900.0,4.0,1.0,1167.0,House
New Brunswick,fredericton-nb,299900.0,2.0,2.0,1195.0,House
New Brunswick,fredericton-nb,424900.0,3.0,2.0,2200.0,House
New Brunswick,fredericton-nb,449900.0,4.0,2.0,1400.0,House
New Brunswick,fredericton-nb,349000.0,5.0,2.0,2100.0,House
New Brunswick,fredericton-nb,449900.0,4.0,3.0,2094.0,House
New Brunswick,fredericton-nb,62000.0,0.0,,,Land/Lot
New Brunswick,fredericton-nb,53000.0,0.0,,,Land/Lot
New Brunswick,fredericton-nb,74900.0,0.0,,,Land/Lot
New Brunswick,fredericton-nb,299900.0,0.0,,,Land/Lot
New Brunswick,fredericton-nb,339900.0,4.0,2.0,1127.0,House
New Brunswick,fredericton-nb,629900.0,5.0,3.0,2994.0,House
New Brunswick,fredericton-nb,504900.0,2.0,2.0,1364.0,House
New Brunswick,fredericton-nb,504900.0,2.0,2.0,1364.0,House
New Brunswick,fredericton-nb,514900.0,2.0,2.0,1364.0,House
New Brunswick,fredericton-nb,504900.0,2.0,2.0,1364.0,House
New Brunswick,fredericton-nb,504900.0,2.0,2.0,1364.0,House
New Brunswick,fredericton-nb,354900.0,4.0,2.0,2321.0,House
New Brunswick,fredericton-nb,439900.0,5.0,2.0,1769.0,House
New Brunswick,fredericton-nb,216000.0,2.0,2.0,1127.0,House
New Brunswick,fredericton-nb,649900.0,5.0,3.0,2936.0,House
New Brunswick,fredericton-nb,69900.0,2.0,1.0,720.0,House
New Brunswick,fredericton-nb,269900.0,2.0,1.0,920.0,House
New Brunswick,fredericton-nb,359900.0,3.0,2.0,1074.0,House
New Brunswick,fredericton-nb,184900.0,3.0,2.0,1071.0,House
New Brunswick,fredericton-nb,505000.0,5.0,2.0,1842.0,House
New Brunswick,fredericton-nb,659900.0,5.0,4.0,3092.0,House
New Brunswick,fredericton-nb,599900.0,5.0,4.0,3042.0,House
New Brunswick,fredericton-nb,479900.0,2.0,2.0,1236.0,House
New Brunswick,fredericton-nb,1400000.0,0.0,,,Land/Lot
New Brunswick,fredericton-nb,399900.0,0.0,,,Land/Lot
New Brunswick,fredericton-nb,689000.0,4.0,4.0,2769.0,House
New Brunswick,fredericton-nb,337000.0,2.0,1.0,1440.0,House
New Brunswick,fredericton-nb,354900.0,2.0,1.0,961.0,House
New Brunswick,fredericton-nb,699900.0,5.0,3.0,3016.0,House
New Brunswick,fredericton-nb,599900.0,4.0,4.0,2390.0,House
New Brunswick,fredericton-nb,997500.0,4.0,4.0,4800.0,House
New Brunswick,fredericton-nb,1399000.0,0.0,,,Land/Lot
New Brunswick,fredericton-nb,1295000.0,0.0,,,Land/Lot
New Brunswick,fredericton-nb,105000.0,0.0,,,Land/Lot
New Brunswick,fredericton-nb,674900.0,4.0,2.0,5000.0,House
New Brunswick,fredericton-nb,675000.0,3.0,3.0,2518.0,House
New Brunswick,fredericton-nb,649900.0,4.0,4.0,2950.0,House
New Brunswick,fredericton-nb,64900.0,0.0,,,Land/Lot
New Brunswick,fredericton-nb,539900.0,2.0,2.0,1528.0,House
New Brunswick,fredericton-nb,549900.0,3.0,2.0,1778.0,House
New Brunswick,fredericton-nb,779900.0,4.0,3.0,4440.0,House
New Brunswick,fredericton-nb,325000.0,3.0,1.0,900.0,House
New Brunswick,fredericton-nb,649900.0,3.0,3.0,2338.0,House
New Brunswick,fredericton-nb,539900.0,4.0,4.0,2810.0,House
New Brunswick,fredericton-nb,549900.0,2.0,2.0,1440.0,House
New Brunswick,fredericton-nb,973000.0,4.0,3.0,3563.0,House
New Brunswick,fredericton-nb,129900.0,0.0,,,Land/Lot
New Brunswick,fredericton-nb,129900.0,0.0,,,Land/Lot
New Brunswick,fredericton-nb,119900.0,0.0,,,Land/Lot
New Brunswick,fredericton-nb,469900.0,3.0,2.0,1100.0,House
New Brunswick,fredericton-nb,699900.0,4.0,3.0,2600.0,House
New Brunswick,fredericton-nb,729000.0,4.0,4.0,1937.0,House
New Brunswick,fredericton-nb,649900.0,3.0,2.0,1614.0,House
New Brunswick,fredericton-nb,2650000.0,4.0,4.0,4868.0,House
New Brunswick,fredericton-nb,419900.0,3.0,2.0,1295.0,House
New Brunswick,fredericton-nb,449900.0,4.0,2.0,1863.0,House
New Brunswick,fredericton-nb,489999.0,2.0,2.0,1364.0,House
New Brunswick,fredericton-nb,119900.0,0.0,,,Land/Lot
New Brunswick,fredericton-nb,119900.0,0.0,,,Land/Lot
New Brunswick,fredericton-nb,119900.0,0.0,,,Land/Lot
New Brunswick,fredericton-nb,124900.0,0.0,,,Land/Lot
New Brunswick,fredericton-nb,109900.0,0.0,,,Land/Lot
New Brunswick,fredericton-nb,119900.0,0.0,,,Land/Lot
New Brunswick,fredericton-nb,124900.0,0.0,,,Land/Lot
New Brunswick,fredericton-nb,115900.0,0.0,,,Land/Lot
New Brunswick,fredericton-nb,109900.0,0.0,,,Land/Lot
New Brunswick,fredericton-nb,109900.0,0.0,,,Land/Lot
New Brunswick,fredericton-nb,119900.0,0.0,,,Land/Lot
New Brunswick,fredericton-nb,99900.0,0.0,,,Land/Lot
New Brunswick,fredericton-nb,109900.0,0.0,,,Land/Lot
New Brunswick,fredericton-nb,99900.0,0.0,,,Land/Lot
New Brunswick,fredericton-nb,115900.0,0.0,,,Land/Lot
New Brunswick,fredericton-nb,1650000.0,6.0,4.0,5700.0,House
New Brunswick,fredericton-nb,210000.0,0.0,,,Land/Lot
New Brunswick,fredericton-nb,133000.0,0.0,,,Land/Lot
New Brunswick,fredericton-nb,155000.0,0.0,,,Land/Lot
New Brunswick,fredericton-nb,183000.0,0.0,,,Land/Lot
New Brunswick,fredericton-nb,155000.0,0.0,,,Land/Lot
New Brunswick,fredericton-nb,215000.0,0.0,,,Land/Lot
New Brunswick,fredericton-nb,183000.0,0.0,,,Land/Lot
New Brunswick,fredericton-nb,160000.0,0.0,,,Land/Lot
New Brunswick,fredericton-nb,49900.0,0.0,,,Land/Lot
New Brunswick,fredericton-nb,850000.0,0.0,,,Land/Lot
New Brunswick,fredericton-nb,180000.0,0.0,,,Land/Lot
New Brunswick,fredericton-nb,200000.0,0.0,,,Land/Lot
New Brunswick,fredericton-nb,319900.0,0.0,,,Land/Lot
New Brunswick,fredericton-nb,249900.0,0.0,,,Land/Lot
New Brunswick,fredericton-nb,76000.0,0.0,,,Land/Lot
New Brunswick,fredericton-nb,76000.0,0.0,,,Land/Lot
New Brunswick,fredericton-nb,500000.0,0.0,,,Land/Lot
New Brunswick,fredericton-nb,1195000.0,5.0,3.0,4559.0,House
New Brunswick,fredericton-nb,3300000.0,0.0,,,Land/Lot
New Brunswick,fredericton-nb,1650000.0,0.0,,,Land/Lot
New Brunswick,fredericton-nb,489999.0,2.0,2.0,1364.0,House
New Brunswick,fredericton-nb,489999.0,2.0,2.0,1364.0,House
New Brunswick,moncton-nb,249900.0,3.0,2.0,963.0,House
New Brunswick,moncton-nb,419900.0,1.0,1.0,735.0,Apt/Condo
New Brunswick,moncton-nb,474900.0,4.0,3.0,2068.0,House
New Brunswick,moncton-nb,424900.0,3.0,2.0,1096.0,House
New Brunswick,moncton-nb,469900.0,4.0,3.0,2100.0,House
New Brunswick,moncton-nb,449900.0,3.0,2.0,1910.0,House
New Brunswick,moncton-nb,789900.0,4.0,4.0,3984.0,House
New Brunswick,moncton-nb,85000.0,0.0,,,Land/Lot
New Brunswick,moncton-nb,289900.0,3.0,2.0,1352.0,House
New Brunswick,moncton-nb,379900.0,3.0,1.0,1728.0,House
New Brunswick,moncton-nb,758000.0,4.0,4.0,3100.0,House
New Brunswick,moncton-nb,998000.0,0.0,,4400.0,Multifamily
New Brunswick,moncton-nb,370000.0,4.0,2.0,1900.0,House
New Brunswick,moncton-nb,164900.0,3.0,1.0,1072.0,Mfd/Mobile Home
New Brunswick,moncton-nb,289000.0,3.0,1.0,1400.0,House
New Brunswick,moncton-nb,279000.0,3.0,1.0,1393.0,House
New Brunswick,moncton-nb,384900.0,3.0,2.0,1909.0,House
New Brunswick,moncton-nb,449000.0,0.0,,3322.0,Multifamily
New Brunswick,moncton-nb,419900.0,3.0,2.0,1807.0,House
New Brunswick,moncton-nb,620000.0,4.0,3.0,2098.0,House
New Brunswick,moncton-nb,899999.0,4.0,4.0,3410.0,House
New Brunswick,moncton-nb,129000.0,2.0,1.0,945.0,House
New Brunswick,moncton-nb,499900.0,4.0,3.0,2250.0,House
New Brunswick,moncton-nb,399900.0,0.0,,3209.0,Multifamily
New Brunswick,moncton-nb,399900.0,3.0,2.0,1663.0,House
New Brunswick,moncton-nb,350000.0,4.0,2.0,1027.0,House
New Brunswick,moncton-nb,249900.0,3.0,1.0,1105.0,House
New Brunswick,moncton-nb,350000.0,3.0,2.0,1728.0,House
New Brunswick,moncton-nb,619900.0,4.0,4.0,2499.0,House
New Brunswick,moncton-nb,614900.0,3.0,4.0,3734.0,House
New Brunswick,moncton-nb,460000.0,5.0,3.0,2536.0,House
New Brunswick,moncton-nb,389900.0,4.0,2.0,2658.0,House
New Brunswick,moncton-nb,350000.0,3.0,1.0,1008.0,House
New Brunswick,moncton-nb,325000.0,3.0,2.0,1823.0,House
New Brunswick,moncton-nb,329000.0,3.0,2.0,1900.0,House
New Brunswick,moncton-nb,415900.0,0.0,,2487.0,Multifamily
New Brunswick,moncton-nb,489900.0,4.0,3.0,2400.0,House
New Brunswick,moncton-nb,309000.0,3.0,2.0,1472.0,House
New Brunswick,moncton-nb,449900.0,3.0,2.0,1705.0,House
New Brunswick,moncton-nb,405000.0,0.0,,1793.0,Multifamily
New Brunswick,moncton-nb,324900.0,5.0,2.0,1873.0,Multifamily
New Brunswick,moncton-nb,240000.0,3.0,1.0,975.0,House
New Brunswick,moncton-nb,350000.0,2.0,2.0,1400.0,House
New Brunswick,moncton-nb,350000.0,3.0,2.0,2000.0,House
New Brunswick,moncton-nb,609000.0,4.0,4.0,2270.0,House
New Brunswick,moncton-nb,319900.0,4.0,2.0,1728.0,House
New Brunswick,moncton-nb,524900.0,4.0,3.0,2433.0,House
New Brunswick,moncton-nb,359900.0,2.0,1.0,1080.0,House
New Brunswick,moncton-nb,384900.0,2.0,2.0,1255.0,Apt/Condo
New Brunswick,moncton-nb,469900.0,3.0,3.0,2160.0,House
New Brunswick,moncton-nb,476500.0,4.0,4.0,2118.0,House
New Brunswick,moncton-nb,629900.0,0.0,,2838.0,Multifamily
New Brunswick,moncton-nb,379900.0,3.0,2.0,1364.0,House
New Brunswick,moncton-nb,314900.0,3.0,2.0,1315.0,House
New Brunswick,moncton-nb,349900.0,3.0,3.0,1723.0,House
New Brunswick,moncton-nb,229000.0,3.0,2.0,1062.0,House
New Brunswick,moncton-nb,734900.0,3.0,2.0,1712.0,House
New Brunswick,moncton-nb,550000.0,4.0,3.0,3172.0,House
New Brunswick,moncton-nb,489900.0,0.0,,2408.0,Multifamily
New Brunswick,moncton-nb,374900.0,3.0,2.0,1515.0,House
New Brunswick,moncton-nb,699900.0,5.0,4.0,3544.0,House
New Brunswick,moncton-nb,544900.0,4.0,3.0,2100.0,House
New Brunswick,moncton-nb,305000.0,3.0,2.0,1377.0,House
New Brunswick,moncton-nb,569900.0,4.0,3.0,2463.0,House
New Brunswick,moncton-nb,140000.0,4.0,1.0,1105.0,House
New Brunswick,moncton-nb,665000.0,7.0,4.0,3082.0,House
New Brunswick,moncton-nb,595000.0,4.0,4.0,2600.0,House
New Brunswick,moncton-nb,569900.0,4.0,4.0,2480.0,House
New Brunswick,moncton-nb,389900.0,3.0,2.0,1800.0,House
New Brunswick,moncton-nb,279900.0,2.0,1.0,1000.0,House
New Brunswick,moncton-nb,425000.0,7.0,3.0,2964.0,House
New Brunswick,moncton-nb,1199900.0,4.0,4.0,3719.0,House
New Brunswick,moncton-nb,349900.0,0.0,,2221.0,Multifamily
New Brunswick,moncton-nb,564900.0,4.0,2.0,2860.0,House
New Brunswick,moncton-nb,699900.0,9.0,4.0,3456.0,House
New Brunswick,moncton-nb,368000.0,3.0,2.0,1446.0,House
New Brunswick,moncton-nb,319900.0,3.0,2.0,1350.0,House
New Brunswick,moncton-nb,286900.0,3.0,2.0,1320.0,House
New Brunswick,moncton-nb,389000.0,4.0,3.0,2072.0,House
New Brunswick,moncton-nb,474900.0,4.0,3.0,2448.0,House
New Brunswick,moncton-nb,324900.0,4.0,2.0,1000.0,House
New Brunswick,moncton-nb,404000.0,4.0,2.0,1824.0,House
New Brunswick,moncton-nb,359900.0,3.0,2.0,1500.0,House
New Brunswick,moncton-nb,439900.0,4.0,2.0,2535.0,House
New Brunswick,moncton-nb,399900.0,3.0,3.0,1687.0,House
New Brunswick,moncton-nb,344900.0,2.0,2.0,1417.0,House
New Brunswick,moncton-nb,509900.0,4.0,4.0,2552.0,House
New Brunswick,moncton-nb,509900.0,4.0,4.0,2552.0,House
New Brunswick,moncton-nb,445000.0,3.0,2.0,1877.0,House
New Brunswick,moncton-nb,545000.0,4.0,3.0,2392.0,House
New Brunswick,moncton-nb,409900.0,4.0,2.0,1664.0,House
New Brunswick,moncton-nb,469900.0,3.0,3.0,2507.0,House
New Brunswick,moncton-nb,344900.0,3.0,2.0,1634.0,House
New Brunswick,moncton-nb,334900.0,3.0,2.0,1700.0,House
New Brunswick,moncton-nb,309900.0,2.0,2.0,1163.0,House
New Brunswick,moncton-nb,795000.0,4.0,4.0,3502.0,House
New Brunswick,moncton-nb,424900.0,5.0,3.0,2046.0,House
New Brunswick,moncton-nb,459900.0,3.0,4.0,2300.0,House
New Brunswick,moncton-nb,64500.0,2.0,1.0,720.0,House
New Brunswick,moncton-nb,599900.0,3.0,2.0,1754.0,House
New Brunswick,moncton-nb,375000.0,0.0,,2400.0,Multifamily
New Brunswick,moncton-nb,390000.0,0.0,,3495.0,Multifamily
New Brunswick,moncton-nb,275000.0,4.0,2.0,1854.0,House
New Brunswick,moncton-nb,410000.0,0.0,,3060.0,Multifamily
New Brunswick,moncton-nb,90000.0,3.0,1.0,828.0,House
New Brunswick,moncton-nb,168000.0,3.0,1.0,1072.0,House
New Brunswick,moncton-nb,559000.0,3.0,2.0,1689.0,House
New Brunswick,moncton-nb,433000.0,4.0,3.0,1987.0,House
New Brunswick,moncton-nb,324900.0,2.0,2.0,1295.0,House
New Brunswick,moncton-nb,849900.0,4.0,3.0,4612.0,House
New Brunswick,moncton-nb,799900.0,0.0,,,Land/Lot
New Brunswick,moncton-nb,489000.0,4.0,2.0,2268.0,House
New Brunswick,moncton-nb,549900.0,2.0,3.0,2768.0,House
New Brunswick,moncton-nb,462500.0,4.0,3.0,2130.0,House
New Brunswick,moncton-nb,324900.0,4.0,2.0,1612.0,House
New Brunswick,moncton-nb,569900.0,4.0,4.0,2280.0,House
New Brunswick,moncton-nb,674900.0,4.0,4.0,2574.0,House
New Brunswick,moncton-nb,264000.0,3.0,1.0,1444.0,House
New Brunswick,moncton-nb,159900.0,2.0,1.0,1024.0,House
New Brunswick,moncton-nb,449900.0,4.0,3.0,2227.0,House
New Brunswick,moncton-nb,379900.0,3.0,3.0,1576.0,House
New Brunswick,moncton-nb,675000.0,3.0,4.0,3494.0,House
New Brunswick,moncton-nb,389900.0,3.0,2.0,1570.0,House
New Brunswick,moncton-nb,749900.0,4.0,4.0,2596.0,House
New Brunswick,moncton-nb,489900.0,3.0,3.0,2392.0,House
New Brunswick,moncton-nb,435000.0,2.0,2.0,1323.0,House
New Brunswick,moncton-nb,449900.0,2.0,2.0,1323.0,House
New Brunswick,moncton-nb,584900.0,4.0,4.0,2270.0,House
New Brunswick,moncton-nb,499900.0,4.0,2.0,2146.0,House
New Brunswick,moncton-nb,674900.0,3.0,2.0,2330.0,House
New Brunswick,moncton-nb,648400.0,3.0,2.0,1540.0,House
New Brunswick,moncton-nb,599000.0,4.0,2.0,2636.0,House
New Brunswick,moncton-nb,419900.0,3.0,2.0,1766.0,House
New Brunswick,moncton-nb,344000.0,4.0,1.0,1061.0,House
New Brunswick,moncton-nb,650000.0,0.0,,2438.0,Multifamily
New Brunswick,moncton-nb,524900.0,4.0,3.0,2349.0,House
New Brunswick,moncton-nb,299900.0,3.0,2.0,1363.0,House
New Brunswick,moncton-nb,529900.0,3.0,3.0,2268.0,House
New Brunswick,moncton-nb,359000.0,4.0,2.0,1904.0,House
New Brunswick,moncton-nb,239900.0,2.0,1.0,695.0,House
New Brunswick,moncton-nb,349900.0,0.0,,2284.0,Multifamily
New Brunswick,moncton-nb,399000.0,4.0,2.0,1799.0,House
New Brunswick,moncton-nb,325000.0,4.0,2.0,1257.0,House
New Brunswick,moncton-nb,425000.0,0.0,,2407.0,Multifamily
New Brunswick,moncton-nb,500000.0,4.0,4.0,2486.0,House
New Brunswick,moncton-nb,509900.0,4.0,4.0,2486.0,House
New Brunswick,moncton-nb,80000.0,0.0,,,Land/Lot
New Brunswick,moncton-nb,279900.0,0.0,,,Land/Lot
New Brunswick,moncton-nb,319900.0,3.0,2.0,1364.0,House
New Brunswick,moncton-nb,513800.0,3.0,3.0,2741.0,House
New Brunswick,moncton-nb,614900.0,6.0,3.0,3400.0,House
New Brunswick,moncton-nb,474900.0,3.0,2.0,3132.0,House
New Brunswick,moncton-nb,529900.0,4.0,2.0,1925.0,House
New Brunswick,moncton-nb,239000.0,3.0,2.0,890.0,House
New Brunswick,moncton-nb,369500.0,0.0,,1220.0,Multifamily
New Brunswick,moncton-nb,599000.0,0.0,,2270.0,Multifamily
New Brunswick,moncton-nb,349000.0,4.0,2.0,1672.0,House
New Brunswick,moncton-nb,669900.0,5.0,3.0,3664.0,House
New Brunswick,moncton-nb,284900.0,0.0,,1850.0,Multifamily
New Brunswick,moncton-nb,529000.0,4.0,2.0,2405.0,House
New Brunswick,moncton-nb,458800.0,3.0,3.0,2235.0,House
New Brunswick,moncton-nb,349900.0,3.0,2.0,1292.0,House
New Brunswick,moncton-nb,199900.0,0.0,,,Land/Lot
New Brunswick,moncton-nb,649900.0,4.0,3.0,2651.0,House
New Brunswick,moncton-nb,354000.0,3.0,2.0,1420.0,House
New Brunswick,moncton-nb,229900.0,3.0,2.0,1300.0,House
New Brunswick,moncton-nb,314900.0,3.0,2.0,1500.0,House
New Brunswick,moncton-nb,449900.0,3.0,3.0,2388.0,House
New Brunswick,moncton-nb,369900.0,4.0,3.0,1992.0,House
New Brunswick,moncton-nb,1199900.0,12.0,8.0,5109.0,House
New Brunswick,moncton-nb,499900.0,4.0,3.0,2324.0,House
New Brunswick,moncton-nb,338000.0,4.0,2.0,1933.0,House
New Brunswick,moncton-nb,415900.0,3.0,2.0,1994.0,House
New Brunswick,moncton-nb,499900.0,2.0,2.0,1267.0,House
New Brunswick,moncton-nb,329995.0,4.0,3.0,2547.0,House
New Brunswick,moncton-nb,23000.0,0.0,,,Land/Lot
New Brunswick,moncton-nb,159900.0,2.0,2.0,1056.0,House
New Brunswick,moncton-nb,329900.0,3.0,1.0,988.0,House
New Brunswick,moncton-nb,429900.0,4.0,2.0,2260.0,House
New Brunswick,moncton-nb,299000.0,3.0,1.0,1521.0,House
New Brunswick,moncton-nb,489999.0,3.0,2.0,2517.0,House
New Brunswick,moncton-nb,649000.0,2.0,2.0,1141.0,House
New Brunswick,moncton-nb,159900.0,0.0,,,Land/Lot
New Brunswick,moncton-nb,89000.0,0.0,,,Land/Lot
New Brunswick,moncton-nb,399900.0,3.0,3.0,2310.0,House
New Brunswick,moncton-nb,424500.0,5.0,2.0,2250.0,House
New Brunswick,moncton-nb,289900.0,3.0,2.0,1782.0,House
New Brunswick,moncton-nb,509900.0,3.0,3.0,3200.0,House
New Brunswick,moncton-nb,299900.0,3.0,1.0,1049.0,House
New Brunswick,moncton-nb,325000.0,3.0,1.0,1226.0,House
New Brunswick,moncton-nb,344900.0,3.0,2.0,1385.0,House
New Brunswick,moncton-nb,599900.0,4.0,2.0,1837.0,House
New Brunswick,moncton-nb,324900.0,3.0,2.0,1470.0,House
New Brunswick,moncton-nb,80000.0,0.0,,,Land/Lot
New Brunswick,moncton-nb,650000.0,0.0,,2460.0,Multifamily
New Brunswick,moncton-nb,354900.0,3.0,2.0,1450.0,House
New Brunswick,moncton-nb,400000.0,5.0,2.0,1930.0,House
New Brunswick,moncton-nb,734900.0,3.0,2.0,1712.0,House
New Brunswick,moncton-nb,379900.0,2.0,1.0,1100.0,House
New Brunswick,moncton-nb,95000.0,2.0,1.0,617.0,House
New Brunswick,moncton-nb,359900.0,3.0,2.0,247.0,House
New Brunswick,moncton-nb,324900.0,4.0,2.0,2100.0,House
New Brunswick,moncton-nb,289900.0,3.0,2.0,1315.0,House
New Brunswick,moncton-nb,399000.0,3.0,1.0,1451.0,House
New Brunswick,moncton-nb,269900.0,3.0,2.0,1112.0,House
New Brunswick,moncton-nb,749000.0,3.0,3.0,3430.0,House
New Brunswick,moncton-nb,504900.0,4.0,4.0,2488.0,House
New Brunswick,moncton-nb,504900.0,4.0,4.0,2488.0,House
New Brunswick,moncton-nb,559900.0,0.0,,2596.0,Multifamily
New Brunswick,moncton-nb,369900.0,3.0,2.0,2063.0,House
New Brunswick,moncton-nb,430000.0,3.0,3.0,1644.0,House
New Brunswick,moncton-nb,407900.0,6.0,2.0,1929.0,House
New Brunswick,moncton-nb,214900.0,2.0,2.0,960.0,House
New Brunswick,moncton-nb,650000.0,3.0,2.0,2138.0,House
New Brunswick,moncton-nb,249900.0,8.0,2.0,2995.0,House
New Brunswick,moncton-nb,349900.0,3.0,2.0,1566.0,House
New Brunswick,moncton-nb,164900.0,2.0,1.0,1072.0,House
New Brunswick,moncton-nb,219900.0,2.0,2.0,960.0,House
New Brunswick,moncton-nb,349999.0,3.0,2.0,2016.0,House
New Brunswick,moncton-nb,309000.0,3.0,2.0,1344.0,House
New Brunswick,moncton-nb,127000.0,2.0,1.0,1056.0,House
New Brunswick,moncton-nb,1649500.0,4.0,6.0,3500.0,House
New Brunswick,moncton-nb,539000.0,4.0,3.0,2800.0,House
New Brunswick,moncton-nb,344900.0,3.0,2.0,1624.0,House
New Brunswick,moncton-nb,324900.0,3.0,2.0,1470.0,House
New Brunswick,moncton-nb,514000.0,4.0,3.0,1963.0,House
New Brunswick,moncton-nb,595000.0,5.0,3.0,2651.0,House
New Brunswick,moncton-nb,429900.0,3.0,1.0,1027.0,House
New Brunswick,moncton-nb,324900.0,3.0,2.0,1948.0,House
New Brunswick,moncton-nb,224900.0,3.0,2.0,1072.0,House
New Brunswick,moncton-nb,299900.0,3.0,1.0,1661.0,House
New Brunswick,moncton-nb,164900.0,2.0,1.0,896.0,House
New Brunswick,moncton-nb,519900.0,4.0,4.0,2353.0,House
New Brunswick,moncton-nb,200000.0,2.0,1.0,750.0,House
New Brunswick,moncton-nb,435000.0,3.0,2.0,1700.0,House
New Brunswick,moncton-nb,479900.0,4.0,3.0,2130.0,House
New Brunswick,moncton-nb,279900.0,3.0,2.0,864.0,House
New Brunswick,moncton-nb,149000.0,2.0,1.0,960.0,House
New Brunswick,moncton-nb,319000.0,2.0,1.0,1000.0,House
New Brunswick,moncton-nb,674900.0,0.0,,4400.0,Multifamily
New Brunswick,moncton-nb,159900.0,3.0,2.0,1112.0,House
New Brunswick,moncton-nb,7000000.0,0.0,,,Land/Lot
New Brunswick,moncton-nb,2000000.0,0.0,,,Land/Lot
New Brunswick,moncton-nb,448900.0,3.0,2.0,1527.0,House
New Brunswick,moncton-nb,249900.0,3.0,2.0,1550.0,House
New Brunswick,moncton-nb,525000.0,4.0,4.0,2347.0,House
New Brunswick,moncton-nb,525000.0,4.0,4.0,2347.0,House
New Brunswick,moncton-nb,509900.0,4.0,4.0,2624.0,House
New Brunswick,moncton-nb,130000.0,0.0,,,Land/Lot
New Brunswick,moncton-nb,509900.0,4.0,4.0,2624.0,House
New Brunswick,moncton-nb,1199900.0,5.0,3.0,5478.0,House
New Brunswick,moncton-nb,155000.0,3.0,2.0,1080.0,House
New Brunswick,moncton-nb,489900.0,3.0,4.0,2300.0,House
New Brunswick,moncton-nb,189999.0,2.0,1.0,977.0,House
New Brunswick,moncton-nb,308700.0,3.0,2.0,1756.0,House
New Brunswick,moncton-nb,1900000.0,0.0,,,Land/Lot
New Brunswick,moncton-nb,469900.0,4.0,2.0,1731.0,House
New Brunswick,moncton-nb,489900.0,0.0,,2484.0,Multifamily
New Brunswick,moncton-nb,615000.0,5.0,3.0,2758.0,House
New Brunswick,moncton-nb,699000.0,0.0,,,Land/Lot
New Brunswick,moncton-nb,324900.0,3.0,2.0,1470.0,House
New Brunswick,moncton-nb,459900.0,4.0,2.0,1708.0,House
New Brunswick,moncton-nb,469900.0,3.0,2.0,1438.0,House
New Brunswick,moncton-nb,554900.0,2.0,2.0,1440.0,House
New Brunswick,moncton-nb,379000.0,0.0,,2166.0,Multifamily
New Brunswick,moncton-nb,369900.0,2.0,2.0,1068.0,House
New Brunswick,moncton-nb,317900.0,3.0,2.0,1330.0,House
New Brunswick,moncton-nb,584900.0,0.0,,2400.0,Multifamily
New Brunswick,moncton-nb,449900.0,4.0,2.0,2165.0,House
New Brunswick,moncton-nb,424999.0,3.0,2.0,2069.0,House
New Brunswick,moncton-nb,384900.0,3.0,2.0,1648.0,House
New Brunswick,moncton-nb,649900.0,0.0,,2658.0,Multifamily
New Brunswick,moncton-nb,329900.0,3.0,2.0,1470.0,House
New Brunswick,moncton-nb,249900.0,2.0,1.0,800.0,House
New Brunswick,moncton-nb,4250000.0,0.0,,20000.0,Multifamily
New Brunswick,moncton-nb,529000.0,0.0,,3275.0,Multifamily
New Brunswick,moncton-nb,569000.0,0.0,,2908.0,Multifamily
New Brunswick,moncton-nb,219900.0,3.0,2.0,1041.0,House
New Brunswick,moncton-nb,199000.0,2.0,1.0,792.0,House
New Brunswick,moncton-nb,424900.0,5.0,5.0,3026.0,House
New Brunswick,moncton-nb,389000.0,2.0,2.0,1287.0,House
New Brunswick,moncton-nb,340000.0,0.0,,,Land/Lot
New Brunswick,moncton-nb,324900.0,3.0,2.0,1470.0,House
New Brunswick,moncton-nb,389900.0,3.0,1.0,1718.0,House
New Brunswick,moncton-nb,399500.0,3.0,1.0,1799.0,House
New Brunswick,moncton-nb,499900.0,4.0,3.0,1605.0,House
New Brunswick,moncton-nb,290000.0,0.0,,1584.0,Multifamily
New Brunswick,moncton-nb,819900.0,0.0,,3121.0,Multifamily
New Brunswick,moncton-nb,294000.0,3.0,1.0,873.0,House
New Brunswick,moncton-nb,429900.0,3.0,2.0,1396.0,House
New Brunswick,moncton-nb,459900.0,0.0,,2758.0,Multifamily
New Brunswick,moncton-nb,499000.0,4.0,3.0,3674.0,House
New Brunswick,moncton-nb,555000.0,3.0,4.0,2395.0,House
New Brunswick,moncton-nb,209900.0,3.0,2.0,1120.0,House
New Brunswick,moncton-nb,394900.0,4.0,2.0,2184.0,House
New Brunswick,moncton-nb,285000.0,0.0,,1600.0,Multifamily
New Brunswick,moncton-nb,650000.0,4.0,4.0,2343.0,House
New Brunswick,moncton-nb,125000.0,0.0,,,Land/Lot
New Brunswick,moncton-nb,164900.0,0.0,,,Land/Lot
New Brunswick,moncton-nb,644900.0,4.0,4.0,2574.0,House
New Brunswick,moncton-nb,619900.0,2.0,2.0,2506.0,House
New Brunswick,moncton-nb,569900.0,4.0,4.0,2510.0,House
New Brunswick,moncton-nb,399900.0,0.0,,3759.0,Multifamily
New Brunswick,moncton-nb,324900.0,3.0,2.0,1470.0,House
New Brunswick,moncton-nb,515000.0,1.0,2.0,975.0,House
New Brunswick,moncton-nb,399000.0,2.0,2.0,1503.0,House
New Brunswick,moncton-nb,409900.0,0.0,,1755.0,Multifamily
New Brunswick,moncton-nb,259000.0,0.0,,6000.0,Land/Lot
New Brunswick,moncton-nb,499000.0,5.0,2.0,2564.0,House
New Brunswick,moncton-nb,574900.0,4.0,4.0,2456.0,House
New Brunswick,moncton-nb,439000.0,5.0,3.0,1950.0,House
New Brunswick,moncton-nb,244900.0,3.0,1.0,1470.0,House
New Brunswick,moncton-nb,465000.0,3.0,2.0,1743.0,House
New Brunswick,moncton-nb,465000.0,3.0,2.0,1743.0,House
New Brunswick,moncton-nb,490000.0,4.0,1.0,1972.0,House
New Brunswick,moncton-nb,569900.0,4.0,4.0,2480.0,House
New Brunswick,moncton-nb,750000.0,3.0,2.0,4400.0,House
New Brunswick,moncton-nb,450000.0,4.0,2.0,2393.0,House
New Brunswick,moncton-nb,284500.0,0.0,,2182.0,Multifamily
New Brunswick,moncton-nb,724900.0,5.0,4.0,3500.0,House
New Brunswick,moncton-nb,239000.0,0.0,,,Land/Lot
New Brunswick,moncton-nb,649000.0,3.0,3.0,2322.0,House
New Brunswick,moncton-nb,450000.0,0.0,,,Land/Lot
New Brunswick,moncton-nb,599900.0,3.0,3.0,3398.0,House
New Brunswick,moncton-nb,540000.0,3.0,3.0,2371.0,House
New Brunswick,moncton-nb,439000.0,0.0,,1970.0,Multifamily
New Brunswick,moncton-nb,259000.0,0.0,,2271.0,Multifamily
New Brunswick,moncton-nb,899900.0,3.0,4.0,4440.0,House
New Brunswick,moncton-nb,1299900.0,4.0,4.0,5204.0,House
New Brunswick,moncton-nb,460000.0,0.0,,1958.0,Multifamily
New Brunswick,moncton-nb,214900.0,3.0,1.0,1600.0,House
New Brunswick,moncton-nb,399900.0,6.0,2.0,2650.0,House
New Brunswick,moncton-nb,599900.0,5.0,3.0,3300.0,House
New Brunswick,moncton-nb,484900.0,4.0,3.0,1900.0,House
New Brunswick,moncton-nb,419900.0,0.0,,3844.0,Multifamily
New Brunswick,moncton-nb,299900.0,3.0,2.0,1500.0,House
New Brunswick,moncton-nb,399900.0,0.0,,2548.0,Multifamily
New Brunswick,moncton-nb,1160000.0,0.0,,7134.0,Multifamily
New Brunswick,moncton-nb,565900.0,0.0,,1497.0,Multifamily
New Brunswick,moncton-nb,569000.0,4.0,4.0,3262.0,House
New Brunswick,moncton-nb,198900.0,0.0,,,Land/Lot
New Brunswick,moncton-nb,198900.0,0.0,,,Land/Lot
New Brunswick,moncton-nb,1399900.0,6.0,4.0,6652.0,House
New Brunswick,moncton-nb,399900.0,0.0,,1714.0,Multifamily
New Brunswick,moncton-nb,479900.0,2.0,2.0,1097.0,House
New Brunswick,moncton-nb,409900.0,2.0,2.0,1537.0,House
New Brunswick,moncton-nb,2760000.0,0.0,,,Land/Lot
New Brunswick,moncton-nb,22000.0,0.0,,,Land/Lot
New Brunswick,moncton-nb,22000.0,0.0,,,Land/Lot
New Brunswick,moncton-nb,22000.0,0.0,,,Land/Lot
New Brunswick,moncton-nb,455000.0,2.0,2.0,1364.0,House
New Brunswick,moncton-nb,99000.0,0.0,,,Land/Lot
New Brunswick,moncton-nb,110000.0,0.0,,,Land/Lot
New Brunswick,saint-john-nb,425000.0,3.0,3.0,2700.0,Multifamily
New Brunswick,saint-john-nb,719000.0,4.0,3.0,2182.0,House
New Brunswick,saint-john-nb,325000.0,4.0,1.0,1830.0,House
New Brunswick,saint-john-nb,224900.0,2.0,1.0,912.0,House
New Brunswick,saint-john-nb,574900.0,0.0,,3600.0,Multifamily
New Brunswick,saint-john-nb,439000.0,3.0,3.0,3315.0,House
New Brunswick,saint-john-nb,799000.0,2.0,2.0,2067.0,Apt/Condo
New Brunswick,saint-john-nb,325000.0,3.0,2.0,1660.0,House
New Brunswick,saint-john-nb,214900.0,3.0,2.0,1300.0,Townhouse
New Brunswick,saint-john-nb,599000.0,0.0,,4200.0,Multifamily
New Brunswick,saint-john-nb,554000.0,0.0,,2800.0,Multifamily
New Brunswick,saint-john-nb,129900.0,0.0,,,Land/Lot
New Brunswick,saint-john-nb,87000.0,0.0,,,Land/Lot
New Brunswick,saint-john-nb,239900.0,3.0,2.0,1176.0,House
New Brunswick,saint-john-nb,349900.0,0.0,,3250.0,Multifamily
New Brunswick,saint-john-nb,249900.0,4.0,2.0,1600.0,House
New Brunswick,saint-john-nb,199000.0,2.0,1.0,576.0,House
New Brunswick,saint-john-nb,575000.0,3.0,3.0,2925.0,House
New Brunswick,saint-john-nb,92000.0,0.0,,,Land/Lot
New Brunswick,saint-john-nb,184900.0,2.0,1.0,958.0,Apt/Condo
New Brunswick,saint-john-nb,219000.0,3.0,1.0,1000.0,House
New Brunswick,saint-john-nb,270000.0,4.0,2.0,1623.0,House
New Brunswick,saint-john-nb,112500.0,2.0,1.0,672.0,House
New Brunswick,saint-john-nb,525000.0,0.0,,4000.0,Multifamily
New Brunswick,saint-john-nb,129000.0,3.0,1.0,980.0,Mfd/Mobile Home
New Brunswick,saint-john-nb,575000.0,2.0,3.0,1966.0,House
New Brunswick,saint-john-nb,895000.0,0.0,,,Land/Lot
New Brunswick,saint-john-nb,205000.0,3.0,2.0,1184.0,Mfd/Mobile Home
New Brunswick,saint-john-nb,230000.0,5.0,2.0,1650.0,House
New Brunswick,saint-john-nb,399000.0,4.0,2.0,2340.0,House
New Brunswick,saint-john-nb,694000.0,4.0,3.0,2997.0,House
New Brunswick,saint-john-nb,399900.0,4.0,2.0,1502.0,House
New Brunswick,saint-john-nb,699000.0,4.0,4.0,3095.0,House
New Brunswick,saint-john-nb,349900.0,6.0,2.0,2560.0,Multifamily
New Brunswick,saint-john-nb,399000.0,0.0,,4000.0,Multifamily
New Brunswick,saint-john-nb,174900.0,4.0,1.0,1746.0,Townhouse
New Brunswick,saint-john-nb,234000.0,0.0,,4500.0,Multifamily
New Brunswick,saint-john-nb,279000.0,3.0,1.0,1220.0,House
New Brunswick,saint-john-nb,274900.0,4.0,1.0,1300.0,House
New Brunswick,saint-john-nb,179000.0,0.0,,3110.0,Multifamily
New Brunswick,saint-john-nb,30000.0,0.0,,,Land/Lot
New Brunswick,saint-john-nb,379900.0,3.0,2.0,2100.0,House
New Brunswick,saint-john-nb,380000.0,3.0,2.0,1767.0,House
New Brunswick,saint-john-nb,469900.0,5.0,3.0,2897.0,House
New Brunswick,saint-john-nb,389900.0,3.0,3.0,2296.0,House
New Brunswick,saint-john-nb,449900.0,3.0,2.0,2100.0,House
New Brunswick,saint-john-nb,225500.0,4.0,1.0,1100.0,House
New Brunswick,saint-john-nb,409900.0,3.0,2.0,1600.0,House
New Brunswick,saint-john-nb,449900.0,3.0,3.0,2301.0,House
New Brunswick,saint-john-nb,385000.0,4.0,3.0,1713.0,House
New Brunswick,saint-john-nb,369900.0,4.0,3.0,2160.0,House
New Brunswick,saint-john-nb,249000.0,3.0,2.0,1500.0,House
New Brunswick,saint-john-nb,299900.0,3.0,2.0,1920.0,House
New Brunswick,saint-john-nb,1280000.0,0.0,,3520.0,Multifamily
New Brunswick,saint-john-nb,110000.0,1.0,1.0,300.0,House
New Brunswick,saint-john-nb,249900.0,0.0,,2904.0,Multifamily
New Brunswick,saint-john-nb,133000.0,1.0,1.0,525.0,House
New Brunswick,saint-john-nb,440000.0,0.0,,2257.0,Multifamily
New Brunswick,saint-john-nb,224900.0,3.0,1.0,1070.0,House
New Brunswick,saint-john-nb,369900.0,4.0,2.0,2000.0,House
New Brunswick,saint-john-nb,259000.0,0.0,,2804.0,Multifamily
New Brunswick,saint-john-nb,284900.0,3.0,2.0,1816.0,House
New Brunswick,saint-john-nb,495000.0,3.0,2.0,1400.0,House
New Brunswick,saint-john-nb,325000.0,4.0,2.0,2200.0,House
New Brunswick,saint-john-nb,269900.0,2.0,1.0,780.0,House
New Brunswick,saint-john-nb,269900.0,2.0,1.0,780.0,House
New Brunswick,saint-john-nb,324900.0,2.0,1.0,1021.0,House
New Brunswick,saint-john-nb,325000.0,0.0,,4116.0,Multifamily
New Brunswick,saint-john-nb,399900.0,4.0,2.0,2188.0,House
New Brunswick,saint-john-nb,119900.0,3.0,1.0,800.0,House
New Brunswick,saint-john-nb,274900.0,3.0,1.0,1120.0,House
New Brunswick,saint-john-nb,299900.0,0.0,,2160.0,Multifamily
New Brunswick,saint-john-nb,499000.0,4.0,3.0,3058.0,House
New Brunswick,saint-john-nb,749000.0,0.0,,4795.0,Multifamily
New Brunswick,saint-john-nb,3800000.0,0.0,,9500.0,Multifamily
New Brunswick,saint-john-nb,45000.0,0.0,,,Land/Lot
New Brunswick,saint-john-nb,75000.0,0.0,,,Land/Lot
New Brunswick,saint-john-nb,199900.0,3.0,2.0,928.0,House
New Brunswick,saint-john-nb,199500.0,2.0,1.0,868.0,House
New Brunswick,saint-john-nb,569900.0,3.0,2.0,2387.0,House
New Brunswick,saint-john-nb,304900.0,3.0,1.0,2112.0,House
New Brunswick,saint-john-nb,309900.0,3.0,2.0,2112.0,House
New Brunswick,saint-john-nb,569900.0,0.0,,2880.0,Multifamily
New Brunswick,saint-john-nb,899900.0,0.0,,3200.0,Multifamily
New Brunswick,saint-john-nb,599900.0,0.0,,2700.0,Multifamily
New Brunswick,saint-john-nb,449900.0,4.0,2.0,2200.0,House
New Brunswick,saint-john-nb,339900.0,3.0,2.0,1680.0,House
New Brunswick,saint-john-nb,339000.0,0.0,,2714.0,Multifamily
New Brunswick,saint-john-nb,575000.0,7.0,5.0,5000.0,House
New Brunswick,saint-john-nb,45000.0,0.0,,,Land/Lot
New Brunswick,saint-john-nb,79900.0,0.0,,,Land/Lot
New Brunswick,saint-john-nb,133000.0,0.0,,,Land/Lot
New Brunswick,saint-john-nb,799000.0,3.0,3.0,4600.0,House
New Brunswick,saint-john-nb,225000.0,0.0,,2600.0,Multifamily
New Brunswick,saint-john-nb,585000.0,0.0,,2100.0,Multifamily
New Brunswick,saint-john-nb,249000.0,3.0,2.0,1900.0,House
New Brunswick,saint-john-nb,99900.0,3.0,1.0,882.0,House
New Brunswick,saint-john-nb,1350000.0,0.0,,,Land/Lot
New Brunswick,saint-john-nb,375000.0,0.0,,3100.0,Multifamily
New Brunswick,saint-john-nb,310000.0,0.0,,3200.0,Multifamily
New Brunswick,saint-john-nb,519900.0,3.0,3.0,3300.0,House
New Brunswick,saint-john-nb,289900.0,5.0,2.0,2100.0,House
New Brunswick,saint-john-nb,57500.0,0.0,,,Land/Lot
New Brunswick,saint-john-nb,359900.0,5.0,3.0,3100.0,House
New Brunswick,saint-john-nb,239900.0,3.0,1.0,958.0,House
New Brunswick,saint-john-nb,174900.0,3.0,1.0,960.0,House
New Brunswick,saint-john-nb,310000.0,0.0,,1500.0,Multifamily
New Brunswick,saint-john-nb,679500.0,0.0,,3000.0,Multifamily
New Brunswick,saint-john-nb,489500.0,0.0,,2500.0,Multifamily
New Brunswick,saint-john-nb,334900.0,0.0,,3120.0,Multifamily
New Brunswick,saint-john-nb,485900.0,3.0,2.0,1795.0,House
New Brunswick,saint-john-nb,350000.0,0.0,,1779.0,Multifamily
New Brunswick,saint-john-nb,45000.0,0.0,,,Land/Lot
New Brunswick,saint-john-nb,176000.0,4.0,1.0,1250.0,House
New Brunswick,saint-john-nb,310000.0,0.0,,3000.0,Multifamily
New Brunswick,saint-john-nb,149900.0,3.0,2.0,1100.0,House
New Brunswick,saint-john-nb,279000.0,0.0,,1966.0,Multifamily
New Brunswick,saint-john-nb,285000.0,0.0,,2700.0,Multifamily
New Brunswick,saint-john-nb,549900.0,0.0,,4146.0,Multifamily
New Brunswick,saint-john-nb,599000.0,2.0,3.0,1445.0,House
New Brunswick,saint-john-nb,249900.0,2.0,1.0,727.0,House
New Brunswick,saint-john-nb,399900.0,3.0,2.0,1750.0,House
New Brunswick,saint-john-nb,104900.0,2.0,1.0,900.0,House
New Brunswick,saint-john-nb,269900.0,3.0,1.0,1078.0,House
New Brunswick,saint-john-nb,389900.0,3.0,3.0,1204.0,House
New Brunswick,saint-john-nb,230000.0,3.0,2.0,1134.0,House
New Brunswick,saint-john-nb,288500.0,3.0,3.0,1440.0,House
New Brunswick,saint-john-nb,524900.0,5.0,3.0,3215.0,House
New Brunswick,saint-john-nb,99000.0,0.0,,,Land/Lot
New Brunswick,saint-john-nb,899000.0,5.0,2.0,3120.0,House
New Brunswick,saint-john-nb,699000.0,0.0,,4600.0,Multifamily
New Brunswick,saint-john-nb,779000.0,0.0,,4858.0,Multifamily
New Brunswick,saint-john-nb,399000.0,5.0,2.0,1956.0,House
New Brunswick,saint-john-nb,133000.0,1.0,1.0,525.0,House
New Brunswick,saint-john-nb,399000.0,0.0,,,Land/Lot
New Brunswick,saint-john-nb,1450000.0,4.0,3.0,4804.0,House
New Brunswick,saint-john-nb,150000.0,0.0,,,Land/Lot
New Brunswick,saint-john-nb,399900.0,3.0,3.0,2523.0,House
New Brunswick,saint-john-nb,649900.0,5.0,2.0,2688.0,House
New Brunswick,saint-john-nb,299900.0,3.0,2.0,1671.0,House
New Brunswick,saint-john-nb,69900.0,0.0,,,Land/Lot
New Brunswick,saint-john-nb,374000.0,3.0,2.0,1881.0,House
New Brunswick,saint-john-nb,379999.0,5.0,2.0,2100.0,House
New Brunswick,saint-john-nb,109400.0,1.0,1.0,543.0,House
New Brunswick,saint-john-nb,999900.0,0.0,,11200.0,Multifamily
New Brunswick,saint-john-nb,329000.0,4.0,2.0,2280.0,House
New Brunswick,saint-john-nb,119000.0,0.0,,,Land/Lot
New Brunswick,saint-john-nb,299900.0,0.0,,2800.0,Multifamily
New Brunswick,saint-john-nb,199900.0,0.0,,1980.0,Multifamily
New Brunswick,saint-john-nb,399000.0,5.0,3.0,1500.0,House
New Brunswick,saint-john-nb,339000.0,4.0,1.0,1368.0,House
New Brunswick,saint-john-nb,365000.0,2.0,3.0,1500.0,House
New Brunswick,saint-john-nb,469900.0,1.0,1.0,1618.0,House
New Brunswick,saint-john-nb,269000.0,0.0,,2500.0,Multifamily
New Brunswick,saint-john-nb,325000.0,0.0,,1250.0,Multifamily
New Brunswick,saint-john-nb,675000.0,0.0,,2200.0,Multifamily
New Brunswick,saint-john-nb,349900.0,3.0,3.0,1372.0,House
New Brunswick,saint-john-nb,339900.0,3.0,1.0,2370.0,House
New Brunswick,saint-john-nb,249900.0,2.0,1.0,1000.0,House
New Brunswick,saint-john-nb,524900.0,0.0,,3354.0,Multifamily
New Brunswick,saint-john-nb,129999.0,0.0,,,Land/Lot
New Brunswick,saint-john-nb,500000.0,0.0,,3880.0,Multifamily
New Brunswick,saint-john-nb,299000.0,1.0,1.0,875.0,House
New Brunswick,saint-john-nb,429000.0,0.0,,3975.0,Multifamily
New Brunswick,saint-john-nb,594900.0,3.0,3.0,2308.0,House
New Brunswick,saint-john-nb,567998.0,0.0,,1792.0,Multifamily
New Brunswick,saint-john-nb,55000.0,0.0,,,Land/Lot
New Brunswick,saint-john-nb,140000.0,0.0,,2180.0,Multifamily
New Brunswick,saint-john-nb,389000.0,0.0,,3200.0,Multifamily
New Brunswick,saint-john-nb,670000.0,0.0,,5800.0,Multifamily
New Brunswick,saint-john-nb,283999.0,2.0,1.0,896.0,House
New Brunswick,saint-john-nb,283999.0,2.0,1.0,896.0,House
New Brunswick,saint-john-nb,145000.0,2.0,1.0,745.0,House
New Brunswick,saint-john-nb,145000.0,2.0,1.0,745.0,House
New Brunswick,saint-john-nb,35000.0,0.0,,,Land/Lot
New Brunswick,saint-john-nb,35000.0,0.0,,,Land/Lot
New Brunswick,saint-john-nb,219000.0,2.0,3.0,1430.0,House
New Brunswick,saint-john-nb,349000.0,0.0,,,Land/Lot
New Brunswick,saint-john-nb,525000.0,3.0,1.0,2402.0,House
New Brunswick,saint-john-nb,44900.0,0.0,,,Land/Lot
New Brunswick,saint-john-nb,254900.0,3.0,1.0,960.0,House
New Brunswick,saint-john-nb,349900.0,0.0,,1856.0,Multifamily
New Brunswick,saint-john-nb,250000.0,0.0,,,Land/Lot
New Brunswick,saint-john-nb,799000.0,4.0,4.0,6500.0,House
New Brunswick,saint-john-nb,149900.0,0.0,,,Land/Lot
New Brunswick,saint-john-nb,29900.0,0.0,,,Land/Lot
New Brunswick,saint-john-nb,429900.0,4.0,3.0,2300.0,House
New Brunswick,saint-john-nb,299900.0,0.0,,1500.0,Multifamily
New Brunswick,saint-john-nb,198900.0,0.0,,1800.0,Multifamily
New Brunswick,saint-john-nb,449900.0,2.0,2.0,1037.0,House
New Brunswick,saint-john-nb,4990000.0,5.0,6.0,10200.0,House
New Brunswick,saint-john-nb,299000.0,0.0,,,Land/Lot
New Brunswick,saint-john-nb,375000.0,0.0,,3000.0,Multifamily
New Brunswick,saint-john-nb,44900.0,0.0,,,Land/Lot
New Brunswick,saint-john-nb,265000.0,3.0,2.0,1485.0,House
New Brunswick,saint-john-nb,399000.0,0.0,3.0,7746.0,House
New Brunswick,saint-john-nb,995000.0,5.0,3.0,4950.0,House
New Brunswick,saint-john-nb,1180000.0,3.0,3.0,2633.0,House
New Brunswick,saint-john-nb,48900.0,0.0,,,Land/Lot
New Brunswick,saint-john-nb,624900.0,0.0,,4040.0,Multifamily
New Brunswick,saint-john-nb,278000.0,0.0,,,Land/Lot
New Brunswick,saint-john-nb,264000.0,0.0,,2300.0,Multifamily
New Brunswick,saint-john-nb,320000.0,0.0,,1560.0,Multifamily
New Brunswick,saint-john-nb,149900.0,0.0,,,Land/Lot
New Brunswick,saint-john-nb,260000.0,0.0,,,Land/Lot
New Brunswick,saint-john-nb,74500.0,0.0,,,Land/Lot
New Brunswick,saint-john-nb,117500.0,0.0,,3300.0,Multifamily
New Brunswick,saint-john-nb,279900.0,0.0,,4000.0,Multifamily
New Brunswick,saint-john-nb,189900.0,0.0,,4200.0,Multifamily
New Brunswick,saint-john-nb,189900.0,0.0,,3000.0,Multifamily
New Brunswick,saint-john-nb,119900.0,3.0,2.0,2000.0,House
New Brunswick,saint-john-nb,1349000.0,5.0,4.0,5071.0,House
New Brunswick,saint-john-nb,195000.0,0.0,,,Land/Lot
New Brunswick,saint-john-nb,289900.0,0.0,,2048.0,Multifamily
New Brunswick,saint-john-nb,55000.0,0.0,,,Land/Lot
New Brunswick,saint-john-nb,90000.0,0.0,,,Land/Lot
New Brunswick,saint-john-nb,80000.0,0.0,,,Land/Lot
New Brunswick,saint-john-nb,394900.0,2.0,1.0,985.0,House
New Brunswick,saint-john-nb,394900.0,2.0,1.0,985.0,House
New Brunswick,saint-john-nb,399900.0,2.0,1.0,985.0,House
New Brunswick,saint-john-nb,379900.0,2.0,3.0,1568.0,House
New Brunswick,saint-john-nb,379900.0,2.0,2.0,1568.0,House
New Brunswick,saint-john-nb,379900.0,2.0,2.0,1568.0,House
New Brunswick,dieppe-nb,499900.0,0.0,,3136.0,Multifamily
New Brunswick,dieppe-nb,327500.0,4.0,2.0,1486.0,House
New Brunswick,dieppe-nb,849500.0,5.0,3.0,3769.0,House
New Brunswick,dieppe-nb,525000.0,6.0,4.0,3323.0,House
New Brunswick,dieppe-nb,399900.0,3.0,2.0,1950.0,House
New Brunswick,dieppe-nb,529500.0,4.0,3.0,2600.0,House
New Brunswick,dieppe-nb,649000.0,4.0,2.0,2154.0,House
New Brunswick,dieppe-nb,289900.0,3.0,2.0,1152.0,Mfd/Mobile Home
New Brunswick,dieppe-nb,369900.0,3.0,2.0,1638.0,House
New Brunswick,dieppe-nb,609900.0,0.0,,2209.0,Multifamily
New Brunswick,dieppe-nb,399900.0,4.0,4.0,2040.0,Townhouse
New Brunswick,dieppe-nb,599900.0,3.0,2.0,1940.0,House
New Brunswick,dieppe-nb,429000.0,3.0,2.0,1903.0,House
New Brunswick,dieppe-nb,379900.0,3.0,2.0,1420.0,House
New Brunswick,dieppe-nb,514900.0,3.0,3.0,2081.0,House
New Brunswick,dieppe-nb,748500.0,5.0,4.0,3373.0,House
New Brunswick,dieppe-nb,314900.0,3.0,2.0,1364.0,House
New Brunswick,dieppe-nb,299900.0,3.0,2.0,1330.0,House
New Brunswick,dieppe-nb,265000.0,2.0,1.0,1896.0,House
New Brunswick,dieppe-nb,327500.0,3.0,2.0,1480.0,House
New Brunswick,dieppe-nb,849900.0,5.0,3.0,3036.0,House
New Brunswick,dieppe-nb,539900.0,4.0,2.0,2613.0,House
New Brunswick,dieppe-nb,219900.0,3.0,1.0,938.0,House
New Brunswick,dieppe-nb,375000.0,4.0,3.0,2100.0,House
New Brunswick,dieppe-nb,469900.0,4.0,4.0,2071.0,House
New Brunswick,dieppe-nb,399900.0,3.0,2.0,1600.0,House
New Brunswick,dieppe-nb,479900.0,4.0,3.0,2043.0,House
New Brunswick,dieppe-nb,539900.0,5.0,2.0,2395.0,House
New Brunswick,dieppe-nb,649000.0,3.0,3.0,3573.0,House
New Brunswick,dieppe-nb,619900.0,4.0,3.0,2026.0,House
New Brunswick,dieppe-nb,240000.0,0.0,,,Land/Lot
New Brunswick,dieppe-nb,565000.0,4.0,3.0,1939.0,House
New Brunswick,dieppe-nb,559900.0,4.0,2.0,3017.0,House
New Brunswick,dieppe-nb,405000.0,3.0,2.0,1632.0,House
New Brunswick,dieppe-nb,405000.0,3.0,2.0,1632.0,House
New Brunswick,dieppe-nb,699900.0,4.0,3.0,2957.0,House
New Brunswick,dieppe-nb,775000.0,5.0,4.0,2606.0,House
New Brunswick,dieppe-nb,385900.0,5.0,2.0,2208.0,House
New Brunswick,dieppe-nb,449900.0,4.0,4.0,2040.0,House
New Brunswick,dieppe-nb,376900.0,4.0,3.0,1914.0,House
New Brunswick,dieppe-nb,1299900.0,5.0,4.0,6278.0,House
New Brunswick,dieppe-nb,329900.0,3.0,2.0,1480.0,House
New Brunswick,dieppe-nb,299900.0,3.0,2.0,1176.0,House
New Brunswick,dieppe-nb,499000.0,3.0,4.0,2712.0,House
New Brunswick,dieppe-nb,399900.0,6.0,3.0,2558.0,House
New Brunswick,dieppe-nb,309900.0,2.0,2.0,1352.0,House
New Brunswick,dieppe-nb,549900.0,0.0,,2281.0,Multifamily
New Brunswick,dieppe-nb,194900.0,2.0,1.0,784.0,House
New Brunswick,dieppe-nb,398500.0,2.0,2.0,1723.0,House
New Brunswick,dieppe-nb,279900.0,3.0,2.0,1850.0,House
New Brunswick,dieppe-nb,379000.0,3.0,2.0,2039.0,House
New Brunswick,dieppe-nb,410000.0,6.0,2.0,2240.0,House
New Brunswick,dieppe-nb,925000.0,4.0,5.0,2974.0,House
New Brunswick,dieppe-nb,374000.0,4.0,2.0,1896.0,House
New Brunswick,dieppe-nb,294900.0,3.0,2.0,1376.0,House
New Brunswick,dieppe-nb,679000.0,6.0,4.0,2754.0,House
New Brunswick,dieppe-nb,194900.0,3.0,1.0,1031.0,House
New Brunswick,dieppe-nb,419900.0,3.0,3.0,2600.0,House
New Brunswick,dieppe-nb,299900.0,2.0,2.0,1630.0,House
New Brunswick,dieppe-nb,599900.0,5.0,2.0,2944.0,House
New Brunswick,dieppe-nb,839900.0,4.0,4.0,3600.0,House
New Brunswick,dieppe-nb,329900.0,3.0,3.0,2020.0,House
New Brunswick,dieppe-nb,444900.0,4.0,3.0,2262.0,House
New Brunswick,dieppe-nb,1099900.0,6.0,4.0,3729.0,House
New Brunswick,dieppe-nb,459900.0,2.0,2.0,1757.0,House
New Brunswick,dieppe-nb,432000.0,4.0,2.0,1851.0,House
New Brunswick,dieppe-nb,599900.0,3.0,3.0,1788.0,House
New Brunswick,dieppe-nb,539900.0,3.0,3.0,2434.0,House
New Brunswick,dieppe-nb,279900.0,2.0,1.0,1176.0,House
New Brunswick,dieppe-nb,239900.0,2.0,1.0,1040.0,House
New Brunswick,dieppe-nb,929900.0,6.0,4.0,3394.0,House
New Brunswick,dieppe-nb,269900.0,3.0,1.0,1456.0,House
New Brunswick,dieppe-nb,615000.0,6.0,4.0,2740.0,House
New Brunswick,dieppe-nb,299900.0,0.0,,1405.0,Multifamily
New Brunswick,dieppe-nb,229900.0,2.0,1.0,854.0,House
New Brunswick,dieppe-nb,469900.0,4.0,3.0,1658.0,House
New Brunswick,dieppe-nb,236500.0,2.0,1.0,1017.0,House
New Brunswick,dieppe-nb,345000.0,3.0,2.0,1725.0,House
New Brunswick,dieppe-nb,209900.0,2.0,1.0,973.0,House
New Brunswick,dieppe-nb,339900.0,3.0,2.0,1480.0,House
New Brunswick,dieppe-nb,529000.0,4.0,2.0,2528.0,House
New Brunswick,dieppe-nb,315000.0,3.0,3.0,2160.0,House
New Brunswick,dieppe-nb,509900.0,5.0,3.0,2160.0,House
New Brunswick,dieppe-nb,274900.0,3.0,2.0,1360.0,House
New Brunswick,dieppe-nb,759900.0,4.0,4.0,3658.0,House
New Brunswick,dieppe-nb,319900.0,3.0,2.0,1337.0,House
New Brunswick,dieppe-nb,194900.0,2.0,1.0,960.0,House
New Brunswick,dieppe-nb,334900.0,3.0,2.0,1337.0,House
New Brunswick,dieppe-nb,235000.0,2.0,1.0,1038.0,House
New Brunswick,dieppe-nb,49900.0,0.0,,,Land/Lot
New Brunswick,dieppe-nb,274900.0,3.0,2.0,1510.0,House
New Brunswick,dieppe-nb,649000.0,3.0,2.0,1670.0,House
New Brunswick,dieppe-nb,899900.0,6.0,5.0,4124.0,House
New Brunswick,dieppe-nb,334900.0,3.0,2.0,1475.0,House
New Brunswick,dieppe-nb,314900.0,3.0,2.0,1275.0,House
New Brunswick,dieppe-nb,234900.0,3.0,2.0,1152.0,House
New Brunswick,dieppe-nb,399900.0,4.0,4.0,2040.0,House
New Brunswick,dieppe-nb,209000.0,2.0,1.0,975.0,House
New Brunswick,dieppe-nb,17900.0,0.0,,,Land/Lot
New Brunswick,dieppe-nb,569900.0,5.0,3.0,2390.0,House
New Brunswick,dieppe-nb,649900.0,4.0,4.0,2731.0,House
New Brunswick,dieppe-nb,574999.0,3.0,2.0,2060.0,House
New Brunswick,dieppe-nb,529000.0,4.0,3.0,1926.0,House
New Brunswick,dieppe-nb,495000.0,4.0,2.0,2014.0,House
New Brunswick,dieppe-nb,431900.0,3.0,2.0,1460.0,House
New Brunswick,dieppe-nb,599900.0,4.0,2.0,2859.0,House
New Brunswick,dieppe-nb,409900.0,4.0,4.0,1902.0,House
New Brunswick,dieppe-nb,1299000.0,5.0,4.0,6400.0,House
New Brunswick,dieppe-nb,429900.0,4.0,2.0,2258.0,House
New Brunswick,dieppe-nb,314900.0,3.0,2.0,1326.0,House
New Brunswick,dieppe-nb,649900.0,3.0,2.0,1600.0,House
New Brunswick,dieppe-nb,379900.0,3.0,2.0,2010.0,House
New Brunswick,dieppe-nb,899000.0,3.0,2.0,2091.0,House
New Brunswick,dieppe-nb,399900.0,5.0,3.0,2960.0,House
New Brunswick,dieppe-nb,219900.0,3.0,2.0,1072.0,House
New Brunswick,dieppe-nb,339900.0,0.0,,2208.0,Multifamily
New Brunswick,dieppe-nb,454900.0,4.0,4.0,2457.0,House
New Brunswick,dieppe-nb,1099000.0,5.0,4.0,4000.0,House
New Brunswick,dieppe-nb,329900.0,3.0,2.0,1480.0,House
New Brunswick,dieppe-nb,3989900.0,0.0,,,Land/Lot
New Brunswick,dieppe-nb,475000.0,4.0,3.0,2307.0,House
New Brunswick,dieppe-nb,449900.0,4.0,4.0,2040.0,House
New Brunswick,dieppe-nb,629900.0,5.0,4.0,3882.0,House
New Brunswick,dieppe-nb,429900.0,3.0,2.0,1882.0,House
New Brunswick,dieppe-nb,799900.0,5.0,5.0,3096.0,House
New Brunswick,dieppe-nb,399900.0,4.0,4.0,2423.0,House
New Brunswick,dieppe-nb,255000.0,3.0,2.0,1552.0,House
New Brunswick,dieppe-nb,409000.0,3.0,2.0,1480.0,House
New Brunswick,dieppe-nb,361000.0,5.0,3.0,1900.0,House
New Brunswick,dieppe-nb,499900.0,3.0,2.0,2100.0,House
New Brunswick,dieppe-nb,799900.0,4.0,3.0,2026.0,House
New Brunswick,dieppe-nb,309500.0,3.0,2.0,2100.0,House
New Brunswick,dieppe-nb,324000.0,3.0,2.0,1590.0,House
New Brunswick,dieppe-nb,424800.0,4.0,3.0,1989.0,House
New Brunswick,dieppe-nb,514900.0,4.0,2.0,2690.0,House
New Brunswick,dieppe-nb,375000.0,0.0,,,Land/Lot
New Brunswick,dieppe-nb,875000.0,5.0,5.0,4421.0,House
New Brunswick,dieppe-nb,225000.0,0.0,,,Land/Lot
New Brunswick,dieppe-nb,649000.0,2.0,2.0,1660.0,House
New Brunswick,dieppe-nb,429999.0,4.0,2.0,2392.0,House
New Brunswick,dieppe-nb,1124900.0,6.0,4.0,4076.0,House
New Brunswick,dieppe-nb,589000.0,6.0,2.0,2547.0,House
New Brunswick,dieppe-nb,799900.0,4.0,5.0,4675.0,House
New Brunswick,dieppe-nb,524900.0,3.0,3.0,2560.0,House
New Brunswick,dieppe-nb,489900.0,3.0,3.0,1820.0,House
New Brunswick,dieppe-nb,649000.0,2.0,2.0,1660.0,House
New Brunswick,dieppe-nb,3000000.0,0.0,,,Land/Lot
New Brunswick,dieppe-nb,539900.0,3.0,2.0,1701.0,House
New Brunswick,dieppe-nb,569900.0,2.0,2.0,1352.0,House
New Brunswick,dieppe-nb,564900.0,3.0,4.0,1400.0,House
New Brunswick,dieppe-nb,699900.0,3.0,3.0,1900.0,House
New Brunswick,dieppe-nb,539900.0,3.0,2.0,1701.0,House
New Brunswick,dieppe-nb,629900.0,4.0,3.0,1796.0,House
New Brunswick,dieppe-nb,609900.0,3.0,2.0,1524.0,House
New Brunswick,dieppe-nb,299900.0,0.0,,1550.0,Multifamily
New Brunswick,dieppe-nb,750000.0,0.0,,,Land/Lot
New Brunswick,dieppe-nb,335000.0,0.0,,,Land/Lot
New Brunswick,dieppe-nb,295000.0,0.0,,,Land/Lot
New Brunswick,dieppe-nb,255000.0,0.0,,,Land/Lot
New Brunswick,dieppe-nb,350000.0,0.0,,,Land/Lot
New Brunswick,dieppe-nb,295000.0,0.0,,,Land/Lot
New Brunswick,dieppe-nb,295000.0,0.0,,,Land/Lot
New Brunswick,dieppe-nb,295000.0,0.0,,,Land/Lot
New Brunswick,dieppe-nb,375000.0,0.0,,,Land/Lot
New Brunswick,dieppe-nb,255000.0,0.0,,,Land/Lot
New Brunswick,dieppe-nb,245000.0,0.0,,,Land/Lot
New Brunswick,dieppe-nb,350000.0,0.0,,,Land/Lot
New Brunswick,dieppe-nb,350000.0,0.0,,,Land/Lot
New Brunswick,dieppe-nb,255000.0,0.0,,,Land/Lot
New Brunswick,dieppe-nb,225000.0,0.0,,,Land/Lot
